verify	Test (includes calendar, Signal, Timeline, and suite truth gates)	﻿2026-09-05T23:41:05.1477058Z ##[group]Run pnpm test
verify	Test (includes calendar, Signal, Timeline, and suite truth gates)	2026-09-05T23:41:05.1477277Z ^[[36;1mpnpm test^[[0m
verify	Test (includes calendar, Signal, Timeline, and suite truth gates)	2026-09-05T23:41:05.1505616Z shell: /usr/bin/bash -e {0}
verify	Test (includes calendar, Signal, Timeline, and suite truth gates)	2026-09-05T23:41:05.1505820Z env:
verify	Test (includes calendar, Signal, Timeline, and suite truth gates)	2026-09-05T23:41:05.1506034Z   PNPM_HOME: /home/runner/setup-pnpm/node_modules/.bin
verify	Test (includes calendar, Signal, Timeline, and suite truth gates)	2026-09-05T23:41:05.1506350Z   STUDIO_REPO_PATH: /home/runner/work/app/app/studio-parity
verify	Test (includes calendar, Signal, Timeline, and suite truth gates)	2026-09-05T23:41:05.1506616Z ##[endgroup]
verify	Test (includes calendar, Signal, Timeline, and suite truth gates)	2026-09-05T23:41:05.4750772Z $ pnpm test:invite-arrival && pnpm test:truth && node --import tsx --test src/lib/drive-resumable-upload.test.ts && node --test src/server/project-drive-csp-contract.test.mjs && pnpm test:project-drive-ui
verify	Test (includes calendar, Signal, Timeline, and suite truth gates)	2026-09-05T23:41:05.8028848Z $ node --import tsx --test src/server/invite-arrival.test.ts src/lib/auth/invite-intent.test.ts
verify	Test (includes calendar, Signal, Timeline, and suite truth gates)	2026-09-05T23:41:05.8412098Z TAP version 13
verify	Test (includes calendar, Signal, Timeline, and suite truth gates)	2026-09-05T23:41:06.1139994Z # Subtest: invite intent survives URL encoding and both auth entry points
verify	Test (includes calendar, Signal, Timeline, and suite truth gates)	2026-09-05T23:41:06.1169122Z ok 1 - invite intent survives URL encoding and both auth entry points
verify	Test (includes calendar, Signal, Timeline, and suite truth gates)	2026-09-05T23:41:06.1187182Z   ---
verify	Test (includes calendar, Signal, Timeline, and suite truth gates)	2026-09-05T23:41:06.1188560Z   duration_ms: 1.400777
verify	Test (includes calendar, Signal, Timeline, and suite truth gates)	2026-09-05T23:41:06.1199139Z   type: 'test'
verify	Test (includes calendar, Signal, Timeline, and suite truth gates)	2026-09-05T23:41:06.1199550Z   ...
verify	Test (includes calendar, Signal, Timeline, and suite truth gates)	2026-09-05T23:41:06.1200242Z # Subtest: external, ambiguous and non-invite redirects cannot override auth
verify	Test (includes calendar, Signal, Timeline, and suite truth gates)	2026-09-05T23:41:06.1200927Z ok 2 - external, ambiguous and non-invite redirects cannot override auth
verify	Test (includes calendar, Signal, Timeline, and suite truth gates)	2026-09-05T23:41:06.1201515Z   ---
verify	Test (includes calendar, Signal, Timeline, and suite truth gates)	2026-09-05T23:41:06.1201839Z   duration_ms: 0.296918
verify	Test (includes calendar, Signal, Timeline, and suite truth gates)	2026-09-05T23:41:06.1202221Z   type: 'test'
verify	Test (includes calendar, Signal, Timeline, and suite truth gates)	2026-09-05T23:41:06.1202584Z   ...
verify	Test (includes calendar, Signal, Timeline, and suite truth gates)	2026-09-05T23:41:07.2442165Z # Subtest: accept B replaces stale A preferences and returns canonical My work in B
verify	Test (includes calendar, Signal, Timeline, and suite truth gates)	2026-09-05T23:41:07.2447754Z ok 3 - accept B replaces stale A preferences and returns canonical My work in B
verify	Test (includes calendar, Signal, Timeline, and suite truth gates)	2026-09-05T23:41:07.2458126Z   ---
verify	Test (includes calendar, Signal, Timeline, and suite truth gates)	2026-09-05T23:41:07.2458703Z   duration_ms: 724.762777
verify	Test (includes calendar, Signal, Timeline, and suite truth gates)	2026-09-05T23:41:07.2459116Z   type: 'test'
verify	Test (includes calendar, Signal, Timeline, and suite truth gates)	2026-09-05T23:41:07.2459483Z   ...
verify	Test (includes calendar, Signal, Timeline, and suite truth gates)	2026-09-05T23:41:07.2460086Z # Subtest: acceptance keeps its exact Drive intent when provider dispatch fails after commit
verify	Test (includes calendar, Signal, Timeline, and suite truth gates)	2026-09-05T23:41:07.2460848Z ok 4 - acceptance keeps its exact Drive intent when provider dispatch fails after commit
verify	Test (includes calendar, Signal, Timeline, and suite truth gates)	2026-09-05T23:41:07.2461199Z   ---
verify	Test (includes calendar, Signal, Timeline, and suite truth gates)	2026-09-05T23:41:07.2461366Z   duration_ms: 19.845345
verify	Test (includes calendar, Signal, Timeline, and suite truth gates)	2026-09-05T23:41:07.2461562Z   type: 'test'
verify	Test (includes calendar, Signal, Timeline, and suite truth gates)	2026-09-05T23:41:07.2461734Z   ...
verify	Test (includes calendar, Signal, Timeline, and suite truth gates)	2026-09-05T23:41:07.2462212Z # Subtest: wrong-account acceptance leaves membership, token and preferences untouched
verify	Test (includes calendar, Signal, Timeline, and suite truth gates)	2026-09-05T23:41:07.2462848Z ok 5 - wrong-account acceptance leaves membership, token and preferences untouched
verify	Test (includes calendar, Signal, Timeline, and suite truth gates)	2026-09-05T23:41:07.2463194Z   ---
verify	Test (includes calendar, Signal, Timeline, and suite truth gates)	2026-09-05T23:41:07.2463382Z   duration_ms: 12.804866
verify	Test (includes calendar, Signal, Timeline, and suite truth gates)	2026-09-05T23:41:07.2463567Z   type: 'test'
verify	Test (includes calendar, Signal, Timeline, and suite truth gates)	2026-09-05T23:41:07.2463732Z   ...
verify	Test (includes calendar, Signal, Timeline, and suite truth gates)	2026-09-05T23:41:07.2464062Z # Subtest: unverified primary email cannot accept, even when the address matches
verify	Test (includes calendar, Signal, Timeline, and suite truth gates)	2026-09-05T23:41:07.2464516Z ok 6 - unverified primary email cannot accept, even when the address matches
verify	Test (includes calendar, Signal, Timeline, and suite truth gates)	2026-09-05T23:41:07.2464805Z   ---
verify	Test (includes calendar, Signal, Timeline, and suite truth gates)	2026-09-05T23:41:07.2464972Z   duration_ms: 9.335335
verify	Test (includes calendar, Signal, Timeline, and suite truth gates)	2026-09-05T23:41:07.2465155Z   type: 'test'
verify	Test (includes calendar, Signal, Timeline, and suite truth gates)	2026-09-05T23:41:07.2465319Z   ...
verify	Test (includes calendar, Signal, Timeline, and suite truth gates)	2026-09-05T23:41:07.2465579Z # Subtest: signed-out acceptance leaves all state untouched
verify	Test (includes calendar, Signal, Timeline, and suite truth gates)	2026-09-05T23:41:07.2465922Z ok 7 - signed-out acceptance leaves all state untouched
verify	Test (includes calendar, Signal, Timeline, and suite truth gates)	2026-09-05T23:41:07.2466160Z   ---
verify	Test (includes calendar, Signal, Timeline, and suite truth gates)	2026-09-05T23:41:07.2466313Z   duration_ms: 9.327204
verify	Test (includes calendar, Signal, Timeline, and suite truth gates)	2026-09-05T23:41:07.2466499Z   type: 'test'
verify	Test (includes calendar, Signal, Timeline, and suite truth gates)	2026-09-05T23:41:07.2466661Z   ...
verify	Test (includes calendar, Signal, Timeline, and suite truth gates)	2026-09-05T23:41:07.3694332Z # Subtest: revoked invite fails at or after its expiry boundary
verify	Test (includes calendar, Signal, Timeline, and suite truth gates)	2026-09-05T23:41:07.3698772Z ok 8 - revoked invite fails at or after its expiry boundary
verify	Test (includes calendar, Signal, Timeline, and suite truth gates)	2026-09-05T23:41:07.3706196Z   ---
verify	Test (includes calendar, Signal, Timeline, and suite truth gates)	2026-09-05T23:41:07.3706502Z   duration_ms: 47.968646
verify	Test (includes calendar, Signal, Timeline, and suite truth gates)	2026-09-05T23:41:07.3706820Z   type: 'test'
verify	Test (includes calendar, Signal, Timeline, and suite truth gates)	2026-09-05T23:41:07.3707081Z   ...
verify	Test (includes calendar, Signal, Timeline, and suite truth gates)	2026-09-05T23:41:07.3707708Z # Subtest: revocation while acceptance is resolving identity cannot be bypassed
verify	Test (includes calendar, Signal, Timeline, and suite truth gates)	2026-09-05T23:41:07.3708680Z ok 9 - revocation while acceptance is resolving identity cannot be bypassed
verify	Test (includes calendar, Signal, Timeline, and suite truth gates)	2026-09-05T23:41:07.3709109Z   ---
verify	Test (includes calendar, Signal, Timeline, and suite truth gates)	2026-09-05T23:41:07.3709285Z   duration_ms: 13.761808
verify	Test (includes calendar, Signal, Timeline, and suite truth gates)	2026-09-05T23:41:07.3710137Z   type: 'test'
verify	Test (includes calendar, Signal, Timeline, and suite truth gates)	2026-09-05T23:41:07.3710379Z   ...
verify	Test (includes calendar, Signal, Timeline, and suite truth gates)	2026-09-05T23:41:07.3710793Z # Subtest: an archived project cannot be joined or selected
verify	Test (includes calendar, Signal, Timeline, and suite truth gates)	2026-09-05T23:41:07.3711375Z ok 10 - an archived project cannot be joined or selected
verify	Test (includes calendar, Signal, Timeline, and suite truth gates)	2026-09-05T23:41:07.3711749Z   ---
verify	Test (includes calendar, Signal, Timeline, and suite truth gates)	2026-09-05T23:41:07.3711982Z   duration_ms: 12.842271
verify	Test (includes calendar, Signal, Timeline, and suite truth gates)	2026-09-05T23:41:07.3712167Z   type: 'test'
verify	Test (includes calendar, Signal, Timeline, and suite truth gates)	2026-09-05T23:41:07.3712328Z   ...
verify	Test (includes calendar, Signal, Timeline, and suite truth gates)	2026-09-05T23:41:07.3712655Z # Subtest: replay cannot rejoin after membership is removed or change preferences
verify	Test (includes calendar, Signal, Timeline, and suite truth gates)	2026-09-05T23:41:07.3713301Z ok 11 - replay cannot rejoin after membership is removed or change preferences
verify	Test (includes calendar, Signal, Timeline, and suite truth gates)	2026-09-05T23:41:07.3713598Z   ---
verify	Test (includes calendar, Signal, Timeline, and suite truth gates)	2026-09-05T23:41:07.3713773Z   duration_ms: 16.54162
verify	Test (includes calendar, Signal, Timeline, and suite truth gates)	2026-09-05T23:41:07.3713975Z   type: 'test'
verify	Test (includes calendar, Signal, Timeline, and suite truth gates)	2026-09-05T23:41:07.3714140Z   ...
verify	Test (includes calendar, Signal, Timeline, and suite truth gates)	2026-09-05T23:41:07.3714470Z # Subtest: an audit failure rolls membership and token consumption back together
verify	Test (includes calendar, Signal, Timeline, and suite truth gates)	2026-09-05T23:41:07.3714925Z ok 12 - an audit failure rolls membership and token consumption back together
verify	Test (includes calendar, Signal, Timeline, and suite truth gates)	2026-09-05T23:41:07.3715217Z   ---
verify	Test (includes calendar, Signal, Timeline, and suite truth gates)	2026-09-05T23:41:07.3715377Z   duration_ms: 16.33853
verify	Test (includes calendar, Signal, Timeline, and suite truth gates)	2026-09-05T23:41:07.3715568Z   type: 'test'
verify	Test (includes calendar, Signal, Timeline, and suite truth gates)	2026-09-05T23:41:07.3715730Z   ...
verify	Test (includes calendar, Signal, Timeline, and suite truth gates)	2026-09-05T23:41:07.3716148Z # Subtest: a request that read the token before another acceptance cannot replay it
verify	Test (includes calendar, Signal, Timeline, and suite truth gates)	2026-09-05T23:41:07.3716693Z ok 13 - a request that read the token before another acceptance cannot replay it
verify	Test (includes calendar, Signal, Timeline, and suite truth gates)	2026-09-05T23:41:07.3716986Z   ---
verify	Test (includes calendar, Signal, Timeline, and suite truth gates)	2026-09-05T23:41:07.3717144Z   duration_ms: 24.880265
verify	Test (includes calendar, Signal, Timeline, and suite truth gates)	2026-09-05T23:41:07.3717339Z   type: 'test'
verify	Test (includes calendar, Signal, Timeline, and suite truth gates)	2026-09-05T23:41:07.3717496Z   ...
verify	Test (includes calendar, Signal, Timeline, and suite truth gates)	2026-09-05T23:41:07.3717849Z # Subtest: existing membership keeps its role and the audit records that actual role
verify	Test (includes calendar, Signal, Timeline, and suite truth gates)	2026-09-05T23:41:07.3718477Z ok 14 - existing membership keeps its role and the audit records that actual role
verify	Test (includes calendar, Signal, Timeline, and suite truth gates)	2026-09-05T23:41:07.3718779Z   ---
verify	Test (includes calendar, Signal, Timeline, and suite truth gates)	2026-09-05T23:41:07.3718942Z   duration_ms: 14.872237
verify	Test (includes calendar, Signal, Timeline, and suite truth gates)	2026-09-05T23:41:07.3719124Z   type: 'test'
verify	Test (includes calendar, Signal, Timeline, and suite truth gates)	2026-09-05T23:41:07.3719346Z   ...
verify	Test (includes calendar, Signal, Timeline, and suite truth gates)	2026-09-05T23:41:07.5247046Z # Subtest: GET preview follows verified Clerk email despite a stale local mirror and does not consume state
verify	Test (includes calendar, Signal, Timeline, and suite truth gates)	2026-09-05T23:41:07.5247811Z ok 15 - GET preview follows verified Clerk email despite a stale local mirror and does not consume state
verify	Test (includes calendar, Signal, Timeline, and suite truth gates)	2026-09-05T23:41:07.5248177Z   ---
verify	Test (includes calendar, Signal, Timeline, and suite truth gates)	2026-09-05T23:41:07.5248560Z   duration_ms: 95.031765
verify	Test (includes calendar, Signal, Timeline, and suite truth gates)	2026-09-05T23:41:07.5248869Z   type: 'test'
verify	Test (includes calendar, Signal, Timeline, and suite truth gates)	2026-09-05T23:41:07.5249111Z   ...
verify	Test (includes calendar, Signal, Timeline, and suite truth gates)	2026-09-05T23:41:07.5249739Z # Subtest: wrong-account GET hides the invited email and preserves intent through account switching
verify	Test (includes calendar, Signal, Timeline, and suite truth gates)	2026-09-05T23:41:07.5250649Z ok 16 - wrong-account GET hides the invited email and preserves intent through account switching
verify	Test (includes calendar, Signal, Timeline, and suite truth gates)	2026-09-05T23:41:07.5251141Z   ---
verify	Test (includes calendar, Signal, Timeline, and suite truth gates)	2026-09-05T23:41:07.5251366Z   duration_ms: 12.461249
verify	Test (includes calendar, Signal, Timeline, and suite truth gates)	2026-09-05T23:41:07.5251640Z   type: 'test'
verify	Test (includes calendar, Signal, Timeline, and suite truth gates)	2026-09-05T23:41:07.5251878Z   ...
verify	Test (includes calendar, Signal, Timeline, and suite truth gates)	2026-09-05T23:41:07.5252316Z # Subtest: unverified and signed-out GETs cannot offer acceptance
verify	Test (includes calendar, Signal, Timeline, and suite truth gates)	2026-09-05T23:41:07.5252915Z ok 17 - unverified and signed-out GETs cannot offer acceptance
verify	Test (includes calendar, Signal, Timeline, and suite truth gates)	2026-09-05T23:41:07.5253310Z   ---
verify	Test (includes calendar, Signal, Timeline, and suite truth gates)	2026-09-05T23:41:07.5253537Z   duration_ms: 12.02155
verify	Test (includes calendar, Signal, Timeline, and suite truth gates)	2026-09-05T23:41:07.5253805Z   type: 'test'
verify	Test (includes calendar, Signal, Timeline, and suite truth gates)	2026-09-05T23:41:07.5254091Z   ...
verify	Test (includes calendar, Signal, Timeline, and suite truth gates)	2026-09-05T23:41:07.5254753Z # Subtest: used invite GET links only its accepting account with current membership to B, without writing cookies
verify	Test (includes calendar, Signal, Timeline, and suite truth gates)	2026-09-05T23:41:07.5255827Z ok 18 - used invite GET links only its accepting account with current membership to B, without writing cookies
verify	Test (includes calendar, Signal, Timeline, and suite truth gates)	2026-09-05T23:41:07.5256401Z   ---
verify	Test (includes calendar, Signal, Timeline, and suite truth gates)	2026-09-05T23:41:07.5256592Z   duration_ms: 23.762155
verify	Test (includes calendar, Signal, Timeline, and suite truth gates)	2026-09-05T23:41:07.5256789Z   type: 'test'
verify	Test (includes calendar, Signal, Timeline, and suite truth gates)	2026-09-05T23:41:07.5256961Z   ...
verify	Test (includes calendar, Signal, Timeline, and suite truth gates)	2026-09-05T23:41:07.5257318Z # Subtest: revoked and missing invite GETs expose no acceptance control and consume no state
verify	Test (includes calendar, Signal, Timeline, and suite truth gates)	2026-09-05T23:41:07.5257897Z ok 19 - revoked and missing invite GETs expose no acceptance control and consume no state
verify	Test (includes calendar, Signal, Timeline, and suite truth gates)	2026-09-05T23:41:07.5258232Z   ---
verify	Test (includes calendar, Signal, Timeline, and suite truth gates)	2026-09-05T23:41:07.5258645Z   duration_ms: 13.204826
verify	Test (includes calendar, Signal, Timeline, and suite truth gates)	2026-09-05T23:41:07.5258909Z   type: 'test'
verify	Test (includes calendar, Signal, Timeline, and suite truth gates)	2026-09-05T23:41:07.5259151Z   ...
verify	Test (includes calendar, Signal, Timeline, and suite truth gates)	2026-09-05T23:41:07.5604191Z # Subtest: sign-in and sign-up retain invite intent across both auth directions
verify	Test (includes calendar, Signal, Timeline, and suite truth gates)	2026-09-05T23:41:07.5605556Z ok 20 - sign-in and sign-up retain invite intent across both auth directions
verify	Test (includes calendar, Signal, Timeline, and suite truth gates)	2026-09-05T23:41:07.5606160Z   ---
verify	Test (includes calendar, Signal, Timeline, and suite truth gates)	2026-09-05T23:41:07.5606417Z   duration_ms: 35.825386
verify	Test (includes calendar, Signal, Timeline, and suite truth gates)	2026-09-05T23:41:07.5606702Z   type: 'test'
verify	Test (includes calendar, Signal, Timeline, and suite truth gates)	2026-09-05T23:41:07.5606943Z   ...
verify	Test (includes calendar, Signal, Timeline, and suite truth gates)	2026-09-05T23:41:07.6155534Z # Subtest: client acceptance replaces the used invite with the server-authorized B destination
verify	Test (includes calendar, Signal, Timeline, and suite truth gates)	2026-09-05T23:41:07.6157092Z ok 21 - client acceptance replaces the used invite with the server-authorized B destination
verify	Test (includes calendar, Signal, Timeline, and suite truth gates)	2026-09-05T23:41:07.6161302Z   ---
verify	Test (includes calendar, Signal, Timeline, and suite truth gates)	2026-09-05T23:41:07.6161591Z   duration_ms: 17.406176
verify	Test (includes calendar, Signal, Timeline, and suite truth gates)	2026-09-05T23:41:07.6161896Z   type: 'test'
verify	Test (includes calendar, Signal, Timeline, and suite truth gates)	2026-09-05T23:41:07.6162149Z   ...
verify	Test (includes calendar, Signal, Timeline, and suite truth gates)	2026-09-05T23:41:07.6162749Z # Subtest: client refusal shows the error and never navigates to a cookie-selected project
verify	Test (includes calendar, Signal, Timeline, and suite truth gates)	2026-09-05T23:41:07.6163605Z ok 22 - client refusal shows the error and never navigates to a cookie-selected project
verify	Test (includes calendar, Signal, Timeline, and suite truth gates)	2026-09-05T23:41:07.6164276Z   ---
verify	Test (includes calendar, Signal, Timeline, and suite truth gates)	2026-09-05T23:41:07.6164580Z   duration_ms: 9.810307
verify	Test (includes calendar, Signal, Timeline, and suite truth gates)	2026-09-05T23:41:07.6164946Z   type: 'test'
verify	Test (includes calendar, Signal, Timeline, and suite truth gates)	2026-09-05T23:41:07.6165215Z   ...
verify	Test (includes calendar, Signal, Timeline, and suite truth gates)	2026-09-05T23:41:07.6165792Z # Subtest: flag-off acceptance sets both preferences before returning My work in B
verify	Test (includes calendar, Signal, Timeline, and suite truth gates)	2026-09-05T23:41:07.6166673Z ok 23 - flag-off acceptance sets both preferences before returning My work in B
verify	Test (includes calendar, Signal, Timeline, and suite truth gates)	2026-09-05T23:41:07.6167248Z   ---
verify	Test (includes calendar, Signal, Timeline, and suite truth gates)	2026-09-05T23:41:07.6167576Z   duration_ms: 13.792894
verify	Test (includes calendar, Signal, Timeline, and suite truth gates)	2026-09-05T23:41:07.6167924Z   type: 'test'
verify	Test (includes calendar, Signal, Timeline, and suite truth gates)	2026-09-05T23:41:07.6168248Z   ...
verify	Test (includes calendar, Signal, Timeline, and suite truth gates)	2026-09-05T23:41:07.6169009Z # Subtest: member-cap refusal leaves the invite and project preference untouched
verify	Test (includes calendar, Signal, Timeline, and suite truth gates)	2026-09-05T23:41:07.6169824Z ok 24 - member-cap refusal leaves the invite and project preference untouched
verify	Test (includes calendar, Signal, Timeline, and suite truth gates)	2026-09-05T23:41:07.6170380Z   ---
verify	Test (includes calendar, Signal, Timeline, and suite truth gates)	2026-09-05T23:41:07.6170689Z   duration_ms: 11.630573
verify	Test (includes calendar, Signal, Timeline, and suite truth gates)	2026-09-05T23:41:07.6171050Z   type: 'test'
verify	Test (includes calendar, Signal, Timeline, and suite truth gates)	2026-09-05T23:41:07.6171356Z   ...
verify	Test (includes calendar, Signal, Timeline, and suite truth gates)	2026-09-05T23:41:07.6171847Z # Subtest: a missing project cannot consume its orphaned invite
verify	Test (includes calendar, Signal, Timeline, and suite truth gates)	2026-09-05T23:41:07.6172542Z ok 25 - a missing project cannot consume its orphaned invite
verify	Test (includes calendar, Signal, Timeline, and suite truth gates)	2026-09-05T23:41:07.6173048Z   ---
verify	Test (includes calendar, Signal, Timeline, and suite truth gates)	2026-09-05T23:41:07.6173314Z   duration_ms: 11.768968
verify	Test (includes calendar, Signal, Timeline, and suite truth gates)	2026-09-05T23:41:07.6173675Z   type: 'test'
verify	Test (includes calendar, Signal, Timeline, and suite truth gates)	2026-09-05T23:41:07.6173994Z   ...
verify	Test (includes calendar, Signal, Timeline, and suite truth gates)	2026-09-05T23:41:07.6393386Z 1..25
verify	Test (includes calendar, Signal, Timeline, and suite truth gates)	2026-09-05T23:41:07.6393683Z # tests 25
verify	Test (includes calendar, Signal, Timeline, and suite truth gates)	2026-09-05T23:41:07.6393929Z # suites 0
verify	Test (includes calendar, Signal, Timeline, and suite truth gates)	2026-09-05T23:41:07.6394162Z # pass 25
verify	Test (includes calendar, Signal, Timeline, and suite truth gates)	2026-09-05T23:41:07.6394387Z # fail 0
verify	Test (includes calendar, Signal, Timeline, and suite truth gates)	2026-09-05T23:41:07.6394625Z # cancelled 0
verify	Test (includes calendar, Signal, Timeline, and suite truth gates)	2026-09-05T23:41:07.6394910Z # skipped 0
verify	Test (includes calendar, Signal, Timeline, and suite truth gates)	2026-09-05T23:41:07.6395154Z # todo 0
verify	Test (includes calendar, Signal, Timeline, and suite truth gates)	2026-09-05T23:41:07.6395434Z # duration_ms 1810.215171
verify	Test (includes calendar, Signal, Timeline, and suite truth gates)	2026-09-05T23:41:07.9687085Z $ pnpm test:calendar-truth && pnpm test:signal-ledger && pnpm test:timeline-owner && pnpm test:suite-url-and-switcher && node --import tsx --test src/lib/ui-wave2-contract.test.ts src/lib/ui-wave3-contract.test.ts
verify	Test (includes calendar, Signal, Timeline, and suite truth gates)	2026-09-05T23:41:08.2840961Z $ node scripts/check-hybrid-calendar-truth.mjs && node --import tsx --test src/lib/calendar-frame.test.ts src/components/hybrid/dates.test.ts
verify	Test (includes calendar, Signal, Timeline, and suite truth gates)	2026-09-05T23:41:08.3193970Z Hybrid calendar truth gate passed.
verify	Test (includes calendar, Signal, Timeline, and suite truth gates)	2026-09-05T23:41:08.3587815Z TAP version 13
verify	Test (includes calendar, Signal, Timeline, and suite truth gates)	2026-09-05T23:41:08.6914876Z # Subtest: calendar arithmetic is deterministic and date-only
verify	Test (includes calendar, Signal, Timeline, and suite truth gates)	2026-09-05T23:41:08.6918595Z ok 1 - calendar arithmetic is deterministic and date-only
verify	Test (includes calendar, Signal, Timeline, and suite truth gates)	2026-09-05T23:41:08.6919337Z   ---
verify	Test (includes calendar, Signal, Timeline, and suite truth gates)	2026-09-05T23:41:08.6920142Z   duration_ms: 0.865417
verify	Test (includes calendar, Signal, Timeline, and suite truth gates)	2026-09-05T23:41:08.6921171Z   type: 'test'
verify	Test (includes calendar, Signal, Timeline, and suite truth gates)	2026-09-05T23:41:08.6921609Z   ...
verify	Test (includes calendar, Signal, Timeline, and suite truth gates)	2026-09-05T23:41:08.6922139Z # Subtest: schedule kinds remain explicit
verify	Test (includes calendar, Signal, Timeline, and suite truth gates)	2026-09-05T23:41:08.6923140Z ok 2 - schedule kinds remain explicit
verify	Test (includes calendar, Signal, Timeline, and suite truth gates)	2026-09-05T23:41:08.6923659Z   ---
verify	Test (includes calendar, Signal, Timeline, and suite truth gates)	2026-09-05T23:41:08.6924085Z   duration_ms: 7.528659
verify	Test (includes calendar, Signal, Timeline, and suite truth gates)	2026-09-05T23:41:08.6924537Z   type: 'test'
verify	Test (includes calendar, Signal, Timeline, and suite truth gates)	2026-09-05T23:41:08.6924972Z   ...
verify	Test (includes calendar, Signal, Timeline, and suite truth gates)	2026-09-05T23:41:08.6925580Z # Subtest: range resize cannot create an inverted range
verify	Test (includes calendar, Signal, Timeline, and suite truth gates)	2026-09-05T23:41:08.6926342Z ok 3 - range resize cannot create an inverted range
verify	Test (includes calendar, Signal, Timeline, and suite truth gates)	2026-09-05T23:41:08.6926926Z   ---
verify	Test (includes calendar, Signal, Timeline, and suite truth gates)	2026-09-05T23:41:08.6927373Z   duration_ms: 0.279222
verify	Test (includes calendar, Signal, Timeline, and suite truth gates)	2026-09-05T23:41:08.6928231Z   type: 'test'
verify	Test (includes calendar, Signal, Timeline, and suite truth gates)	2026-09-05T23:41:08.6928842Z   ...
verify	Test (includes calendar, Signal, Timeline, and suite truth gates)	2026-09-05T23:41:08.6929555Z # Subtest: card labels read relative to today inside a week, absolute beyond it
verify	Test (includes calendar, Signal, Timeline, and suite truth gates)	2026-09-05T23:41:08.6930516Z ok 4 - card labels read relative to today inside a week, absolute beyond it
verify	Test (includes calendar, Signal, Timeline, and suite truth gates)	2026-09-05T23:41:08.6931166Z   ---
verify	Test (includes calendar, Signal, Timeline, and suite truth gates)	2026-09-05T23:41:08.6931610Z   duration_ms: 10.753409
verify	Test (includes calendar, Signal, Timeline, and suite truth gates)	2026-09-05T23:41:08.6932094Z   type: 'test'
verify	Test (includes calendar, Signal, Timeline, and suite truth gates)	2026-09-05T23:41:08.6932522Z   ...
verify	Test (includes calendar, Signal, Timeline, and suite truth gates)	2026-09-05T23:41:08.6933168Z # Subtest: due today is distinct from overdue and yields to completion
verify	Test (includes calendar, Signal, Timeline, and suite truth gates)	2026-09-05T23:41:08.6934308Z ok 5 - due today is distinct from overdue and yields to completion
verify	Test (includes calendar, Signal, Timeline, and suite truth gates)	2026-09-05T23:41:08.6934916Z   ---
verify	Test (includes calendar, Signal, Timeline, and suite truth gates)	2026-09-05T23:41:08.6935344Z   duration_ms: 0.2439
verify	Test (includes calendar, Signal, Timeline, and suite truth gates)	2026-09-05T23:41:08.6935793Z   type: 'test'
verify	Test (includes calendar, Signal, Timeline, and suite truth gates)	2026-09-05T23:41:08.6936225Z   ...
verify	Test (includes calendar, Signal, Timeline, and suite truth gates)	2026-09-05T23:41:08.6944314Z # Subtest: completed historical work is not labelled overdue
verify	Test (includes calendar, Signal, Timeline, and suite truth gates)	2026-09-05T23:41:08.6949113Z ok 6 - completed historical work is not labelled overdue
verify	Test (includes calendar, Signal, Timeline, and suite truth gates)	2026-09-05T23:41:08.6949821Z   ---
verify	Test (includes calendar, Signal, Timeline, and suite truth gates)	2026-09-05T23:41:08.6950225Z   duration_ms: 0.117483
verify	Test (includes calendar, Signal, Timeline, and suite truth gates)	2026-09-05T23:41:08.6950678Z   type: 'test'
verify	Test (includes calendar, Signal, Timeline, and suite truth gates)	2026-09-05T23:41:08.6951093Z   ...
verify	Test (includes calendar, Signal, Timeline, and suite truth gates)	2026-09-05T23:41:08.6951707Z # Subtest: the card sentence never calls finished work overdue
verify	Test (includes calendar, Signal, Timeline, and suite truth gates)	2026-09-05T23:41:08.6952467Z ok 7 - the card sentence never calls finished work overdue
verify	Test (includes calendar, Signal, Timeline, and suite truth gates)	2026-09-05T23:41:08.6953005Z   ---
verify	Test (includes calendar, Signal, Timeline, and suite truth gates)	2026-09-05T23:41:08.6953416Z   duration_ms: 0.470384
verify	Test (includes calendar, Signal, Timeline, and suite truth gates)	2026-09-05T23:41:08.6953855Z   type: 'test'
verify	Test (includes calendar, Signal, Timeline, and suite truth gates)	2026-09-05T23:41:08.6954276Z   ...
verify	Test (includes calendar, Signal, Timeline, and suite truth gates)	2026-09-05T23:41:08.6954913Z # Subtest: a completion date makes the card sentence a receipt
verify	Test (includes calendar, Signal, Timeline, and suite truth gates)	2026-09-05T23:41:08.6955719Z ok 8 - a completion date makes the card sentence a receipt
verify	Test (includes calendar, Signal, Timeline, and suite truth gates)	2026-09-05T23:41:08.6956292Z   ---
verify	Test (includes calendar, Signal, Timeline, and suite truth gates)	2026-09-05T23:41:08.6956707Z   duration_ms: 0.410816
verify	Test (includes calendar, Signal, Timeline, and suite truth gates)	2026-09-05T23:41:08.6957121Z   type: 'test'
verify	Test (includes calendar, Signal, Timeline, and suite truth gates)	2026-09-05T23:41:08.6957536Z   ...
verify	Test (includes calendar, Signal, Timeline, and suite truth gates)	2026-09-05T23:41:08.6958088Z # Subtest: open milestones read in explicit grammar
verify	Test (includes calendar, Signal, Timeline, and suite truth gates)	2026-09-05T23:41:08.6958905Z ok 9 - open milestones read in explicit grammar
verify	Test (includes calendar, Signal, Timeline, and suite truth gates)	2026-09-05T23:41:08.6959456Z   ---
verify	Test (includes calendar, Signal, Timeline, and suite truth gates)	2026-09-05T23:41:08.6959891Z   duration_ms: 0.441271
verify	Test (includes calendar, Signal, Timeline, and suite truth gates)	2026-09-05T23:41:08.6960290Z   type: 'test'
verify	Test (includes calendar, Signal, Timeline, and suite truth gates)	2026-09-05T23:41:08.6960684Z   ...
verify	Test (includes calendar, Signal, Timeline, and suite truth gates)	2026-09-05T23:41:08.7097800Z # Subtest: calendar frame derives today in the server-selected timezone
verify	Test (includes calendar, Signal, Timeline, and suite truth gates)	2026-09-05T23:41:08.7099134Z ok 10 - calendar frame derives today in the server-selected timezone
verify	Test (includes calendar, Signal, Timeline, and suite truth gates)	2026-09-05T23:41:08.7099608Z   ---
verify	Test (includes calendar, Signal, Timeline, and suite truth gates)	2026-09-05T23:41:08.7099866Z   duration_ms: 17.892514
verify	Test (includes calendar, Signal, Timeline, and suite truth gates)	2026-09-05T23:41:08.7100328Z   type: 'test'
verify	Test (includes calendar, Signal, Timeline, and suite truth gates)	2026-09-05T23:41:08.7100598Z   ...
verify	Test (includes calendar, Signal, Timeline, and suite truth gates)	2026-09-05T23:41:08.7103369Z # Subtest: review frame is deliberately pinned and finite
verify	Test (includes calendar, Signal, Timeline, and suite truth gates)	2026-09-05T23:41:08.7103957Z ok 11 - review frame is deliberately pinned and finite
verify	Test (includes calendar, Signal, Timeline, and suite truth gates)	2026-09-05T23:41:08.7104346Z   ---
verify	Test (includes calendar, Signal, Timeline, and suite truth gates)	2026-09-05T23:41:08.7104593Z   duration_ms: 0.231562
verify	Test (includes calendar, Signal, Timeline, and suite truth gates)	2026-09-05T23:41:08.7104911Z   type: 'test'
verify	Test (includes calendar, Signal, Timeline, and suite truth gates)	2026-09-05T23:41:08.7105094Z   ...
verify	Test (includes calendar, Signal, Timeline, and suite truth gates)	2026-09-05T23:41:08.7105429Z # Subtest: due date plus duration preserves a range without a floating anchor
verify	Test (includes calendar, Signal, Timeline, and suite truth gates)	2026-09-05T23:41:08.7105876Z ok 12 - due date plus duration preserves a range without a floating anchor
verify	Test (includes calendar, Signal, Timeline, and suite truth gates)	2026-09-05T23:41:08.7106187Z   ---
verify	Test (includes calendar, Signal, Timeline, and suite truth gates)	2026-09-05T23:41:08.7106353Z   duration_ms: 0.961188
verify	Test (includes calendar, Signal, Timeline, and suite truth gates)	2026-09-05T23:41:08.7106541Z   type: 'test'
verify	Test (includes calendar, Signal, Timeline, and suite truth gates)	2026-09-05T23:41:08.7106890Z   ...
verify	Test (includes calendar, Signal, Timeline, and suite truth gates)	2026-09-05T23:41:08.7107333Z # Subtest: ambiguous legacy offsets stay unscheduled without a real period
verify	Test (includes calendar, Signal, Timeline, and suite truth gates)	2026-09-05T23:41:08.7107967Z ok 13 - ambiguous legacy offsets stay unscheduled without a real period
verify	Test (includes calendar, Signal, Timeline, and suite truth gates)	2026-09-05T23:41:08.7108476Z   ---
verify	Test (includes calendar, Signal, Timeline, and suite truth gates)	2026-09-05T23:41:08.7108702Z   duration_ms: 0.139165
verify	Test (includes calendar, Signal, Timeline, and suite truth gates)	2026-09-05T23:41:08.7108905Z   type: 'test'
verify	Test (includes calendar, Signal, Timeline, and suite truth gates)	2026-09-05T23:41:08.7109070Z   ...
verify	Test (includes calendar, Signal, Timeline, and suite truth gates)	2026-09-05T23:41:08.7109404Z # Subtest: legacy offsets use an explicit planning-period start when available
verify	Test (includes calendar, Signal, Timeline, and suite truth gates)	2026-09-05T23:41:08.7109879Z ok 14 - legacy offsets use an explicit planning-period start when available
verify	Test (includes calendar, Signal, Timeline, and suite truth gates)	2026-09-05T23:41:08.7110176Z   ---
verify	Test (includes calendar, Signal, Timeline, and suite truth gates)	2026-09-05T23:41:08.7110343Z   duration_ms: 0.137433
verify	Test (includes calendar, Signal, Timeline, and suite truth gates)	2026-09-05T23:41:08.7110526Z   type: 'test'
verify	Test (includes calendar, Signal, Timeline, and suite truth gates)	2026-09-05T23:41:08.7110683Z   ...
verify	Test (includes calendar, Signal, Timeline, and suite truth gates)	2026-09-05T23:41:08.7110982Z # Subtest: range writes remain stable without a planning-period anchor
verify	Test (includes calendar, Signal, Timeline, and suite truth gates)	2026-09-05T23:41:08.7111775Z ok 15 - range writes remain stable without a planning-period anchor
verify	Test (includes calendar, Signal, Timeline, and suite truth gates)	2026-09-05T23:41:08.7112044Z   ---
verify	Test (includes calendar, Signal, Timeline, and suite truth gates)	2026-09-05T23:41:08.7112207Z   duration_ms: 0.219614
verify	Test (includes calendar, Signal, Timeline, and suite truth gates)	2026-09-05T23:41:08.7112387Z   type: 'test'
verify	Test (includes calendar, Signal, Timeline, and suite truth gates)	2026-09-05T23:41:08.7112547Z   ...
verify	Test (includes calendar, Signal, Timeline, and suite truth gates)	2026-09-05T23:41:08.7113047Z # Subtest: range writes retain the legacy offset when a real period exists
verify	Test (includes calendar, Signal, Timeline, and suite truth gates)	2026-09-05T23:41:08.7113683Z ok 16 - range writes retain the legacy offset when a real period exists
verify	Test (includes calendar, Signal, Timeline, and suite truth gates)	2026-09-05T23:41:08.7114198Z   ---
verify	Test (includes calendar, Signal, Timeline, and suite truth gates)	2026-09-05T23:41:08.7114443Z   duration_ms: 0.18973
verify	Test (includes calendar, Signal, Timeline, and suite truth gates)	2026-09-05T23:41:08.7114783Z   type: 'test'
verify	Test (includes calendar, Signal, Timeline, and suite truth gates)	2026-09-05T23:41:08.7115037Z   ...
verify	Test (includes calendar, Signal, Timeline, and suite truth gates)	2026-09-05T23:41:08.7115288Z 1..16
verify	Test (includes calendar, Signal, Timeline, and suite truth gates)	2026-09-05T23:41:08.7115505Z # tests 16
verify	Test (includes calendar, Signal, Timeline, and suite truth gates)	2026-09-05T23:41:08.7115793Z # suites 0
verify	Test (includes calendar, Signal, Timeline, and suite truth gates)	2026-09-05T23:41:08.7116030Z # pass 16
verify	Test (includes calendar, Signal, Timeline, and suite truth gates)	2026-09-05T23:41:08.7116245Z # fail 0
verify	Test (includes calendar, Signal, Timeline, and suite truth gates)	2026-09-05T23:41:08.7116497Z # cancelled 0
verify	Test (includes calendar, Signal, Timeline, and suite truth gates)	2026-09-05T23:41:08.7116772Z # skipped 0
verify	Test (includes calendar, Signal, Timeline, and suite truth gates)	2026-09-05T23:41:08.7117012Z # todo 0
verify	Test (includes calendar, Signal, Timeline, and suite truth gates)	2026-09-05T23:41:08.7117292Z # duration_ms 362.20612
verify	Test (includes calendar, Signal, Timeline, and suite truth gates)	2026-09-05T23:41:09.0368863Z $ node --import tsx --test src/modules/signal/lib/analytics/ledger-contract.test.ts src/modules/signal/lib/analytics/ledger-adapters.test.ts src/modules/signal/lib/analytics/rules-safety.test.ts src/modules/signal/lib/analytics/metric-registry.test.ts src/modules/signal/lib/analytics/scope.test.ts src/modules/signal/server/analytics/origin-policy.test.ts src/modules/signal/server/analytics/pagination.test.ts && node --import tsx --import ./src/test/register-server-only.mjs --test src/modules/signal/server/analytics/providers/tasks-provider.live.test.ts src/modules/signal/server/analytics/feature-flag.test.ts src/modules/signal/server/analytics/query.test.ts
verify	Test (includes calendar, Signal, Timeline, and suite truth gates)	2026-09-05T23:41:09.0821567Z TAP version 13
verify	Test (includes calendar, Signal, Timeline, and suite truth gates)	2026-09-05T23:41:09.5191441Z # Subtest: legacy Signal ledger adapter
verify	Test (includes calendar, Signal, Timeline, and suite truth gates)	2026-09-05T23:41:09.5219712Z     # Subtest: groups exact same-title signals in the same authorized scope
verify	Test (includes calendar, Signal, Timeline, and suite truth gates)	2026-09-05T23:41:09.5269633Z     ok 1 - groups exact same-title signals in the same authorized scope
verify	Test (includes calendar, Signal, Timeline, and suite truth gates)	2026-09-05T23:41:09.5299034Z       ---
verify	Test (includes calendar, Signal, Timeline, and suite truth gates)	2026-09-05T23:41:09.5341758Z       duration_ms: 2.81867
verify	Test (includes calendar, Signal, Timeline, and suite truth gates)	2026-09-05T23:41:09.5367963Z       type: 'test'
verify	Test (includes calendar, Signal, Timeline, and suite truth gates)	2026-09-05T23:41:09.5368678Z       ...
verify	Test (includes calendar, Signal, Timeline, and suite truth gates)	2026-09-05T23:41:09.5419284Z     # Subtest: does not merge matching prose across different workspaces
verify	Test (includes calendar, Signal, Timeline, and suite truth gates)	2026-09-05T23:41:09.5425801Z     ok 2 - does not merge matching prose across different workspaces
verify	Test (includes calendar, Signal, Timeline, and suite truth gates)	2026-09-05T23:41:09.5439116Z       ---
verify	Test (includes calendar, Signal, Timeline, and suite truth gates)	2026-09-05T23:41:09.5439645Z       duration_ms: 0.229969
verify	Test (includes calendar, Signal, Timeline, and suite truth gates)	2026-09-05T23:41:09.5440174Z       type: 'test'
verify	Test (includes calendar, Signal, Timeline, and suite truth gates)	2026-09-05T23:41:09.5440629Z       ...
verify	Test (includes calendar, Signal, Timeline, and suite truth gates)	2026-09-05T23:41:09.5441233Z     # Subtest: does not merge a shared title whose observations differ
verify	Test (includes calendar, Signal, Timeline, and suite truth gates)	2026-09-05T23:41:09.5442015Z     ok 3 - does not merge a shared title whose observations differ
verify	Test (includes calendar, Signal, Timeline, and suite truth gates)	2026-09-05T23:41:09.5442626Z       ---
verify	Test (includes calendar, Signal, Timeline, and suite truth gates)	2026-09-05T23:41:09.5443068Z       duration_ms: 0.138454
verify	Test (includes calendar, Signal, Timeline, and suite truth gates)	2026-09-05T23:41:09.5443558Z       type: 'test'
verify	Test (includes calendar, Signal, Timeline, and suite truth gates)	2026-09-05T23:41:09.5443990Z       ...
verify	Test (includes calendar, Signal, Timeline, and suite truth gates)	2026-09-05T23:41:09.5444594Z     # Subtest: carries the engine's read count into the accounting
verify	Test (includes calendar, Signal, Timeline, and suite truth gates)	2026-09-05T23:41:09.5445359Z     ok 4 - carries the engine's read count into the accounting
verify	Test (includes calendar, Signal, Timeline, and suite truth gates)	2026-09-05T23:41:09.5445954Z       ---
verify	Test (includes calendar, Signal, Timeline, and suite truth gates)	2026-09-05T23:41:09.5446394Z       duration_ms: 0.337408
verify	Test (includes calendar, Signal, Timeline, and suite truth gates)	2026-09-05T23:41:09.5446872Z       type: 'test'
verify	Test (includes calendar, Signal, Timeline, and suite truth gates)	2026-09-05T23:41:09.5447298Z       ...
verify	Test (includes calendar, Signal, Timeline, and suite truth gates)	2026-09-05T23:41:09.5447932Z     # Subtest: states the denominator on a clear day instead of asserting it
verify	Test (includes calendar, Signal, Timeline, and suite truth gates)	2026-09-05T23:41:09.5448936Z     ok 5 - states the denominator on a clear day instead of asserting it
verify	Test (includes calendar, Signal, Timeline, and suite truth gates)	2026-09-05T23:41:09.5450181Z       ---
verify	Test (includes calendar, Signal, Timeline, and suite truth gates)	2026-09-05T23:41:09.5450635Z       duration_ms: 0.240455
verify	Test (includes calendar, Signal, Timeline, and suite truth gates)	2026-09-05T23:41:09.5452017Z       type: 'test'
verify	Test (includes calendar, Signal, Timeline, and suite truth gates)	2026-09-05T23:41:09.5452442Z       ...
verify	Test (includes calendar, Signal, Timeline, and suite truth gates)	2026-09-05T23:41:09.5453296Z     # Subtest: never calls an empty page an all-clear when something crossed
verify	Test (includes calendar, Signal, Timeline, and suite truth gates)	2026-09-05T23:41:09.5454120Z     ok 6 - never calls an empty page an all-clear when something crossed
verify	Test (includes calendar, Signal, Timeline, and suite truth gates)	2026-09-05T23:41:09.5454731Z       ---
verify	Test (includes calendar, Signal, Timeline, and suite truth gates)	2026-09-05T23:41:09.5455134Z       duration_ms: 0.306512
verify	Test (includes calendar, Signal, Timeline, and suite truth gates)	2026-09-05T23:41:09.5455586Z       type: 'test'
verify	Test (includes calendar, Signal, Timeline, and suite truth gates)	2026-09-05T23:41:09.5456248Z       ...
verify	Test (includes calendar, Signal, Timeline, and suite truth gates)	2026-09-05T23:41:09.5456810Z     # Subtest: signs off with the same sentence the briefing voice uses
verify	Test (includes calendar, Signal, Timeline, and suite truth gates)	2026-09-05T23:41:09.5457536Z     ok 7 - signs off with the same sentence the briefing voice uses
verify	Test (includes calendar, Signal, Timeline, and suite truth gates)	2026-09-05T23:41:09.5458047Z       ---
verify	Test (includes calendar, Signal, Timeline, and suite truth gates)	2026-09-05T23:41:09.5458556Z       duration_ms: 0.265732
verify	Test (includes calendar, Signal, Timeline, and suite truth gates)	2026-09-05T23:41:09.5458980Z       type: 'test'
verify	Test (includes calendar, Signal, Timeline, and suite truth gates)	2026-09-05T23:41:09.5459563Z       ...
verify	Test (includes calendar, Signal, Timeline, and suite truth gates)	2026-09-05T23:41:09.5460137Z     # Subtest: never signs off with an order the page does not carry out
verify	Test (includes calendar, Signal, Timeline, and suite truth gates)	2026-09-05T23:41:09.5461314Z     ok 8 - never signs off with an order the page does not carry out
verify	Test (includes calendar, Signal, Timeline, and suite truth gates)	2026-09-05T23:41:09.5461909Z       ---
verify	Test (includes calendar, Signal, Timeline, and suite truth gates)	2026-09-05T23:41:09.5462316Z       duration_ms: 1.24019
verify	Test (includes calendar, Signal, Timeline, and suite truth gates)	2026-09-05T23:41:09.5462767Z       type: 'test'
verify	Test (includes calendar, Signal, Timeline, and suite truth gates)	2026-09-05T23:41:09.5463168Z       ...
verify	Test (includes calendar, Signal, Timeline, and suite truth gates)	2026-09-05T23:41:09.5463783Z     # Subtest: does not serialize the legacy reader id or hidden focus projection
verify	Test (includes calendar, Signal, Timeline, and suite truth gates)	2026-09-05T23:41:09.5464624Z     ok 9 - does not serialize the legacy reader id or hidden focus projection
verify	Test (includes calendar, Signal, Timeline, and suite truth gates)	2026-09-05T23:41:09.5465256Z       ---
verify	Test (includes calendar, Signal, Timeline, and suite truth gates)	2026-09-05T23:41:09.5465652Z       duration_ms: 0.537573
verify	Test (includes calendar, Signal, Timeline, and suite truth gates)	2026-09-05T23:41:09.5466101Z       type: 'test'
verify	Test (includes calendar, Signal, Timeline, and suite truth gates)	2026-09-05T23:41:09.5466498Z       ...
verify	Test (includes calendar, Signal, Timeline, and suite truth gates)	2026-09-05T23:41:09.5467054Z     # Subtest: never exposes a single legacy task id in its action URL
verify	Test (includes calendar, Signal, Timeline, and suite truth gates)	2026-09-05T23:41:09.5467812Z     ok 10 - never exposes a single legacy task id in its action URL
verify	Test (includes calendar, Signal, Timeline, and suite truth gates)	2026-09-05T23:41:09.5468508Z       ---
verify	Test (includes calendar, Signal, Timeline, and suite truth gates)	2026-09-05T23:41:09.5468910Z       duration_ms: 3.690556
verify	Test (includes calendar, Signal, Timeline, and suite truth gates)	2026-09-05T23:41:09.5469358Z       type: 'test'
verify	Test (includes calendar, Signal, Timeline, and suite truth gates)	2026-09-05T23:41:09.5469762Z       ...
verify	Test (includes calendar, Signal, Timeline, and suite truth gates)	2026-09-05T23:41:09.5470350Z     # Subtest: maps only the opaque entry id back to an authorized Tasks receipt
verify	Test (includes calendar, Signal, Timeline, and suite truth gates)	2026-09-05T23:41:09.5471177Z     ok 11 - maps only the opaque entry id back to an authorized Tasks receipt
verify	Test (includes calendar, Signal, Timeline, and suite truth gates)	2026-09-05T23:41:09.5471781Z       ---
verify	Test (includes calendar, Signal, Timeline, and suite truth gates)	2026-09-05T23:41:09.5472168Z       duration_ms: 0.874089
verify	Test (includes calendar, Signal, Timeline, and suite truth gates)	2026-09-05T23:41:09.5472623Z       type: 'test'
verify	Test (includes calendar, Signal, Timeline, and suite truth gates)	2026-09-05T23:41:09.5473023Z       ...
verify	Test (includes calendar, Signal, Timeline, and suite truth gates)	2026-09-05T23:41:09.5473614Z     # Subtest: refuses to deep-link a task outside the rebuilt authorized scope
verify	Test (includes calendar, Signal, Timeline, and suite truth gates)	2026-09-05T23:41:09.5474462Z     ok 12 - refuses to deep-link a task outside the rebuilt authorized scope
verify	Test (includes calendar, Signal, Timeline, and suite truth gates)	2026-09-05T23:41:09.5475066Z       ---
verify	Test (includes calendar, Signal, Timeline, and suite truth gates)	2026-09-05T23:41:09.5475461Z       duration_ms: 0.314684
verify	Test (includes calendar, Signal, Timeline, and suite truth gates)	2026-09-05T23:41:09.5475902Z       type: 'test'
verify	Test (includes calendar, Signal, Timeline, and suite truth gates)	2026-09-05T23:41:09.5476290Z       ...
verify	Test (includes calendar, Signal, Timeline, and suite truth gates)	2026-09-05T23:41:09.5476722Z     1..12
verify	Test (includes calendar, Signal, Timeline, and suite truth gates)	2026-09-05T23:41:09.5477188Z ok 1 - legacy Signal ledger adapter
verify	Test (includes calendar, Signal, Timeline, and suite truth gates)	2026-09-05T23:41:09.5477785Z   ---
verify	Test (includes calendar, Signal, Timeline, and suite truth gates)	2026-09-05T23:41:09.5478228Z   duration_ms: 12.431064
verify	Test (includes calendar, Signal, Timeline, and suite truth gates)	2026-09-05T23:41:09.5478804Z   type: 'suite'
verify	Test (includes calendar, Signal, Timeline, and suite truth gates)	2026-09-05T23:41:09.5479199Z   ...
verify	Test (includes calendar, Signal, Timeline, and suite truth gates)	2026-09-05T23:41:09.5479693Z # Subtest: progressive Signal ledger adapter
verify	Test (includes calendar, Signal, Timeline, and suite truth gates)	2026-09-05T23:41:09.5480473Z     # Subtest: keeps source records behind Evidence and emits only aggregate receipts
verify	Test (includes calendar, Signal, Timeline, and suite truth gates)	2026-09-05T23:41:09.5481375Z     ok 1 - keeps source records behind Evidence and emits only aggregate receipts
verify	Test (includes calendar, Signal, Timeline, and suite truth gates)	2026-09-05T23:41:09.5482098Z       ---
verify	Test (includes calendar, Signal, Timeline, and suite truth gates)	2026-09-05T23:41:09.5482520Z       duration_ms: 21.859301
verify	Test (includes calendar, Signal, Timeline, and suite truth gates)	2026-09-05T23:41:09.5482995Z       type: 'test'
verify	Test (includes calendar, Signal, Timeline, and suite truth gates)	2026-09-05T23:41:09.5483412Z       ...
verify	Test (includes calendar, Signal, Timeline, and suite truth gates)	2026-09-05T23:41:09.5484001Z     # Subtest: counts the heading in words and closes with the briefing voice
verify	Test (includes calendar, Signal, Timeline, and suite truth gates)	2026-09-05T23:41:09.5484790Z     ok 2 - counts the heading in words and closes with the briefing voice
verify	Test (includes calendar, Signal, Timeline, and suite truth gates)	2026-09-05T23:41:09.5485383Z       ---
verify	Test (includes calendar, Signal, Timeline, and suite truth gates)	2026-09-05T23:41:09.5485771Z       duration_ms: 0.659854
verify	Test (includes calendar, Signal, Timeline, and suite truth gates)	2026-09-05T23:41:09.5486208Z       type: 'test'
verify	Test (includes calendar, Signal, Timeline, and suite truth gates)	2026-09-05T23:41:09.5486595Z       ...
verify	Test (includes calendar, Signal, Timeline, and suite truth gates)	2026-09-05T23:41:09.5487178Z     # Subtest: withholds the accounting when no provider reported a record count
verify	Test (includes calendar, Signal, Timeline, and suite truth gates)	2026-09-05T23:41:09.5487978Z     ok 3 - withholds the accounting when no provider reported a record count
verify	Test (includes calendar, Signal, Timeline, and suite truth gates)	2026-09-05T23:41:09.5488709Z       ---
verify	Test (includes calendar, Signal, Timeline, and suite truth gates)	2026-09-05T23:41:09.5489090Z       duration_ms: 0.380361
verify	Test (includes calendar, Signal, Timeline, and suite truth gates)	2026-09-05T23:41:09.5489530Z       type: 'test'
verify	Test (includes calendar, Signal, Timeline, and suite truth gates)	2026-09-05T23:41:09.5489932Z       ...
verify	Test (includes calendar, Signal, Timeline, and suite truth gates)	2026-09-05T23:41:09.5490468Z     # Subtest: sums the provider record counts on a complete read
verify	Test (includes calendar, Signal, Timeline, and suite truth gates)	2026-09-05T23:41:09.5491164Z     ok 4 - sums the provider record counts on a complete read
verify	Test (includes calendar, Signal, Timeline, and suite truth gates)	2026-09-05T23:41:09.5491877Z       ---
verify	Test (includes calendar, Signal, Timeline, and suite truth gates)	2026-09-05T23:41:09.5492233Z       duration_ms: 0.513598
verify	Test (includes calendar, Signal, Timeline, and suite truth gates)	2026-09-05T23:41:09.5492656Z       type: 'test'
verify	Test (includes calendar, Signal, Timeline, and suite truth gates)	2026-09-05T23:41:09.5493020Z       ...
verify	Test (includes calendar, Signal, Timeline, and suite truth gates)	2026-09-05T23:41:09.5493552Z     # Subtest: drops the updated segment rather than composing a placeholder
verify	Test (includes calendar, Signal, Timeline, and suite truth gates)	2026-09-05T23:41:09.5494291Z     ok 5 - drops the updated segment rather than composing a placeholder
verify	Test (includes calendar, Signal, Timeline, and suite truth gates)	2026-09-05T23:41:09.5494886Z       ---
verify	Test (includes calendar, Signal, Timeline, and suite truth gates)	2026-09-05T23:41:09.5495330Z       duration_ms: 0.294765
verify	Test (includes calendar, Signal, Timeline, and suite truth gates)	2026-09-05T23:41:09.5496037Z       type: 'test'
verify	Test (includes calendar, Signal, Timeline, and suite truth gates)	2026-09-05T23:41:09.5496464Z       ...
verify	Test (includes calendar, Signal, Timeline, and suite truth gates)	2026-09-05T23:41:09.5497040Z     # Subtest: never offers to send the reader to the page they are on
verify	Test (includes calendar, Signal, Timeline, and suite truth gates)	2026-09-05T23:41:09.5497810Z     ok 6 - never offers to send the reader to the page they are on
verify	Test (includes calendar, Signal, Timeline, and suite truth gates)	2026-09-05T23:41:09.5498549Z       ---
verify	Test (includes calendar, Signal, Timeline, and suite truth gates)	2026-09-05T23:41:09.5498974Z       duration_ms: 0.384427
verify	Test (includes calendar, Signal, Timeline, and suite truth gates)	2026-09-05T23:41:09.5499950Z       type: 'test'
verify	Test (includes calendar, Signal, Timeline, and suite truth gates)	2026-09-05T23:41:09.5500370Z       ...
verify	Test (includes calendar, Signal, Timeline, and suite truth gates)	2026-09-05T23:41:09.5500760Z     1..6
verify	Test (includes calendar, Signal, Timeline, and suite truth gates)	2026-09-05T23:41:09.5501262Z ok 2 - progressive Signal ledger adapter
verify	Test (includes calendar, Signal, Timeline, and suite truth gates)	2026-09-05T23:41:09.5501821Z   ---
verify	Test (includes calendar, Signal, Timeline, and suite truth gates)	2026-09-05T23:41:09.5502276Z   duration_ms: 24.338009
verify	Test (includes calendar, Signal, Timeline, and suite truth gates)	2026-09-05T23:41:09.5502757Z   type: 'suite'
verify	Test (includes calendar, Signal, Timeline, and suite truth gates)	2026-09-05T23:41:09.5503179Z   ...
verify	Test (includes calendar, Signal, Timeline, and suite truth gates)	2026-09-05T23:41:09.5779392Z # Subtest: the accounting never calls held-back work clear
verify	Test (includes calendar, Signal, Timeline, and suite truth gates)	2026-09-05T23:41:09.5789117Z     # Subtest: subtracts everything that crossed a rule, not just what is shown
verify	Test (includes calendar, Signal, Timeline, and suite truth gates)	2026-09-05T23:41:09.5790046Z     ok 1 - subtracts everything that crossed a rule, not just what is shown
verify	Test (includes calendar, Signal, Timeline, and suite truth gates)	2026-09-05T23:41:09.5790798Z       ---
verify	Test (includes calendar, Signal, Timeline, and suite truth gates)	2026-09-05T23:41:09.5791226Z       duration_ms: 4.537045
verify	Test (includes calendar, Signal, Timeline, and suite truth gates)	2026-09-05T23:41:09.5791672Z       type: 'test'
verify	Test (includes calendar, Signal, Timeline, and suite truth gates)	2026-09-05T23:41:09.5792095Z       ...
verify	Test (includes calendar, Signal, Timeline, and suite truth gates)	2026-09-05T23:41:09.5792623Z     # Subtest: closes the arithmetic in front of the reader
verify	Test (includes calendar, Signal, Timeline, and suite truth gates)	2026-09-05T23:41:09.5793288Z     ok 2 - closes the arithmetic in front of the reader
verify	Test (includes calendar, Signal, Timeline, and suite truth gates)	2026-09-05T23:41:09.5793837Z       ---
verify	Test (includes calendar, Signal, Timeline, and suite truth gates)	2026-09-05T23:41:09.5794247Z       duration_ms: 0.555359
verify	Test (includes calendar, Signal, Timeline, and suite truth gates)	2026-09-05T23:41:09.5794729Z       type: 'test'
verify	Test (includes calendar, Signal, Timeline, and suite truth gates)	2026-09-05T23:41:09.5811985Z       ...
verify	Test (includes calendar, Signal, Timeline, and suite truth gates)	2026-09-05T23:41:09.5813716Z     # Subtest: counts what is shown in items, not in rows
verify	Test (includes calendar, Signal, Timeline, and suite truth gates)	2026-09-05T23:41:09.5814425Z     ok 3 - counts what is shown in items, not in rows
verify	Test (includes calendar, Signal, Timeline, and suite truth gates)	2026-09-05T23:41:09.5814984Z       ---
verify	Test (includes calendar, Signal, Timeline, and suite truth gates)	2026-09-05T23:41:09.5815403Z       duration_ms: 0.284921
verify	Test (includes calendar, Signal, Timeline, and suite truth gates)	2026-09-05T23:41:09.5815868Z       type: 'test'
verify	Test (includes calendar, Signal, Timeline, and suite truth gates)	2026-09-05T23:41:09.5816297Z       ...
verify	Test (includes calendar, Signal, Timeline, and suite truth gates)	2026-09-05T23:41:09.5816911Z     # Subtest: falls back to the candidate count when no pre-cap total is given
verify	Test (includes calendar, Signal, Timeline, and suite truth gates)	2026-09-05T23:41:09.5817759Z     ok 4 - falls back to the candidate count when no pre-cap total is given
verify	Test (includes calendar, Signal, Timeline, and suite truth gates)	2026-09-05T23:41:09.5818536Z       ---
verify	Test (includes calendar, Signal, Timeline, and suite truth gates)	2026-09-05T23:41:09.5847556Z       duration_ms: 0.253874
verify	Test (includes calendar, Signal, Timeline, and suite truth gates)	2026-09-05T23:41:09.5878798Z       type: 'test'
verify	Test (includes calendar, Signal, Timeline, and suite truth gates)	2026-09-05T23:41:09.5899124Z       ...
verify	Test (includes calendar, Signal, Timeline, and suite truth gates)	2026-09-05T23:41:09.5909041Z     # Subtest: withholds the accounting rather than guessing a denominator
verify	Test (includes calendar, Signal, Timeline, and suite truth gates)	2026-09-05T23:41:09.5938979Z     ok 5 - withholds the accounting rather than guessing a denominator
verify	Test (includes calendar, Signal, Timeline, and suite truth gates)	2026-09-05T23:41:09.5958748Z       ---
verify	Test (includes calendar, Signal, Timeline, and suite truth gates)	2026-09-05T23:41:09.6010218Z       duration_ms: 0.328976
verify	Test (includes calendar, Signal, Timeline, and suite truth gates)	2026-09-05T23:41:09.6015713Z       type: 'test'
verify	Test (includes calendar, Signal, Timeline, and suite truth gates)	2026-09-05T23:41:09.6038854Z       ...
verify	Test (includes calendar, Signal, Timeline, and suite truth gates)	2026-09-05T23:41:09.6069043Z     # Subtest: never reports a negative cleared count
verify	Test (includes calendar, Signal, Timeline, and suite truth gates)	2026-09-05T23:41:09.6098886Z     ok 6 - never reports a negative cleared count
verify	Test (includes calendar, Signal, Timeline, and suite truth gates)	2026-09-05T23:41:09.6128709Z       ---
verify	Test (includes calendar, Signal, Timeline, and suite truth gates)	2026-09-05T23:41:09.6129214Z       duration_ms: 0.265933
verify	Test (includes calendar, Signal, Timeline, and suite truth gates)	2026-09-05T23:41:09.6159123Z       type: 'test'
verify	Test (includes calendar, Signal, Timeline, and suite truth gates)	2026-09-05T23:41:09.6188830Z       ...
verify	Test (includes calendar, Signal, Timeline, and suite truth gates)	2026-09-05T23:41:09.6189347Z     1..6
verify	Test (includes calendar, Signal, Timeline, and suite truth gates)	2026-09-05T23:41:09.6219063Z ok 3 - the accounting never calls held-back work clear
verify	Test (includes calendar, Signal, Timeline, and suite truth gates)	2026-09-05T23:41:09.6248869Z   ---
verify	Test (includes calendar, Signal, Timeline, and suite truth gates)	2026-09-05T23:41:09.6274147Z   duration_ms: 7.403736
verify	Test (includes calendar, Signal, Timeline, and suite truth gates)	2026-09-05T23:41:09.6298946Z   type: 'suite'
verify	Test (includes calendar, Signal, Timeline, and suite truth gates)	2026-09-05T23:41:09.6299517Z   ...
verify	Test (includes calendar, Signal, Timeline, and suite truth gates)	2026-09-05T23:41:09.6328969Z # Subtest: Signal ledger presentation contract
verify	Test (includes calendar, Signal, Timeline, and suite truth gates)	2026-09-05T23:41:09.6359036Z     # Subtest: emits only the versioned allowlisted shape and opaque ids
verify	Test (includes calendar, Signal, Timeline, and suite truth gates)	2026-09-05T23:41:09.6388996Z     ok 1 - emits only the versioned allowlisted shape and opaque ids
verify	Test (includes calendar, Signal, Timeline, and suite truth gates)	2026-09-05T23:41:09.6390087Z       ---
verify	Test (includes calendar, Signal, Timeline, and suite truth gates)	2026-09-05T23:41:09.6418795Z       duration_ms: 0.687985
verify	Test (includes calendar, Signal, Timeline, and suite truth gates)	2026-09-05T23:41:09.6448792Z       type: 'test'
verify	Test (includes calendar, Signal, Timeline, and suite truth gates)	2026-09-05T23:41:09.6478733Z       ...
verify	Test (includes calendar, Signal, Timeline, and suite truth gates)	2026-09-05T23:41:09.6479422Z     # Subtest: enforces the briefing-wide maximum of three entries
verify	Test (includes calendar, Signal, Timeline, and suite truth gates)	2026-09-05T23:41:09.6508933Z     ok 2 - enforces the briefing-wide maximum of three entries
verify	Test (includes calendar, Signal, Timeline, and suite truth gates)	2026-09-05T23:41:09.6538734Z       ---
verify	Test (includes calendar, Signal, Timeline, and suite truth gates)	2026-09-05T23:41:09.6568724Z       duration_ms: 0.491335
verify	Test (includes calendar, Signal, Timeline, and suite truth gates)	2026-09-05T23:41:09.6569607Z       type: 'test'
verify	Test (includes calendar, Signal, Timeline, and suite truth gates)	2026-09-05T23:41:09.6599000Z       ...
verify	Test (includes calendar, Signal, Timeline, and suite truth gates)	2026-09-05T23:41:09.6629086Z     # Subtest: never turns partial or unavailable coverage into a healthy empty day
verify	Test (includes calendar, Signal, Timeline, and suite truth gates)	2026-09-05T23:41:09.6658975Z     ok 3 - never turns partial or unavailable coverage into a healthy empty day
verify	Test (includes calendar, Signal, Timeline, and suite truth gates)	2026-09-05T23:41:09.6659740Z       ---
verify	Test (includes calendar, Signal, Timeline, and suite truth gates)	2026-09-05T23:41:09.6674648Z       duration_ms: 0.495231
verify	Test (includes calendar, Signal, Timeline, and suite truth gates)	2026-09-05T23:41:09.6675160Z       type: 'test'
verify	Test (includes calendar, Signal, Timeline, and suite truth gates)	2026-09-05T23:41:09.6675597Z       ...
verify	Test (includes calendar, Signal, Timeline, and suite truth gates)	2026-09-05T23:41:09.6676196Z     # Subtest: states the coverage state instead of defending the engine
verify	Test (includes calendar, Signal, Timeline, and suite truth gates)	2026-09-05T23:41:09.6677025Z     ok 4 - states the coverage state instead of defending the engine
verify	Test (includes calendar, Signal, Timeline, and suite truth gates)	2026-09-05T23:41:09.6677633Z       ---
verify	Test (includes calendar, Signal, Timeline, and suite truth gates)	2026-09-05T23:41:09.6678044Z       duration_ms: 0.597592
verify	Test (includes calendar, Signal, Timeline, and suite truth gates)	2026-09-05T23:41:09.6678662Z       type: 'test'
verify	Test (includes calendar, Signal, Timeline, and suite truth gates)	2026-09-05T23:41:09.6679081Z       ...
verify	Test (includes calendar, Signal, Timeline, and suite truth gates)	2026-09-05T23:41:09.6679839Z     # Subtest: keeps the coverage note free of the straight apostrophe
verify	Test (includes calendar, Signal, Timeline, and suite truth gates)	2026-09-05T23:41:09.6680655Z     ok 5 - keeps the coverage note free of the straight apostrophe
verify	Test (includes calendar, Signal, Timeline, and suite truth gates)	2026-09-05T23:41:09.6681258Z       ---
verify	Test (includes calendar, Signal, Timeline, and suite truth gates)	2026-09-05T23:41:09.6681675Z       duration_ms: 0.186425
verify	Test (includes calendar, Signal, Timeline, and suite truth gates)	2026-09-05T23:41:09.6682121Z       type: 'test'
verify	Test (includes calendar, Signal, Timeline, and suite truth gates)	2026-09-05T23:41:09.6682523Z       ...
verify	Test (includes calendar, Signal, Timeline, and suite truth gates)	2026-09-05T23:41:09.6683121Z     # Subtest: preserves the healthy empty state only with complete coverage
verify	Test (includes calendar, Signal, Timeline, and suite truth gates)	2026-09-05T23:41:09.6683950Z     ok 6 - preserves the healthy empty state only with complete coverage
verify	Test (includes calendar, Signal, Timeline, and suite truth gates)	2026-09-05T23:41:09.6684566Z       ---
verify	Test (includes calendar, Signal, Timeline, and suite truth gates)	2026-09-05T23:41:09.6684974Z       duration_ms: 0.186095
verify	Test (includes calendar, Signal, Timeline, and suite truth gates)	2026-09-05T23:41:09.6685436Z       type: 'test'
verify	Test (includes calendar, Signal, Timeline, and suite truth gates)	2026-09-05T23:41:09.6685838Z       ...
verify	Test (includes calendar, Signal, Timeline, and suite truth gates)	2026-09-05T23:41:09.6686454Z     # Subtest: allows only canonical product routes on the configured app origin
verify	Test (includes calendar, Signal, Timeline, and suite truth gates)	2026-09-05T23:41:09.6687313Z     ok 7 - allows only canonical product routes on the configured app origin
verify	Test (includes calendar, Signal, Timeline, and suite truth gates)	2026-09-05T23:41:09.6687931Z       ---
verify	Test (includes calendar, Signal, Timeline, and suite truth gates)	2026-09-05T23:41:09.6688441Z       duration_ms: 0.214636
verify	Test (includes calendar, Signal, Timeline, and suite truth gates)	2026-09-05T23:41:09.6688885Z       type: 'test'
verify	Test (includes calendar, Signal, Timeline, and suite truth gates)	2026-09-05T23:41:09.6689288Z       ...
verify	Test (includes calendar, Signal, Timeline, and suite truth gates)	2026-09-05T23:41:09.6689906Z     # Subtest: drops an unsafe primary action and uses an allowlisted fallback
verify	Test (includes calendar, Signal, Timeline, and suite truth gates)	2026-09-05T23:41:09.6690730Z     ok 8 - drops an unsafe primary action and uses an allowlisted fallback
verify	Test (includes calendar, Signal, Timeline, and suite truth gates)	2026-09-05T23:41:09.6691336Z       ---
verify	Test (includes calendar, Signal, Timeline, and suite truth gates)	2026-09-05T23:41:09.6691749Z       duration_ms: 0.208117
verify	Test (includes calendar, Signal, Timeline, and suite truth gates)	2026-09-05T23:41:09.6692202Z       type: 'test'
verify	Test (includes calendar, Signal, Timeline, and suite truth gates)	2026-09-05T23:41:09.6692610Z       ...
verify	Test (includes calendar, Signal, Timeline, and suite truth gates)	2026-09-05T23:41:09.6693156Z     # Subtest: keeps source identifiers out of client action URLs
verify	Test (includes calendar, Signal, Timeline, and suite truth gates)	2026-09-05T23:41:09.6693872Z     ok 9 - keeps source identifiers out of client action URLs
verify	Test (includes calendar, Signal, Timeline, and suite truth gates)	2026-09-05T23:41:09.6694438Z       ---
verify	Test (includes calendar, Signal, Timeline, and suite truth gates)	2026-09-05T23:41:09.6694841Z       duration_ms: 0.239143
verify	Test (includes calendar, Signal, Timeline, and suite truth gates)	2026-09-05T23:41:09.6695287Z       type: 'test'
verify	Test (includes calendar, Signal, Timeline, and suite truth gates)	2026-09-05T23:41:09.6695685Z       ...
verify	Test (includes calendar, Signal, Timeline, and suite truth gates)	2026-09-05T23:41:09.6696247Z     # Subtest: drops an unsafe evidence link instead of serializing it
verify	Test (includes calendar, Signal, Timeline, and suite truth gates)	2026-09-05T23:41:09.6697004Z     ok 10 - drops an unsafe evidence link instead of serializing it
verify	Test (includes calendar, Signal, Timeline, and suite truth gates)	2026-09-05T23:41:09.6697576Z       ---
verify	Test (includes calendar, Signal, Timeline, and suite truth gates)	2026-09-05T23:41:09.6697990Z       duration_ms: 0.179846
verify	Test (includes calendar, Signal, Timeline, and suite truth gates)	2026-09-05T23:41:09.6698542Z       type: 'test'
verify	Test (includes calendar, Signal, Timeline, and suite truth gates)	2026-09-05T23:41:09.6698947Z       ...
verify	Test (includes calendar, Signal, Timeline, and suite truth gates)	2026-09-05T23:41:09.6699334Z     1..10
verify	Test (includes calendar, Signal, Timeline, and suite truth gates)	2026-09-05T23:41:09.6699813Z ok 4 - Signal ledger presentation contract
verify	Test (includes calendar, Signal, Timeline, and suite truth gates)	2026-09-05T23:41:09.6700319Z   ---
verify	Test (includes calendar, Signal, Timeline, and suite truth gates)	2026-09-05T23:41:09.6700729Z   duration_ms: 4.018891
verify	Test (includes calendar, Signal, Timeline, and suite truth gates)	2026-09-05T23:41:09.6701171Z   type: 'suite'
verify	Test (includes calendar, Signal, Timeline, and suite truth gates)	2026-09-05T23:41:09.6701574Z   ...
verify	Test (includes calendar, Signal, Timeline, and suite truth gates)	2026-09-05T23:41:09.6702079Z # Subtest: metric registry
verify	Test (includes calendar, Signal, Timeline, and suite truth gates)	2026-09-05T23:41:09.6702749Z     # Subtest: covers every metric the domain calculates, and nothing it does not
verify	Test (includes calendar, Signal, Timeline, and suite truth gates)	2026-09-05T23:41:09.6703838Z     ok 1 - covers every metric the domain calculates, and nothing it does not
verify	Test (includes calendar, Signal, Timeline, and suite truth gates)	2026-09-05T23:41:09.6704481Z       ---
verify	Test (includes calendar, Signal, Timeline, and suite truth gates)	2026-09-05T23:41:09.6704881Z       duration_ms: 26.60548
verify	Test (includes calendar, Signal, Timeline, and suite truth gates)	2026-09-05T23:41:09.6705328Z       type: 'test'
verify	Test (includes calendar, Signal, Timeline, and suite truth gates)	2026-09-05T23:41:09.6705738Z       ...
verify	Test (includes calendar, Signal, Timeline, and suite truth gates)	2026-09-05T23:41:09.6706393Z     # Subtest: states a definition, version, denominator decision and limitations for each
verify	Test (includes calendar, Signal, Timeline, and suite truth gates)	2026-09-05T23:41:09.6707330Z     ok 2 - states a definition, version, denominator decision and limitations for each
verify	Test (includes calendar, Signal, Timeline, and suite truth gates)	2026-09-05T23:41:09.6708135Z       ---
verify	Test (includes calendar, Signal, Timeline, and suite truth gates)	2026-09-05T23:41:09.6708688Z       duration_ms: 0.377387
verify	Test (includes calendar, Signal, Timeline, and suite truth gates)	2026-09-05T23:41:09.6715457Z       type: 'test'
verify	Test (includes calendar, Signal, Timeline, and suite truth gates)	2026-09-05T23:41:09.6715885Z       ...
verify	Test (includes calendar, Signal, Timeline, and suite truth gates)	2026-09-05T23:41:09.6716466Z     # Subtest: names exactly the metrics that cannot be available live (R4)
verify	Test (includes calendar, Signal, Timeline, and suite truth gates)	2026-09-05T23:41:09.6717526Z     ok 3 - names exactly the metrics that cannot be available live (R4)
verify	Test (includes calendar, Signal, Timeline, and suite truth gates)	2026-09-05T23:41:09.6718152Z       ---
verify	Test (includes calendar, Signal, Timeline, and suite truth gates)	2026-09-05T23:41:09.6718669Z       duration_ms: 0.23698
verify	Test (includes calendar, Signal, Timeline, and suite truth gates)	2026-09-05T23:41:09.6719134Z       type: 'test'
verify	Test (includes calendar, Signal, Timeline, and suite truth gates)	2026-09-05T23:41:09.6719540Z       ...
verify	Test (includes calendar, Signal, Timeline, and suite truth gates)	2026-09-05T23:41:09.6720127Z     # Subtest: proves the unreachable metrics resolve unsupported, not zero
verify	Test (includes calendar, Signal, Timeline, and suite truth gates)	2026-09-05T23:41:09.6720935Z     ok 4 - proves the unreachable metrics resolve unsupported, not zero
verify	Test (includes calendar, Signal, Timeline, and suite truth gates)	2026-09-05T23:41:09.6721531Z       ---
verify	Test (includes calendar, Signal, Timeline, and suite truth gates)	2026-09-05T23:41:09.6721915Z       duration_ms: 2.815655
verify	Test (includes calendar, Signal, Timeline, and suite truth gates)	2026-09-05T23:41:09.6722471Z       type: 'test'
verify	Test (includes calendar, Signal, Timeline, and suite truth gates)	2026-09-05T23:41:09.6722921Z       ...
verify	Test (includes calendar, Signal, Timeline, and suite truth gates)	2026-09-05T23:41:09.6723637Z     # Subtest: keeps fixture capabilities aligned with live provider declarations (D-012)
verify	Test (includes calendar, Signal, Timeline, and suite truth gates)	2026-09-05T23:41:09.6724558Z     ok 5 - keeps fixture capabilities aligned with live provider declarations (D-012)
verify	Test (includes calendar, Signal, Timeline, and suite truth gates)	2026-09-05T23:41:09.6725220Z       ---
verify	Test (includes calendar, Signal, Timeline, and suite truth gates)	2026-09-05T23:41:09.6725616Z       duration_ms: 0.54237
verify	Test (includes calendar, Signal, Timeline, and suite truth gates)	2026-09-05T23:41:09.6726051Z       type: 'test'
verify	Test (includes calendar, Signal, Timeline, and suite truth gates)	2026-09-05T23:41:09.6726367Z       ...
verify	Test (includes calendar, Signal, Timeline, and suite truth gates)	2026-09-05T23:41:09.6726839Z     # Subtest: does not claim any metric as reported truth
verify	Test (includes calendar, Signal, Timeline, and suite truth gates)	2026-09-05T23:41:09.6727490Z     ok 6 - does not claim any metric as reported truth
verify	Test (includes calendar, Signal, Timeline, and suite truth gates)	2026-09-05T23:41:09.6728123Z       ---
verify	Test (includes calendar, Signal, Timeline, and suite truth gates)	2026-09-05T23:41:09.6728782Z       duration_ms: 0.14206
verify	Test (includes calendar, Signal, Timeline, and suite truth gates)	2026-09-05T23:41:09.6729281Z       type: 'test'
verify	Test (includes calendar, Signal, Timeline, and suite truth gates)	2026-09-05T23:41:09.6729738Z       ...
verify	Test (includes calendar, Signal, Timeline, and suite truth gates)	2026-09-05T23:41:09.6730165Z     1..6
verify	Test (includes calendar, Signal, Timeline, and suite truth gates)	2026-09-05T23:41:09.6730638Z ok 5 - metric registry
verify	Test (includes calendar, Signal, Timeline, and suite truth gates)	2026-09-05T23:41:09.6731106Z   ---
verify	Test (includes calendar, Signal, Timeline, and suite truth gates)	2026-09-05T23:41:09.6731514Z   duration_ms: 31.867345
verify	Test (includes calendar, Signal, Timeline, and suite truth gates)	2026-09-05T23:41:09.6732040Z   type: 'suite'
verify	Test (includes calendar, Signal, Timeline, and suite truth gates)	2026-09-05T23:41:09.6732581Z   ...
verify	Test (includes calendar, Signal, Timeline, and suite truth gates)	2026-09-05T23:41:09.9498201Z # Subtest: progressive Signal safety invariants
verify	Test (includes calendar, Signal, Timeline, and suite truth gates)	2026-09-05T23:41:09.9529318Z     # Subtest: selects no more than three grounded observations with useful actions
verify	Test (includes calendar, Signal, Timeline, and suite truth gates)	2026-09-05T23:41:09.9530124Z     ok 1 - selects no more than three grounded observations with useful actions
verify	Test (includes calendar, Signal, Timeline, and suite truth gates)	2026-09-05T23:41:09.9558958Z       ---
verify	Test (includes calendar, Signal, Timeline, and suite truth gates)	2026-09-05T23:41:09.9581888Z       duration_ms: 34.010107
verify	Test (includes calendar, Signal, Timeline, and suite truth gates)	2026-09-05T23:41:09.9582524Z       type: 'test'
verify	Test (includes calendar, Signal, Timeline, and suite truth gates)	2026-09-05T23:41:09.9617909Z       ...
verify	Test (includes calendar, Signal, Timeline, and suite truth gates)	2026-09-05T23:41:09.9651267Z     # Subtest: combines the signature cross-product issue before ranking
verify	Test (includes calendar, Signal, Timeline, and suite truth gates)	2026-09-05T23:41:09.9679330Z     ok 2 - combines the signature cross-product issue before ranking
verify	Test (includes calendar, Signal, Timeline, and suite truth gates)	2026-09-05T23:41:09.9680002Z       ---
verify	Test (includes calendar, Signal, Timeline, and suite truth gates)	2026-09-05T23:41:09.9689281Z       duration_ms: 2.028363
verify	Test (includes calendar, Signal, Timeline, and suite truth gates)	2026-09-05T23:41:09.9689721Z       type: 'test'
verify	Test (includes calendar, Signal, Timeline, and suite truth gates)	2026-09-05T23:41:09.9710578Z       ...
verify	Test (includes calendar, Signal, Timeline, and suite truth gates)	2026-09-05T23:41:09.9711202Z     # Subtest: does not manufacture concern on a healthy complete day
verify	Test (includes calendar, Signal, Timeline, and suite truth gates)	2026-09-05T23:41:09.9711959Z     ok 3 - does not manufacture concern on a healthy complete day
verify	Test (includes calendar, Signal, Timeline, and suite truth gates)	2026-09-05T23:41:09.9712613Z       ---
verify	Test (includes calendar, Signal, Timeline, and suite truth gates)	2026-09-05T23:41:09.9713031Z       duration_ms: 1.800487
verify	Test (includes calendar, Signal, Timeline, and suite truth gates)	2026-09-05T23:41:09.9713523Z       type: 'test'
verify	Test (includes calendar, Signal, Timeline, and suite truth gates)	2026-09-05T23:41:09.9713922Z       ...
verify	Test (includes calendar, Signal, Timeline, and suite truth gates)	2026-09-05T23:41:09.9714585Z     # Subtest: never emits the healthy all-clear after a provider failure
verify	Test (includes calendar, Signal, Timeline, and suite truth gates)	2026-09-05T23:41:09.9715438Z     ok 4 - never emits the healthy all-clear after a provider failure
verify	Test (includes calendar, Signal, Timeline, and suite truth gates)	2026-09-05T23:41:09.9716017Z       ---
verify	Test (includes calendar, Signal, Timeline, and suite truth gates)	2026-09-05T23:41:09.9716451Z       duration_ms: 0.728776
verify	Test (includes calendar, Signal, Timeline, and suite truth gates)	2026-09-05T23:41:09.9761325Z       type: 'test'
verify	Test (includes calendar, Signal, Timeline, and suite truth gates)	2026-09-05T23:41:09.9772397Z       ...
verify	Test (includes calendar, Signal, Timeline, and suite truth gates)	2026-09-05T23:41:09.9773107Z     # Subtest: keeps observation identifiers stable for identical evidence
verify	Test (includes calendar, Signal, Timeline, and suite truth gates)	2026-09-05T23:41:09.9773900Z     ok 5 - keeps observation identifiers stable for identical evidence
verify	Test (includes calendar, Signal, Timeline, and suite truth gates)	2026-09-05T23:41:09.9774460Z       ---
verify	Test (includes calendar, Signal, Timeline, and suite truth gates)	2026-09-05T23:41:09.9774838Z       duration_ms: 3.592351
verify	Test (includes calendar, Signal, Timeline, and suite truth gates)	2026-09-05T23:41:09.9775208Z       type: 'test'
verify	Test (includes calendar, Signal, Timeline, and suite truth gates)	2026-09-05T23:41:09.9831879Z       ...
verify	Test (includes calendar, Signal, Timeline, and suite truth gates)	2026-09-05T23:41:09.9832698Z     # Subtest: rejects candidates with no evidence or no primary action
verify	Test (includes calendar, Signal, Timeline, and suite truth gates)	2026-09-05T23:41:09.9859781Z     ok 6 - rejects candidates with no evidence or no primary action
verify	Test (includes calendar, Signal, Timeline, and suite truth gates)	2026-09-05T23:41:09.9888882Z       ---
verify	Test (includes calendar, Signal, Timeline, and suite truth gates)	2026-09-05T23:41:09.9889413Z       duration_ms: 1.60648
verify	Test (includes calendar, Signal, Timeline, and suite truth gates)	2026-09-05T23:41:09.9920262Z       type: 'test'
verify	Test (includes calendar, Signal, Timeline, and suite truth gates)	2026-09-05T23:41:09.9972664Z       ...
verify	Test (includes calendar, Signal, Timeline, and suite truth gates)	2026-09-05T23:41:09.9999176Z     # Subtest: cannot be configured above the three-observation product cap
verify	Test (includes calendar, Signal, Timeline, and suite truth gates)	2026-09-05T23:41:10.0009157Z     ok 7 - cannot be configured above the three-observation product cap
verify	Test (includes calendar, Signal, Timeline, and suite truth gates)	2026-09-05T23:41:10.0009821Z       ---
verify	Test (includes calendar, Signal, Timeline, and suite truth gates)	2026-09-05T23:41:10.0010252Z       duration_ms: 2.200427
verify	Test (includes calendar, Signal, Timeline, and suite truth gates)	2026-09-05T23:41:10.0010718Z       type: 'test'
verify	Test (includes calendar, Signal, Timeline, and suite truth gates)	2026-09-05T23:41:10.0011124Z       ...
verify	Test (includes calendar, Signal, Timeline, and suite truth gates)	2026-09-05T23:41:10.0011484Z     1..7
verify	Test (includes calendar, Signal, Timeline, and suite truth gates)	2026-09-05T23:41:10.0011977Z ok 6 - progressive Signal safety invariants
verify	Test (includes calendar, Signal, Timeline, and suite truth gates)	2026-09-05T23:41:10.0012488Z   ---
verify	Test (includes calendar, Signal, Timeline, and suite truth gates)	2026-09-05T23:41:10.0012868Z   duration_ms: 46.995309
verify	Test (includes calendar, Signal, Timeline, and suite truth gates)	2026-09-05T23:41:10.0013300Z   type: 'suite'
verify	Test (includes calendar, Signal, Timeline, and suite truth gates)	2026-09-05T23:41:10.0013678Z   ...
verify	Test (includes calendar, Signal, Timeline, and suite truth gates)	2026-09-05T23:41:10.0014226Z # Subtest: rule actions point only at routes that exist
verify	Test (includes calendar, Signal, Timeline, and suite truth gates)	2026-09-05T23:41:10.0014847Z     # Subtest: mints no action to an unserved route
verify	Test (includes calendar, Signal, Timeline, and suite truth gates)	2026-09-05T23:41:10.0015422Z     ok 1 - mints no action to an unserved route
verify	Test (includes calendar, Signal, Timeline, and suite truth gates)	2026-09-05T23:41:10.0015914Z       ---
verify	Test (includes calendar, Signal, Timeline, and suite truth gates)	2026-09-05T23:41:10.0016289Z       duration_ms: 1.548805
verify	Test (includes calendar, Signal, Timeline, and suite truth gates)	2026-09-05T23:41:10.0016718Z       type: 'test'
verify	Test (includes calendar, Signal, Timeline, and suite truth gates)	2026-09-05T23:41:10.0017088Z       ...
verify	Test (includes calendar, Signal, Timeline, and suite truth gates)	2026-09-05T23:41:10.0017571Z     # Subtest: never mints /app/trends, which does not exist
verify	Test (includes calendar, Signal, Timeline, and suite truth gates)	2026-09-05T23:41:10.0018232Z     ok 2 - never mints /app/trends, which does not exist
verify	Test (includes calendar, Signal, Timeline, and suite truth gates)	2026-09-05T23:41:10.0018872Z       ---
verify	Test (includes calendar, Signal, Timeline, and suite truth gates)	2026-09-05T23:41:10.0019265Z       duration_ms: 2.220457
verify	Test (includes calendar, Signal, Timeline, and suite truth gates)	2026-09-05T23:41:10.0019707Z       type: 'test'
verify	Test (includes calendar, Signal, Timeline, and suite truth gates)	2026-09-05T23:41:10.0020084Z       ...
verify	Test (includes calendar, Signal, Timeline, and suite truth gates)	2026-09-05T23:41:10.0020655Z     # Subtest: leaves every surviving candidate a working primary action
verify	Test (includes calendar, Signal, Timeline, and suite truth gates)	2026-09-05T23:41:10.0021459Z     ok 3 - leaves every surviving candidate a working primary action
verify	Test (includes calendar, Signal, Timeline, and suite truth gates)	2026-09-05T23:41:10.0022032Z       ---
verify	Test (includes calendar, Signal, Timeline, and suite truth gates)	2026-09-05T23:41:10.0022431Z       duration_ms: 1.337544
verify	Test (includes calendar, Signal, Timeline, and suite truth gates)	2026-09-05T23:41:10.0022854Z       type: 'test'
verify	Test (includes calendar, Signal, Timeline, and suite truth gates)	2026-09-05T23:41:10.0023234Z       ...
verify	Test (includes calendar, Signal, Timeline, and suite truth gates)	2026-09-05T23:41:10.0023597Z     1..3
verify	Test (includes calendar, Signal, Timeline, and suite truth gates)	2026-09-05T23:41:10.0024092Z ok 7 - rule actions point only at routes that exist
verify	Test (includes calendar, Signal, Timeline, and suite truth gates)	2026-09-05T23:41:10.0024593Z   ---
verify	Test (includes calendar, Signal, Timeline, and suite truth gates)	2026-09-05T23:41:10.0024977Z   duration_ms: 5.420339
verify	Test (includes calendar, Signal, Timeline, and suite truth gates)	2026-09-05T23:41:10.0025371Z   type: 'suite'
verify	Test (includes calendar, Signal, Timeline, and suite truth gates)	2026-09-05T23:41:10.0025732Z   ...
verify	Test (includes calendar, Signal, Timeline, and suite truth gates)	2026-09-05T23:41:10.0336977Z # Subtest: status filters consistently constrain linked records, labels, and events
verify	Test (includes calendar, Signal, Timeline, and suite truth gates)	2026-09-05T23:41:10.0379252Z ok 8 - status filters consistently constrain linked records, labels, and events
verify	Test (includes calendar, Signal, Timeline, and suite truth gates)	2026-09-05T23:41:10.0405580Z   ---
verify	Test (includes calendar, Signal, Timeline, and suite truth gates)	2026-09-05T23:41:10.0406199Z   duration_ms: 21.727503
verify	Test (includes calendar, Signal, Timeline, and suite truth gates)	2026-09-05T23:41:10.0406765Z   type: 'test'
verify	Test (includes calendar, Signal, Timeline, and suite truth gates)	2026-09-05T23:41:10.0407254Z   ...
verify	Test (includes calendar, Signal, Timeline, and suite truth gates)	2026-09-05T23:41:10.0408009Z # Subtest: owner filters remove unrelated label rows and contributing events
verify	Test (includes calendar, Signal, Timeline, and suite truth gates)	2026-09-05T23:41:10.0409197Z ok 9 - owner filters remove unrelated label rows and contributing events
verify	Test (includes calendar, Signal, Timeline, and suite truth gates)	2026-09-05T23:41:10.0409910Z   ---
verify	Test (includes calendar, Signal, Timeline, and suite truth gates)	2026-09-05T23:41:10.0410420Z   duration_ms: 0.573687
verify	Test (includes calendar, Signal, Timeline, and suite truth gates)	2026-09-05T23:41:10.0410950Z   type: 'test'
verify	Test (includes calendar, Signal, Timeline, and suite truth gates)	2026-09-05T23:41:10.0411426Z   ...
verify	Test (includes calendar, Signal, Timeline, and suite truth gates)	2026-09-05T23:41:10.0412236Z # Subtest: Signal action context accepts only bounded hints from a Signal route
verify	Test (includes calendar, Signal, Timeline, and suite truth gates)	2026-09-05T23:41:10.0413331Z ok 10 - Signal action context accepts only bounded hints from a Signal route
verify	Test (includes calendar, Signal, Timeline, and suite truth gates)	2026-09-05T23:41:10.0414071Z   ---
verify	Test (includes calendar, Signal, Timeline, and suite truth gates)	2026-09-05T23:41:10.0414471Z   duration_ms: 0.429894
verify	Test (includes calendar, Signal, Timeline, and suite truth gates)	2026-09-05T23:41:10.0419443Z   type: 'test'
verify	Test (includes calendar, Signal, Timeline, and suite truth gates)	2026-09-05T23:41:10.0420323Z   ...
verify	Test (includes calendar, Signal, Timeline, and suite truth gates)	2026-09-05T23:41:10.0615763Z # Subtest: preference origin policy accepts the same origin
verify	Test (includes calendar, Signal, Timeline, and suite truth gates)	2026-09-05T23:41:10.0639447Z ok 11 - preference origin policy accepts the same origin
verify	Test (includes calendar, Signal, Timeline, and suite truth gates)	2026-09-05T23:41:10.0668948Z   ---
verify	Test (includes calendar, Signal, Timeline, and suite truth gates)	2026-09-05T23:41:10.0669422Z   duration_ms: 21.460398
verify	Test (includes calendar, Signal, Timeline, and suite truth gates)	2026-09-05T23:41:10.0669740Z   type: 'test'
verify	Test (includes calendar, Signal, Timeline, and suite truth gates)	2026-09-05T23:41:10.0669980Z   ...
verify	Test (includes calendar, Signal, Timeline, and suite truth gates)	2026-09-05T23:41:10.0670459Z # Subtest: preference origin policy rejects missing, malformed, and cross-site origins
verify	Test (includes calendar, Signal, Timeline, and suite truth gates)	2026-09-05T23:41:10.0671318Z ok 12 - preference origin policy rejects missing, malformed, and cross-site origins
verify	Test (includes calendar, Signal, Timeline, and suite truth gates)	2026-09-05T23:41:10.0671656Z   ---
verify	Test (includes calendar, Signal, Timeline, and suite truth gates)	2026-09-05T23:41:10.0671830Z   duration_ms: 0.755775
verify	Test (includes calendar, Signal, Timeline, and suite truth gates)	2026-09-05T23:41:10.0672019Z   type: 'test'
verify	Test (includes calendar, Signal, Timeline, and suite truth gates)	2026-09-05T23:41:10.0672182Z   ...
verify	Test (includes calendar, Signal, Timeline, and suite truth gates)	2026-09-05T23:41:10.0672525Z # Subtest: preference origin policy honors the first trusted proxy host and protocol
verify	Test (includes calendar, Signal, Timeline, and suite truth gates)	2026-09-05T23:41:10.0673029Z ok 13 - preference origin policy honors the first trusted proxy host and protocol
verify	Test (includes calendar, Signal, Timeline, and suite truth gates)	2026-09-05T23:41:10.0673329Z   ---
verify	Test (includes calendar, Signal, Timeline, and suite truth gates)	2026-09-05T23:41:10.0673513Z   duration_ms: 0.319812
verify	Test (includes calendar, Signal, Timeline, and suite truth gates)	2026-09-05T23:41:10.0673695Z   type: 'test'
verify	Test (includes calendar, Signal, Timeline, and suite truth gates)	2026-09-05T23:41:10.0673863Z   ...
verify	Test (includes calendar, Signal, Timeline, and suite truth gates)	2026-09-05T23:41:10.2502082Z # Subtest: evidence pagination does not mutate or reuse the selected view page
verify	Test (includes calendar, Signal, Timeline, and suite truth gates)	2026-09-05T23:41:10.2502856Z ok 14 - evidence pagination does not mutate or reuse the selected view page
verify	Test (includes calendar, Signal, Timeline, and suite truth gates)	2026-09-05T23:41:10.2503451Z   ---
verify	Test (includes calendar, Signal, Timeline, and suite truth gates)	2026-09-05T23:41:10.2503825Z   duration_ms: 1.104459
verify	Test (includes calendar, Signal, Timeline, and suite truth gates)	2026-09-05T23:41:10.2504147Z   type: 'test'
verify	Test (includes calendar, Signal, Timeline, and suite truth gates)	2026-09-05T23:41:10.2504473Z   ...
verify	Test (includes calendar, Signal, Timeline, and suite truth gates)	2026-09-05T23:41:10.2507645Z # Subtest: evidence pagination fails safely for an invalid page
verify	Test (includes calendar, Signal, Timeline, and suite truth gates)	2026-09-05T23:41:10.2509226Z ok 15 - evidence pagination fails safely for an invalid page
verify	Test (includes calendar, Signal, Timeline, and suite truth gates)	2026-09-05T23:41:10.2509647Z   ---
verify	Test (includes calendar, Signal, Timeline, and suite truth gates)	2026-09-05T23:41:10.2509947Z   duration_ms: 0.130472
verify	Test (includes calendar, Signal, Timeline, and suite truth gates)	2026-09-05T23:41:10.2510268Z   type: 'test'
verify	Test (includes calendar, Signal, Timeline, and suite truth gates)	2026-09-05T23:41:10.2510577Z   ...
verify	Test (includes calendar, Signal, Timeline, and suite truth gates)	2026-09-05T23:41:10.2513542Z # Subtest: evidence pagination retrieves records beyond the first 100
verify	Test (includes calendar, Signal, Timeline, and suite truth gates)	2026-09-05T23:41:10.2515612Z ok 16 - evidence pagination retrieves records beyond the first 100
verify	Test (includes calendar, Signal, Timeline, and suite truth gates)	2026-09-05T23:41:10.2516049Z   ---
verify	Test (includes calendar, Signal, Timeline, and suite truth gates)	2026-09-05T23:41:10.2516361Z   duration_ms: 0.301034
verify	Test (includes calendar, Signal, Timeline, and suite truth gates)	2026-09-05T23:41:10.2516663Z   type: 'test'
verify	Test (includes calendar, Signal, Timeline, and suite truth gates)	2026-09-05T23:41:10.2516990Z   ...
verify	Test (includes calendar, Signal, Timeline, and suite truth gates)	2026-09-05T23:41:10.2651764Z 1..16
verify	Test (includes calendar, Signal, Timeline, and suite truth gates)	2026-09-05T23:41:10.2652059Z # tests 59
verify	Test (includes calendar, Signal, Timeline, and suite truth gates)	2026-09-05T23:41:10.2652329Z # suites 7
verify	Test (includes calendar, Signal, Timeline, and suite truth gates)	2026-09-05T23:41:10.2652575Z # pass 59
verify	Test (includes calendar, Signal, Timeline, and suite truth gates)	2026-09-05T23:41:10.2652822Z # fail 0
verify	Test (includes calendar, Signal, Timeline, and suite truth gates)	2026-09-05T23:41:10.2653037Z # cancelled 0
verify	Test (includes calendar, Signal, Timeline, and suite truth gates)	2026-09-05T23:41:10.2653307Z # skipped 0
verify	Test (includes calendar, Signal, Timeline, and suite truth gates)	2026-09-05T23:41:10.2653568Z # todo 0
verify	Test (includes calendar, Signal, Timeline, and suite truth gates)	2026-09-05T23:41:10.2653823Z # duration_ms 1201.170721
verify	Test (includes calendar, Signal, Timeline, and suite truth gates)	2026-09-05T23:41:10.3079915Z TAP version 13
verify	Test (includes calendar, Signal, Timeline, and suite truth gates)	2026-09-05T23:41:10.6539676Z # Subtest: both flags are closed by default, so the domain is closed
verify	Test (includes calendar, Signal, Timeline, and suite truth gates)	2026-09-05T23:41:10.6609779Z ok 1 - both flags are closed by default, so the domain is closed
verify	Test (includes calendar, Signal, Timeline, and suite truth gates)	2026-09-05T23:41:10.6624768Z   ---
verify	Test (includes calendar, Signal, Timeline, and suite truth gates)	2026-09-05T23:41:10.6626426Z   duration_ms: 1.227902
verify	Test (includes calendar, Signal, Timeline, and suite truth gates)	2026-09-05T23:41:10.6666131Z   type: 'test'
verify	Test (includes calendar, Signal, Timeline, and suite truth gates)	2026-09-05T23:41:10.6701159Z   ...
verify	Test (includes calendar, Signal, Timeline, and suite truth gates)	2026-09-05T23:41:10.6701913Z # Subtest: the Home flag opens the domain without switching the briefing engine
verify	Test (includes calendar, Signal, Timeline, and suite truth gates)	2026-09-05T23:41:10.6702823Z ok 2 - the Home flag opens the domain without switching the briefing engine
verify	Test (includes calendar, Signal, Timeline, and suite truth gates)	2026-09-05T23:41:10.6703388Z   ---
verify	Test (includes calendar, Signal, Timeline, and suite truth gates)	2026-09-05T23:41:10.6703685Z   duration_ms: 0.287294
verify	Test (includes calendar, Signal, Timeline, and suite truth gates)	2026-09-05T23:41:10.6704035Z   type: 'test'
verify	Test (includes calendar, Signal, Timeline, and suite truth gates)	2026-09-05T23:41:10.6704330Z   ...
verify	Test (includes calendar, Signal, Timeline, and suite truth gates)	2026-09-05T23:41:10.6704803Z # Subtest: the engine flag still opens the domain it depends on
verify	Test (includes calendar, Signal, Timeline, and suite truth gates)	2026-09-05T23:41:10.6705539Z ok 3 - the engine flag still opens the domain it depends on
verify	Test (includes calendar, Signal, Timeline, and suite truth gates)	2026-09-05T23:41:10.6706012Z   ---
verify	Test (includes calendar, Signal, Timeline, and suite truth gates)	2026-09-05T23:41:10.6706349Z   duration_ms: 0.310798
verify	Test (includes calendar, Signal, Timeline, and suite truth gates)	2026-09-05T23:41:10.6706670Z   type: 'test'
verify	Test (includes calendar, Signal, Timeline, and suite truth gates)	2026-09-05T23:41:10.6706920Z   ...
verify	Test (includes calendar, Signal, Timeline, and suite truth gates)	2026-09-05T23:41:10.6707418Z # Subtest: an explicit false wins over an absent value, on both flags
verify	Test (includes calendar, Signal, Timeline, and suite truth gates)	2026-09-05T23:41:10.6708407Z ok 4 - an explicit false wins over an absent value, on both flags
verify	Test (includes calendar, Signal, Timeline, and suite truth gates)	2026-09-05T23:41:10.6726092Z   ---
verify	Test (includes calendar, Signal, Timeline, and suite truth gates)	2026-09-05T23:41:10.6726416Z   duration_ms: 0.299622
verify	Test (includes calendar, Signal, Timeline, and suite truth gates)	2026-09-05T23:41:10.6726744Z   type: 'test'
verify	Test (includes calendar, Signal, Timeline, and suite truth gates)	2026-09-05T23:41:10.6727361Z   ...
verify	Test (includes calendar, Signal, Timeline, and suite truth gates)	2026-09-05T23:41:10.6727803Z # Subtest: an unrecognised value never opens a gate
verify	Test (includes calendar, Signal, Timeline, and suite truth gates)	2026-09-05T23:41:10.6728480Z ok 5 - an unrecognised value never opens a gate
verify	Test (includes calendar, Signal, Timeline, and suite truth gates)	2026-09-05T23:41:10.6728874Z   ---
verify	Test (includes calendar, Signal, Timeline, and suite truth gates)	2026-09-05T23:41:10.6729149Z   duration_ms: 0.517433
verify	Test (includes calendar, Signal, Timeline, and suite truth gates)	2026-09-05T23:41:10.6729469Z   type: 'test'
verify	Test (includes calendar, Signal, Timeline, and suite truth gates)	2026-09-05T23:41:10.6729748Z   ...
verify	Test (includes calendar, Signal, Timeline, and suite truth gates)	2026-09-05T23:41:10.6730123Z # Subtest: 1 is accepted as true on both flags
verify	Test (includes calendar, Signal, Timeline, and suite truth gates)	2026-09-05T23:41:10.6730637Z ok 6 - 1 is accepted as true on both flags
verify	Test (includes calendar, Signal, Timeline, and suite truth gates)	2026-09-05T23:41:10.6731196Z   ---
verify	Test (includes calendar, Signal, Timeline, and suite truth gates)	2026-09-05T23:41:10.6731458Z   duration_ms: 0.247776
verify	Test (includes calendar, Signal, Timeline, and suite truth gates)	2026-09-05T23:41:10.6731769Z   type: 'test'
verify	Test (includes calendar, Signal, Timeline, and suite truth gates)	2026-09-05T23:41:10.6732014Z   ...
verify	Test (includes calendar, Signal, Timeline, and suite truth gates)	2026-09-05T23:41:11.0725966Z # Subtest: canonical Project identity: workspaceId is the Project, tags are Labels
verify	Test (includes calendar, Signal, Timeline, and suite truth gates)	2026-09-05T23:41:11.0726852Z ok 7 - canonical Project identity: workspaceId is the Project, tags are Labels
verify	Test (includes calendar, Signal, Timeline, and suite truth gates)	2026-09-05T23:41:11.0727301Z   ---
verify	Test (includes calendar, Signal, Timeline, and suite truth gates)	2026-09-05T23:41:11.0727581Z   duration_ms: 185.480156
verify	Test (includes calendar, Signal, Timeline, and suite truth gates)	2026-09-05T23:41:11.0727949Z   type: 'test'
verify	Test (includes calendar, Signal, Timeline, and suite truth gates)	2026-09-05T23:41:11.0728253Z   ...
verify	Test (includes calendar, Signal, Timeline, and suite truth gates)	2026-09-05T23:41:11.0729323Z # Subtest: R2 · a post-0024 Waiting claim reads as explicitly blocked
verify	Test (includes calendar, Signal, Timeline, and suite truth gates)	2026-09-05T23:41:11.0742860Z ok 8 - R2 · a post-0024 Waiting claim reads as explicitly blocked
verify	Test (includes calendar, Signal, Timeline, and suite truth gates)	2026-09-05T23:41:11.0743325Z   ---
verify	Test (includes calendar, Signal, Timeline, and suite truth gates)	2026-09-05T23:41:11.0743567Z   duration_ms: 7.540357
verify	Test (includes calendar, Signal, Timeline, and suite truth gates)	2026-09-05T23:41:11.0743833Z   type: 'test'
verify	Test (includes calendar, Signal, Timeline, and suite truth gates)	2026-09-05T23:41:11.0744079Z   ...
verify	Test (includes calendar, Signal, Timeline, and suite truth gates)	2026-09-05T23:41:11.0744693Z # Subtest: R3 · Done is read from the workspace column config, like every other surface
verify	Test (includes calendar, Signal, Timeline, and suite truth gates)	2026-09-05T23:41:11.0745528Z ok 9 - R3 · Done is read from the workspace column config, like every other surface
verify	Test (includes calendar, Signal, Timeline, and suite truth gates)	2026-09-05T23:41:11.0745918Z   ---
verify	Test (includes calendar, Signal, Timeline, and suite truth gates)	2026-09-05T23:41:11.0746079Z   duration_ms: 7.254575
verify	Test (includes calendar, Signal, Timeline, and suite truth gates)	2026-09-05T23:41:11.0746325Z   type: 'test'
verify	Test (includes calendar, Signal, Timeline, and suite truth gates)	2026-09-05T23:41:11.0746551Z   ...
verify	Test (includes calendar, Signal, Timeline, and suite truth gates)	2026-09-05T23:41:11.0746921Z # Subtest: R3 · with no stored config the default five-column board still resolves
verify	Test (includes calendar, Signal, Timeline, and suite truth gates)	2026-09-05T23:41:11.0747444Z ok 10 - R3 · with no stored config the default five-column board still resolves
verify	Test (includes calendar, Signal, Timeline, and suite truth gates)	2026-09-05T23:41:11.0747741Z   ---
verify	Test (includes calendar, Signal, Timeline, and suite truth gates)	2026-09-05T23:41:11.0747973Z   duration_ms: 5.442601
verify	Test (includes calendar, Signal, Timeline, and suite truth gates)	2026-09-05T23:41:11.0748232Z   type: 'test'
verify	Test (includes calendar, Signal, Timeline, and suite truth gates)	2026-09-05T23:41:11.0748583Z   ...
verify	Test (includes calendar, Signal, Timeline, and suite truth gates)	2026-09-05T23:41:11.0748911Z # Subtest: R10 · the bounded task read carries its own total order
verify	Test (includes calendar, Signal, Timeline, and suite truth gates)	2026-09-05T23:41:11.0749342Z ok 11 - R10 · the bounded task read carries its own total order
verify	Test (includes calendar, Signal, Timeline, and suite truth gates)	2026-09-05T23:41:11.0749699Z   ---
verify	Test (includes calendar, Signal, Timeline, and suite truth gates)	2026-09-05T23:41:11.0749987Z   duration_ms: 50.778853
verify	Test (includes calendar, Signal, Timeline, and suite truth gates)	2026-09-05T23:41:11.0750223Z   type: 'test'
verify	Test (includes calendar, Signal, Timeline, and suite truth gates)	2026-09-05T23:41:11.0750398Z   ...
verify	Test (includes calendar, Signal, Timeline, and suite truth gates)	2026-09-05T23:41:11.0750718Z # Subtest: the provider declares only capabilities it can actually serve
verify	Test (includes calendar, Signal, Timeline, and suite truth gates)	2026-09-05T23:41:11.0751148Z ok 12 - the provider declares only capabilities it can actually serve
verify	Test (includes calendar, Signal, Timeline, and suite truth gates)	2026-09-05T23:41:11.0751430Z   ---
verify	Test (includes calendar, Signal, Timeline, and suite truth gates)	2026-09-05T23:41:11.0751607Z   duration_ms: 4.405541
verify	Test (includes calendar, Signal, Timeline, and suite truth gates)	2026-09-05T23:41:11.0751795Z   type: 'test'
verify	Test (includes calendar, Signal, Timeline, and suite truth gates)	2026-09-05T23:41:11.0751958Z   ...
verify	Test (includes calendar, Signal, Timeline, and suite truth gates)	2026-09-05T23:41:11.0775963Z # Subtest: private Note bodies never enter the analytics domain
verify	Test (includes calendar, Signal, Timeline, and suite truth gates)	2026-09-05T23:41:11.0777056Z ok 13 - private Note bodies never enter the analytics domain
verify	Test (includes calendar, Signal, Timeline, and suite truth gates)	2026-09-05T23:41:11.0777518Z   ---
verify	Test (includes calendar, Signal, Timeline, and suite truth gates)	2026-09-05T23:41:11.0777830Z   duration_ms: 5.17732
verify	Test (includes calendar, Signal, Timeline, and suite truth gates)	2026-09-05T23:41:11.0778162Z   type: 'test'
verify	Test (includes calendar, Signal, Timeline, and suite truth gates)	2026-09-05T23:41:11.0778563Z   ...
verify	Test (includes calendar, Signal, Timeline, and suite truth gates)	2026-09-05T23:41:11.0942034Z # Subtest: a legacy project-scoped link collapses to the Project plus a Label filter
verify	Test (includes calendar, Signal, Timeline, and suite truth gates)	2026-09-05T23:41:11.0942919Z ok 14 - a legacy project-scoped link collapses to the Project plus a Label filter
verify	Test (includes calendar, Signal, Timeline, and suite truth gates)	2026-09-05T23:41:11.0943440Z   ---
verify	Test (includes calendar, Signal, Timeline, and suite truth gates)	2026-09-05T23:41:11.0943695Z   duration_ms: 38.024687
verify	Test (includes calendar, Signal, Timeline, and suite truth gates)	2026-09-05T23:41:11.0943910Z   type: 'test'
verify	Test (includes calendar, Signal, Timeline, and suite truth gates)	2026-09-05T23:41:11.0944122Z   ...
verify	Test (includes calendar, Signal, Timeline, and suite truth gates)	2026-09-05T23:41:11.0944459Z # Subtest: a legacy link does not silently widen the read to the whole Project
verify	Test (includes calendar, Signal, Timeline, and suite truth gates)	2026-09-05T23:41:11.0944971Z ok 15 - a legacy link does not silently widen the read to the whole Project
verify	Test (includes calendar, Signal, Timeline, and suite truth gates)	2026-09-05T23:41:11.0945295Z   ---
verify	Test (includes calendar, Signal, Timeline, and suite truth gates)	2026-09-05T23:41:11.0945471Z   duration_ms: 0.664371
verify	Test (includes calendar, Signal, Timeline, and suite truth gates)	2026-09-05T23:41:11.0945670Z   type: 'test'
verify	Test (includes calendar, Signal, Timeline, and suite truth gates)	2026-09-05T23:41:11.0945837Z   ...
verify	Test (includes calendar, Signal, Timeline, and suite truth gates)	2026-09-05T23:41:11.0946132Z # Subtest: an ordinary workspace scope carries no Label filter
verify	Test (includes calendar, Signal, Timeline, and suite truth gates)	2026-09-05T23:41:11.0946802Z ok 16 - an ordinary workspace scope carries no Label filter
verify	Test (includes calendar, Signal, Timeline, and suite truth gates)	2026-09-05T23:41:11.0947098Z   ---
verify	Test (includes calendar, Signal, Timeline, and suite truth gates)	2026-09-05T23:41:11.0947272Z   duration_ms: 0.404957
verify	Test (includes calendar, Signal, Timeline, and suite truth gates)	2026-09-05T23:41:11.0947462Z   type: 'test'
verify	Test (includes calendar, Signal, Timeline, and suite truth gates)	2026-09-05T23:41:11.0947627Z   ...
verify	Test (includes calendar, Signal, Timeline, and suite truth gates)	2026-09-05T23:41:11.0947931Z # Subtest: Labels can be requested directly, and stack with a legacy scope
verify	Test (includes calendar, Signal, Timeline, and suite truth gates)	2026-09-05T23:41:11.0948845Z ok 17 - Labels can be requested directly, and stack with a legacy scope
verify	Test (includes calendar, Signal, Timeline, and suite truth gates)	2026-09-05T23:41:11.0949470Z   ---
verify	Test (includes calendar, Signal, Timeline, and suite truth gates)	2026-09-05T23:41:11.0949706Z   duration_ms: 0.529882
verify	Test (includes calendar, Signal, Timeline, and suite truth gates)	2026-09-05T23:41:11.0949971Z   type: 'test'
verify	Test (includes calendar, Signal, Timeline, and suite truth gates)	2026-09-05T23:41:11.0950197Z   ...
verify	Test (includes calendar, Signal, Timeline, and suite truth gates)	2026-09-05T23:41:11.0950670Z # Subtest: the user scope is unchanged and still names its Project explicitly
verify	Test (includes calendar, Signal, Timeline, and suite truth gates)	2026-09-05T23:41:11.0951340Z ok 18 - the user scope is unchanged and still names its Project explicitly
verify	Test (includes calendar, Signal, Timeline, and suite truth gates)	2026-09-05T23:41:11.0951763Z   ---
verify	Test (includes calendar, Signal, Timeline, and suite truth gates)	2026-09-05T23:41:11.0952001Z   duration_ms: 1.55872
verify	Test (includes calendar, Signal, Timeline, and suite truth gates)	2026-09-05T23:41:11.0952258Z   type: 'test'
verify	Test (includes calendar, Signal, Timeline, and suite truth gates)	2026-09-05T23:41:11.0952492Z   ...
verify	Test (includes calendar, Signal, Timeline, and suite truth gates)	2026-09-05T23:41:11.0953004Z # Subtest: the legacy `project` breakdown resolves to the Label breakdown it computed
verify	Test (includes calendar, Signal, Timeline, and suite truth gates)	2026-09-05T23:41:11.0953758Z ok 19 - the legacy `project` breakdown resolves to the Label breakdown it computed
verify	Test (includes calendar, Signal, Timeline, and suite truth gates)	2026-09-05T23:41:11.0954216Z   ---
verify	Test (includes calendar, Signal, Timeline, and suite truth gates)	2026-09-05T23:41:11.0954453Z   duration_ms: 0.731109
verify	Test (includes calendar, Signal, Timeline, and suite truth gates)	2026-09-05T23:41:11.0954715Z   type: 'test'
verify	Test (includes calendar, Signal, Timeline, and suite truth gates)	2026-09-05T23:41:11.0954948Z   ...
verify	Test (includes calendar, Signal, Timeline, and suite truth gates)	2026-09-05T23:41:11.0955445Z # Subtest: analytics declares no Program axis rather than implying one was applied
verify	Test (includes calendar, Signal, Timeline, and suite truth gates)	2026-09-05T23:41:11.0956160Z ok 20 - analytics declares no Program axis rather than implying one was applied
verify	Test (includes calendar, Signal, Timeline, and suite truth gates)	2026-09-05T23:41:11.0956466Z   ---
verify	Test (includes calendar, Signal, Timeline, and suite truth gates)	2026-09-05T23:41:11.0956620Z   duration_ms: 0.558494
verify	Test (includes calendar, Signal, Timeline, and suite truth gates)	2026-09-05T23:41:11.0956800Z   type: 'test'
verify	Test (includes calendar, Signal, Timeline, and suite truth gates)	2026-09-05T23:41:11.0956958Z   ...
verify	Test (includes calendar, Signal, Timeline, and suite truth gates)	2026-09-05T23:41:11.0957175Z # Subtest: an unknown scope type is still refused
verify	Test (includes calendar, Signal, Timeline, and suite truth gates)	2026-09-05T23:41:11.0957483Z ok 21 - an unknown scope type is still refused
verify	Test (includes calendar, Signal, Timeline, and suite truth gates)	2026-09-05T23:41:11.0957702Z   ---
verify	Test (includes calendar, Signal, Timeline, and suite truth gates)	2026-09-05T23:41:11.0957852Z   duration_ms: 0.664781
verify	Test (includes calendar, Signal, Timeline, and suite truth gates)	2026-09-05T23:41:11.0958033Z   type: 'test'
verify	Test (includes calendar, Signal, Timeline, and suite truth gates)	2026-09-05T23:41:11.0958188Z   ...
verify	Test (includes calendar, Signal, Timeline, and suite truth gates)	2026-09-05T23:41:11.0958482Z 1..21
verify	Test (includes calendar, Signal, Timeline, and suite truth gates)	2026-09-05T23:41:11.0958628Z # tests 21
verify	Test (includes calendar, Signal, Timeline, and suite truth gates)	2026-09-05T23:41:11.0958788Z # suites 0
verify	Test (includes calendar, Signal, Timeline, and suite truth gates)	2026-09-05T23:41:11.0958939Z # pass 21
verify	Test (includes calendar, Signal, Timeline, and suite truth gates)	2026-09-05T23:41:11.0959090Z # fail 0
verify	Test (includes calendar, Signal, Timeline, and suite truth gates)	2026-09-05T23:41:11.0959248Z # cancelled 0
verify	Test (includes calendar, Signal, Timeline, and suite truth gates)	2026-09-05T23:41:11.0959409Z # skipped 0
verify	Test (includes calendar, Signal, Timeline, and suite truth gates)	2026-09-05T23:41:11.0959565Z # todo 0
verify	Test (includes calendar, Signal, Timeline, and suite truth gates)	2026-09-05T23:41:11.0959732Z # duration_ms 802.175648
verify	Test (includes calendar, Signal, Timeline, and suite truth gates)	2026-09-05T23:41:11.4245338Z $ node --import tsx --test src/modules/timeline/server/db/timeline-overrides.persistence.test.ts src/modules/timeline/server/sync/tasks-milestone-source.test.ts src/modules/timeline/lib/owner-artifact.test.ts src/modules/timeline/lib/audience-timeline.test.ts src/modules/timeline/lib/owner-reorder.test.ts src/modules/timeline/timeline-owner-accessibility-contract.test.mjs src/modules/timeline/components/artifact/timeline-artifact-contract.test.mjs src/modules/timeline/components/artifact/timeline-artifact-layout.test.mjs src/modules/timeline/components/artifact/timeline-artifact-model.test.ts
verify	Test (includes calendar, Signal, Timeline, and suite truth gates)	2026-09-05T23:41:11.4721783Z TAP version 13
verify	Test (includes calendar, Signal, Timeline, and suite truth gates)	2026-09-05T23:41:11.7353170Z # Subtest: the artifact keeps the locked Option D identity and line-first hierarchy
verify	Test (includes calendar, Signal, Timeline, and suite truth gates)	2026-09-05T23:41:11.7379267Z ok 1 - the artifact keeps the locked Option D identity and line-first hierarchy
verify	Test (includes calendar, Signal, Timeline, and suite truth gates)	2026-09-05T23:41:11.7419255Z   ---
verify	Test (includes calendar, Signal, Timeline, and suite truth gates)	2026-09-05T23:41:11.7419842Z   duration_ms: 1.492432
verify	Test (includes calendar, Signal, Timeline, and suite truth gates)	2026-09-05T23:41:11.7420403Z   type: 'test'
verify	Test (includes calendar, Signal, Timeline, and suite truth gates)	2026-09-05T23:41:11.7420921Z   ...
verify	Test (includes calendar, Signal, Timeline, and suite truth gates)	2026-09-05T23:41:11.7421668Z # Subtest: the phone preview renders the exact artifact in compact mode and cannot track views
verify	Test (includes calendar, Signal, Timeline, and suite truth gates)	2026-09-05T23:41:11.7422765Z ok 2 - the phone preview renders the exact artifact in compact mode and cannot track views
verify	Test (includes calendar, Signal, Timeline, and suite truth gates)	2026-09-05T23:41:11.7423441Z   ---
verify	Test (includes calendar, Signal, Timeline, and suite truth gates)	2026-09-05T23:41:11.7424174Z   duration_ms: 0.322817
verify	Test (includes calendar, Signal, Timeline, and suite truth gates)	2026-09-05T23:41:11.7424803Z   type: 'test'
verify	Test (includes calendar, Signal, Timeline, and suite truth gates)	2026-09-05T23:41:11.7425174Z   ...
verify	Test (includes calendar, Signal, Timeline, and suite truth gates)	2026-09-05T23:41:11.7425792Z # Subtest: the milestone rail exposes roving keyboard navigation and touch-safe targets
verify	Test (includes calendar, Signal, Timeline, and suite truth gates)	2026-09-05T23:41:11.7427022Z ok 3 - the milestone rail exposes roving keyboard navigation and touch-safe targets
verify	Test (includes calendar, Signal, Timeline, and suite truth gates)	2026-09-05T23:41:11.7427668Z   ---
verify	Test (includes calendar, Signal, Timeline, and suite truth gates)	2026-09-05T23:41:11.7428049Z   duration_ms: 0.552395
verify	Test (includes calendar, Signal, Timeline, and suite truth gates)	2026-09-05T23:41:11.7428583Z   type: 'test'
verify	Test (includes calendar, Signal, Timeline, and suite truth gates)	2026-09-05T23:41:11.7428963Z   ...
verify	Test (includes calendar, Signal, Timeline, and suite truth gates)	2026-09-05T23:41:11.7429622Z # Subtest: motion has a reduced-motion path and the metric swaps as a single face
verify	Test (includes calendar, Signal, Timeline, and suite truth gates)	2026-09-05T23:41:11.7430518Z ok 4 - motion has a reduced-motion path and the metric swaps as a single face
verify	Test (includes calendar, Signal, Timeline, and suite truth gates)	2026-09-05T23:41:11.7431302Z   ---
verify	Test (includes calendar, Signal, Timeline, and suite truth gates)	2026-09-05T23:41:11.7431687Z   duration_ms: 0.208197
verify	Test (includes calendar, Signal, Timeline, and suite truth gates)	2026-09-05T23:41:11.7432095Z   type: 'test'
verify	Test (includes calendar, Signal, Timeline, and suite truth gates)	2026-09-05T23:41:11.7432473Z   ...
verify	Test (includes calendar, Signal, Timeline, and suite truth gates)	2026-09-05T23:41:11.7433207Z # Subtest: motion preference is hydration-safe and never changes the initial metric subtree
verify	Test (includes calendar, Signal, Timeline, and suite truth gates)	2026-09-05T23:41:11.7434221Z ok 5 - motion preference is hydration-safe and never changes the initial metric subtree
verify	Test (includes calendar, Signal, Timeline, and suite truth gates)	2026-09-05T23:41:11.7434886Z   ---
verify	Test (includes calendar, Signal, Timeline, and suite truth gates)	2026-09-05T23:41:11.7435262Z   duration_ms: 0.408724
verify	Test (includes calendar, Signal, Timeline, and suite truth gates)	2026-09-05T23:41:11.7435692Z   type: 'test'
verify	Test (includes calendar, Signal, Timeline, and suite truth gates)	2026-09-05T23:41:11.7436080Z   ...
verify	Test (includes calendar, Signal, Timeline, and suite truth gates)	2026-09-05T23:41:11.7436682Z # Subtest: the owner studio owns vertical scrolling inside the app shell
verify	Test (includes calendar, Signal, Timeline, and suite truth gates)	2026-09-05T23:41:11.7437490Z ok 6 - the owner studio owns vertical scrolling inside the app shell
verify	Test (includes calendar, Signal, Timeline, and suite truth gates)	2026-09-05T23:41:11.7438117Z   ---
verify	Test (includes calendar, Signal, Timeline, and suite truth gates)	2026-09-05T23:41:11.7438589Z   duration_ms: 0.212824
verify	Test (includes calendar, Signal, Timeline, and suite truth gates)	2026-09-05T23:41:11.7439002Z   type: 'test'
verify	Test (includes calendar, Signal, Timeline, and suite truth gates)	2026-09-05T23:41:11.7439367Z   ...
verify	Test (includes calendar, Signal, Timeline, and suite truth gates)	2026-09-05T23:41:11.7440094Z # Subtest: owner surfaces embed the exact artifact without claiming a document-height viewport
verify	Test (includes calendar, Signal, Timeline, and suite truth gates)	2026-09-05T23:41:11.7441142Z ok 7 - owner surfaces embed the exact artifact without claiming a document-height viewport
verify	Test (includes calendar, Signal, Timeline, and suite truth gates)	2026-09-05T23:41:11.7441807Z   ---
verify	Test (includes calendar, Signal, Timeline, and suite truth gates)	2026-09-05T23:41:11.7442177Z   duration_ms: 0.247615
verify	Test (includes calendar, Signal, Timeline, and suite truth gates)	2026-09-05T23:41:11.7442593Z   type: 'test'
verify	Test (includes calendar, Signal, Timeline, and suite truth gates)	2026-09-05T23:41:11.7442964Z   ...
verify	Test (includes calendar, Signal, Timeline, and suite truth gates)	2026-09-05T23:41:11.7443627Z # Subtest: the completed ink is drawn to the frontier dot, never the count percentage
verify	Test (includes calendar, Signal, Timeline, and suite truth gates)	2026-09-05T23:41:11.7444557Z ok 8 - the completed ink is drawn to the frontier dot, never the count percentage
verify	Test (includes calendar, Signal, Timeline, and suite truth gates)	2026-09-05T23:41:11.7445175Z   ---
verify	Test (includes calendar, Signal, Timeline, and suite truth gates)	2026-09-05T23:41:11.7445542Z   duration_ms: 0.192924
verify	Test (includes calendar, Signal, Timeline, and suite truth gates)	2026-09-05T23:41:11.7445951Z   type: 'test'
verify	Test (includes calendar, Signal, Timeline, and suite truth gates)	2026-09-05T23:41:11.7446321Z   ...
verify	Test (includes calendar, Signal, Timeline, and suite truth gates)	2026-09-05T23:41:11.7446924Z # Subtest: every metric face declares its width class so no value can clip
verify	Test (includes calendar, Signal, Timeline, and suite truth gates)	2026-09-05T23:41:11.7447799Z ok 9 - every metric face declares its width class so no value can clip
verify	Test (includes calendar, Signal, Timeline, and suite truth gates)	2026-09-05T23:41:11.7448492Z   ---
verify	Test (includes calendar, Signal, Timeline, and suite truth gates)	2026-09-05T23:41:11.7448873Z   duration_ms: 0.312912
verify	Test (includes calendar, Signal, Timeline, and suite truth gates)	2026-09-05T23:41:11.7449305Z   type: 'test'
verify	Test (includes calendar, Signal, Timeline, and suite truth gates)	2026-09-05T23:41:11.7449683Z   ...
verify	Test (includes calendar, Signal, Timeline, and suite truth gates)	2026-09-05T23:41:11.7450296Z # Subtest: paper keeps the content from ONE list, not a second copy of it
verify	Test (includes calendar, Signal, Timeline, and suite truth gates)	2026-09-05T23:41:11.7451121Z ok 10 - paper keeps the content from ONE list, not a second copy of it
verify	Test (includes calendar, Signal, Timeline, and suite truth gates)	2026-09-05T23:41:11.7451699Z   ---
verify	Test (includes calendar, Signal, Timeline, and suite truth gates)	2026-09-05T23:41:11.7452069Z   duration_ms: 0.635789
verify	Test (includes calendar, Signal, Timeline, and suite truth gates)	2026-09-05T23:41:11.7452481Z   type: 'test'
verify	Test (includes calendar, Signal, Timeline, and suite truth gates)	2026-09-05T23:41:11.7452851Z   ...
verify	Test (includes calendar, Signal, Timeline, and suite truth gates)	2026-09-05T23:41:11.7453427Z # Subtest: the marks are never moved to make room for their own labels
verify	Test (includes calendar, Signal, Timeline, and suite truth gates)	2026-09-05T23:41:11.7454232Z ok 11 - the marks are never moved to make room for their own labels
verify	Test (includes calendar, Signal, Timeline, and suite truth gates)	2026-09-05T23:41:11.7454792Z   ---
verify	Test (includes calendar, Signal, Timeline, and suite truth gates)	2026-09-05T23:41:11.7455161Z   duration_ms: 0.146787
verify	Test (includes calendar, Signal, Timeline, and suite truth gates)	2026-09-05T23:41:11.7455578Z   type: 'test'
verify	Test (includes calendar, Signal, Timeline, and suite truth gates)	2026-09-05T23:41:11.7455947Z   ...
verify	Test (includes calendar, Signal, Timeline, and suite truth gates)	2026-09-05T23:41:11.7456602Z # Subtest: the month names a guest reads clear AA, and the axis says what it spans
verify	Test (includes calendar, Signal, Timeline, and suite truth gates)	2026-09-05T23:41:11.7457512Z ok 12 - the month names a guest reads clear AA, and the axis says what it spans
verify	Test (includes calendar, Signal, Timeline, and suite truth gates)	2026-09-05T23:41:11.7458124Z   ---
verify	Test (includes calendar, Signal, Timeline, and suite truth gates)	2026-09-05T23:41:11.7458598Z   duration_ms: 0.231021
verify	Test (includes calendar, Signal, Timeline, and suite truth gates)	2026-09-05T23:41:11.7459072Z   type: 'test'
verify	Test (includes calendar, Signal, Timeline, and suite truth gates)	2026-09-05T23:41:11.7459441Z   ...
verify	Test (includes calendar, Signal, Timeline, and suite truth gates)	2026-09-05T23:41:11.7459996Z # Subtest: a crowded span names itself instead of going silent
verify	Test (includes calendar, Signal, Timeline, and suite truth gates)	2026-09-05T23:41:11.7460721Z ok 13 - a crowded span names itself instead of going silent
verify	Test (includes calendar, Signal, Timeline, and suite truth gates)	2026-09-05T23:41:11.7461252Z   ---
verify	Test (includes calendar, Signal, Timeline, and suite truth gates)	2026-09-05T23:41:11.7461630Z   duration_ms: 0.393741
verify	Test (includes calendar, Signal, Timeline, and suite truth gates)	2026-09-05T23:41:11.7462031Z   type: 'test'
verify	Test (includes calendar, Signal, Timeline, and suite truth gates)	2026-09-05T23:41:11.7462401Z   ...
verify	Test (includes calendar, Signal, Timeline, and suite truth gates)	2026-09-05T23:41:11.7463116Z # Subtest: the hero states its three facts as one stat unit
verify	Test (includes calendar, Signal, Timeline, and suite truth gates)	2026-09-05T23:41:11.7463804Z ok 14 - the hero states its three facts as one stat unit
verify	Test (includes calendar, Signal, Timeline, and suite truth gates)	2026-09-05T23:41:11.7464313Z   ---
verify	Test (includes calendar, Signal, Timeline, and suite truth gates)	2026-09-05T23:41:11.7464684Z   duration_ms: 0.655678
verify	Test (includes calendar, Signal, Timeline, and suite truth gates)	2026-09-05T23:41:11.7465087Z   type: 'test'
verify	Test (includes calendar, Signal, Timeline, and suite truth gates)	2026-09-05T23:41:11.7465455Z   ...
verify	Test (includes calendar, Signal, Timeline, and suite truth gates)	2026-09-05T23:41:11.7466078Z # Subtest: choosing a milestone does not look identical to pointing at one
verify	Test (includes calendar, Signal, Timeline, and suite truth gates)	2026-09-05T23:41:11.7466929Z ok 15 - choosing a milestone does not look identical to pointing at one
verify	Test (includes calendar, Signal, Timeline, and suite truth gates)	2026-09-05T23:41:11.7467671Z   ---
verify	Test (includes calendar, Signal, Timeline, and suite truth gates)	2026-09-05T23:41:11.7468049Z   duration_ms: 0.411898
verify	Test (includes calendar, Signal, Timeline, and suite truth gates)	2026-09-05T23:41:11.7468579Z   type: 'test'
verify	Test (includes calendar, Signal, Timeline, and suite truth gates)	2026-09-05T23:41:11.7468944Z   ...
verify	Test (includes calendar, Signal, Timeline, and suite truth gates)	2026-09-05T23:41:11.7469595Z # Subtest: the rail's cartography rides the model's mapping and yields to information
verify	Test (includes calendar, Signal, Timeline, and suite truth gates)	2026-09-05T23:41:11.7470482Z ok 16 - the rail's cartography rides the model's mapping and yields to information
verify	Test (includes calendar, Signal, Timeline, and suite truth gates)	2026-09-05T23:41:11.7471087Z   ---
verify	Test (includes calendar, Signal, Timeline, and suite truth gates)	2026-09-05T23:41:11.7471459Z   duration_ms: 0.331219
verify	Test (includes calendar, Signal, Timeline, and suite truth gates)	2026-09-05T23:41:11.7471858Z   type: 'test'
verify	Test (includes calendar, Signal, Timeline, and suite truth gates)	2026-09-05T23:41:11.7472215Z   ...
verify	Test (includes calendar, Signal, Timeline, and suite truth gates)	2026-09-05T23:41:11.7472830Z # Subtest: the hidden scrollbar owes an affordance and the attribution walks
verify	Test (includes calendar, Signal, Timeline, and suite truth gates)	2026-09-05T23:41:11.7473704Z ok 17 - the hidden scrollbar owes an affordance and the attribution walks
verify	Test (includes calendar, Signal, Timeline, and suite truth gates)	2026-09-05T23:41:11.7474307Z   ---
verify	Test (includes calendar, Signal, Timeline, and suite truth gates)	2026-09-05T23:41:11.7474686Z   duration_ms: 0.167667
verify	Test (includes calendar, Signal, Timeline, and suite truth gates)	2026-09-05T23:41:11.7475083Z   type: 'test'
verify	Test (includes calendar, Signal, Timeline, and suite truth gates)	2026-09-05T23:41:11.7475450Z   ...
verify	Test (includes calendar, Signal, Timeline, and suite truth gates)	2026-09-05T23:41:11.7476201Z # Subtest: low-information timelines receive density-only refinements after the generic mobile rules
verify	Test (includes calendar, Signal, Timeline, and suite truth gates)	2026-09-05T23:41:11.7477315Z ok 18 - low-information timelines receive density-only refinements after the generic mobile rules
verify	Test (includes calendar, Signal, Timeline, and suite truth gates)	2026-09-05T23:41:11.7478012Z   ---
verify	Test (includes calendar, Signal, Timeline, and suite truth gates)	2026-09-05T23:41:11.7478527Z   duration_ms: 0.212123
verify	Test (includes calendar, Signal, Timeline, and suite truth gates)	2026-09-05T23:41:11.7478939Z   type: 'test'
verify	Test (includes calendar, Signal, Timeline, and suite truth gates)	2026-09-05T23:41:11.7479320Z   ...
verify	Test (includes calendar, Signal, Timeline, and suite truth gates)	2026-09-05T23:41:11.7479986Z # Subtest: undated milestone copy states the truth without implying a future date
verify	Test (includes calendar, Signal, Timeline, and suite truth gates)	2026-09-05T23:41:11.7480929Z ok 19 - undated milestone copy states the truth without implying a future date
verify	Test (includes calendar, Signal, Timeline, and suite truth gates)	2026-09-05T23:41:11.7481576Z   ---
verify	Test (includes calendar, Signal, Timeline, and suite truth gates)	2026-09-05T23:41:11.7481951Z   duration_ms: 0.145766
verify	Test (includes calendar, Signal, Timeline, and suite truth gates)	2026-09-05T23:41:11.7482355Z   type: 'test'
verify	Test (includes calendar, Signal, Timeline, and suite truth gates)	2026-09-05T23:41:11.7482728Z   ...
verify	Test (includes calendar, Signal, Timeline, and suite truth gates)	2026-09-05T23:41:11.7483216Z # Subtest: one state machine speaks one vocabulary
verify	Test (includes calendar, Signal, Timeline, and suite truth gates)	2026-09-05T23:41:11.7483852Z ok 20 - one state machine speaks one vocabulary
verify	Test (includes calendar, Signal, Timeline, and suite truth gates)	2026-09-05T23:41:11.7484348Z   ---
verify	Test (includes calendar, Signal, Timeline, and suite truth gates)	2026-09-05T23:41:11.7484716Z   duration_ms: 0.333642
verify	Test (includes calendar, Signal, Timeline, and suite truth gates)	2026-09-05T23:41:11.7485119Z   type: 'test'
verify	Test (includes calendar, Signal, Timeline, and suite truth gates)	2026-09-05T23:41:11.7485499Z   ...
verify	Test (includes calendar, Signal, Timeline, and suite truth gates)	2026-09-05T23:41:11.7486003Z # Subtest: no fact in the metric column is printed twice
verify	Test (includes calendar, Signal, Timeline, and suite truth gates)	2026-09-05T23:41:11.7486660Z ok 21 - no fact in the metric column is printed twice
verify	Test (includes calendar, Signal, Timeline, and suite truth gates)	2026-09-05T23:41:11.7487159Z   ---
verify	Test (includes calendar, Signal, Timeline, and suite truth gates)	2026-09-05T23:41:11.7487526Z   duration_ms: 0.213475
verify	Test (includes calendar, Signal, Timeline, and suite truth gates)	2026-09-05T23:41:11.7487922Z   type: 'test'
verify	Test (includes calendar, Signal, Timeline, and suite truth gates)	2026-09-05T23:41:11.7488415Z   ...
verify	Test (includes calendar, Signal, Timeline, and suite truth gates)	2026-09-05T23:41:11.7489106Z # Subtest: the rail flips its axis below 620px rather than being the same rail, rewrapped
verify	Test (includes calendar, Signal, Timeline, and suite truth gates)	2026-09-05T23:41:11.7490090Z ok 22 - the rail flips its axis below 620px rather than being the same rail, rewrapped
verify	Test (includes calendar, Signal, Timeline, and suite truth gates)	2026-09-05T23:41:11.7490727Z   ---
verify	Test (includes calendar, Signal, Timeline, and suite truth gates)	2026-09-05T23:41:11.7491162Z   duration_ms: 0.404857
verify	Test (includes calendar, Signal, Timeline, and suite truth gates)	2026-09-05T23:41:11.7491572Z   type: 'test'
verify	Test (includes calendar, Signal, Timeline, and suite truth gates)	2026-09-05T23:41:11.7491943Z   ...
verify	Test (includes calendar, Signal, Timeline, and suite truth gates)	2026-09-05T23:41:11.7492655Z # Subtest: collision avoidance is replaced by showing every label on the vertical Timeline
verify	Test (includes calendar, Signal, Timeline, and suite truth gates)	2026-09-05T23:41:11.7493747Z ok 23 - collision avoidance is replaced by showing every label on the vertical Timeline
verify	Test (includes calendar, Signal, Timeline, and suite truth gates)	2026-09-05T23:41:11.7528742Z   ---
verify	Test (includes calendar, Signal, Timeline, and suite truth gates)	2026-09-05T23:41:11.7538821Z   duration_ms: 0.286383
verify	Test (includes calendar, Signal, Timeline, and suite truth gates)	2026-09-05T23:41:11.7568856Z   type: 'test'
verify	Test (includes calendar, Signal, Timeline, and suite truth gates)	2026-09-05T23:41:11.7569160Z   ...
verify	Test (includes calendar, Signal, Timeline, and suite truth gates)	2026-09-05T23:41:11.7569940Z # Subtest: the desktop editorial Timeline keeps its own widest tier
verify	Test (includes calendar, Signal, Timeline, and suite truth gates)	2026-09-05T23:41:11.7599334Z ok 24 - the desktop editorial Timeline keeps its own widest tier
verify	Test (includes calendar, Signal, Timeline, and suite truth gates)	2026-09-05T23:41:11.7618850Z   ---
verify	Test (includes calendar, Signal, Timeline, and suite truth gates)	2026-09-05T23:41:11.7649196Z   duration_ms: 0.209269
verify	Test (includes calendar, Signal, Timeline, and suite truth gates)	2026-09-05T23:41:11.7688810Z   type: 'test'
verify	Test (includes calendar, Signal, Timeline, and suite truth gates)	2026-09-05T23:41:11.7718789Z   ...
verify	Test (includes calendar, Signal, Timeline, and suite truth gates)	2026-09-05T23:41:11.7739301Z # Subtest: both Timelines are sized by container width, so the artifact is correct inside the phone preview too
verify	Test (includes calendar, Signal, Timeline, and suite truth gates)	2026-09-05T23:41:11.7769130Z ok 25 - both Timelines are sized by container width, so the artifact is correct inside the phone preview too
verify	Test (includes calendar, Signal, Timeline, and suite truth gates)	2026-09-05T23:41:11.7788900Z   ---
verify	Test (includes calendar, Signal, Timeline, and suite truth gates)	2026-09-05T23:41:11.7828841Z   duration_ms: 0.745209
verify	Test (includes calendar, Signal, Timeline, and suite truth gates)	2026-09-05T23:41:11.7888948Z   type: 'test'
verify	Test (includes calendar, Signal, Timeline, and suite truth gates)	2026-09-05T23:41:11.7949099Z   ...
verify	Test (includes calendar, Signal, Timeline, and suite truth gates)	2026-09-05T23:41:11.7989037Z # Subtest: the one-milestone stack of fixed minimums is gone
verify	Test (includes calendar, Signal, Timeline, and suite truth gates)	2026-09-05T23:41:11.7990093Z ok 26 - the one-milestone stack of fixed minimums is gone
verify	Test (includes calendar, Signal, Timeline, and suite truth gates)	2026-09-05T23:41:11.7998764Z   ---
verify	Test (includes calendar, Signal, Timeline, and suite truth gates)	2026-09-05T23:41:11.8019042Z   duration_ms: 1.610907
verify	Test (includes calendar, Signal, Timeline, and suite truth gates)	2026-09-05T23:41:11.8040368Z   type: 'test'
verify	Test (includes calendar, Signal, Timeline, and suite truth gates)	2026-09-05T23:41:11.8070180Z   ...
verify	Test (includes calendar, Signal, Timeline, and suite truth gates)	2026-09-05T23:41:11.8095098Z # Subtest: the sparse stage minimums are derived from the label they have to hold
verify	Test (includes calendar, Signal, Timeline, and suite truth gates)	2026-09-05T23:41:11.8095987Z ok 27 - the sparse stage minimums are derived from the label they have to hold
verify	Test (includes calendar, Signal, Timeline, and suite truth gates)	2026-09-05T23:41:11.8096470Z   ---
verify	Test (includes calendar, Signal, Timeline, and suite truth gates)	2026-09-05T23:41:11.8096724Z   duration_ms: 0.463825
verify	Test (includes calendar, Signal, Timeline, and suite truth gates)	2026-09-05T23:41:11.8097024Z   type: 'test'
verify	Test (includes calendar, Signal, Timeline, and suite truth gates)	2026-09-05T23:41:11.8097270Z   ...
verify	Test (includes calendar, Signal, Timeline, and suite truth gates)	2026-09-05T23:41:11.8097743Z # Subtest: one milestone fits the required viewports with room to spare
verify	Test (includes calendar, Signal, Timeline, and suite truth gates)	2026-09-05T23:41:11.8098577Z ok 28 - one milestone fits the required viewports with room to spare
verify	Test (includes calendar, Signal, Timeline, and suite truth gates)	2026-09-05T23:41:11.8099010Z   ---
verify	Test (includes calendar, Signal, Timeline, and suite truth gates)	2026-09-05T23:41:11.8099269Z   duration_ms: 3.380448
verify	Test (includes calendar, Signal, Timeline, and suite truth gates)	2026-09-05T23:41:11.8099545Z   type: 'test'
verify	Test (includes calendar, Signal, Timeline, and suite truth gates)	2026-09-05T23:41:11.8099790Z   ...
verify	Test (includes calendar, Signal, Timeline, and suite truth gates)	2026-09-05T23:41:11.8100239Z # Subtest: the artifact fills the screen without stranding its footer
verify	Test (includes calendar, Signal, Timeline, and suite truth gates)	2026-09-05T23:41:11.8100915Z ok 29 - the artifact fills the screen without stranding its footer
verify	Test (includes calendar, Signal, Timeline, and suite truth gates)	2026-09-05T23:41:11.8101345Z   ---
verify	Test (includes calendar, Signal, Timeline, and suite truth gates)	2026-09-05T23:41:11.8101590Z   duration_ms: 0.50116
verify	Test (includes calendar, Signal, Timeline, and suite truth gates)	2026-09-05T23:41:11.8101879Z   type: 'test'
verify	Test (includes calendar, Signal, Timeline, and suite truth gates)	2026-09-05T23:41:11.8102118Z   ...
verify	Test (includes calendar, Signal, Timeline, and suite truth gates)	2026-09-05T23:41:11.8102624Z # Subtest: nothing shrinks or hides content to make the page fit
verify	Test (includes calendar, Signal, Timeline, and suite truth gates)	2026-09-05T23:41:11.8132891Z ok 30 - nothing shrinks or hides content to make the page fit
verify	Test (includes calendar, Signal, Timeline, and suite truth gates)	2026-09-05T23:41:11.8134299Z   ---
verify	Test (includes calendar, Signal, Timeline, and suite truth gates)	2026-09-05T23:41:11.8134580Z   duration_ms: 0.62961
verify	Test (includes calendar, Signal, Timeline, and suite truth gates)	2026-09-05T23:41:11.8135871Z   type: 'test'
verify	Test (includes calendar, Signal, Timeline, and suite truth gates)	2026-09-05T23:41:11.8136152Z   ...
verify	Test (includes calendar, Signal, Timeline, and suite truth gates)	2026-09-05T23:41:11.8137603Z # Subtest: progress reads as one count, and `settled` is gone
verify	Test (includes calendar, Signal, Timeline, and suite truth gates)	2026-09-05T23:41:11.8139653Z ok 31 - progress reads as one count, and `settled` is gone
verify	Test (includes calendar, Signal, Timeline, and suite truth gates)	2026-09-05T23:41:11.8141035Z   ---
verify	Test (includes calendar, Signal, Timeline, and suite truth gates)	2026-09-05T23:41:11.8141303Z   duration_ms: 0.428643
verify	Test (includes calendar, Signal, Timeline, and suite truth gates)	2026-09-05T23:41:11.8142543Z   type: 'test'
verify	Test (includes calendar, Signal, Timeline, and suite truth gates)	2026-09-05T23:41:11.8142808Z   ...
verify	Test (includes calendar, Signal, Timeline, and suite truth gates)	2026-09-05T23:41:11.8144297Z # Subtest: the count is typeset as a sentence, never as a number and a stranded glyph
verify	Test (includes calendar, Signal, Timeline, and suite truth gates)	2026-09-05T23:41:11.8146063Z ok 32 - the count is typeset as a sentence, never as a number and a stranded glyph
verify	Test (includes calendar, Signal, Timeline, and suite truth gates)	2026-09-05T23:41:11.8147512Z   ---
verify	Test (includes calendar, Signal, Timeline, and suite truth gates)	2026-09-05T23:41:11.8147778Z   duration_ms: 0.315856
verify	Test (includes calendar, Signal, Timeline, and suite truth gates)	2026-09-05T23:41:11.8148740Z   type: 'test'
verify	Test (includes calendar, Signal, Timeline, and suite truth gates)	2026-09-05T23:41:11.8148981Z   ...
verify	Test (includes calendar, Signal, Timeline, and suite truth gates)	2026-09-05T23:41:11.8150387Z # Subtest: the counter never outranks the name it counts towards
verify	Test (includes calendar, Signal, Timeline, and suite truth gates)	2026-09-05T23:41:11.8152019Z ok 33 - the counter never outranks the name it counts towards
verify	Test (includes calendar, Signal, Timeline, and suite truth gates)	2026-09-05T23:41:11.8153476Z   ---
verify	Test (includes calendar, Signal, Timeline, and suite truth gates)	2026-09-05T23:41:11.8153740Z   duration_ms: 0.759371
verify	Test (includes calendar, Signal, Timeline, and suite truth gates)	2026-09-05T23:41:11.8154989Z   type: 'test'
verify	Test (includes calendar, Signal, Timeline, and suite truth gates)	2026-09-05T23:41:11.8155289Z   ...
verify	Test (includes calendar, Signal, Timeline, and suite truth gates)	2026-09-05T23:41:11.8156725Z # Subtest: one milestone renders one detail, and the plan renders one list
verify	Test (includes calendar, Signal, Timeline, and suite truth gates)	2026-09-05T23:41:11.8158613Z ok 34 - one milestone renders one detail, and the plan renders one list
verify	Test (includes calendar, Signal, Timeline, and suite truth gates)	2026-09-05T23:41:11.8160005Z   ---
verify	Test (includes calendar, Signal, Timeline, and suite truth gates)	2026-09-05T23:41:11.8160277Z   duration_ms: 0.524023
verify	Test (includes calendar, Signal, Timeline, and suite truth gates)	2026-09-05T23:41:11.8160574Z   type: 'test'
verify	Test (includes calendar, Signal, Timeline, and suite truth gates)	2026-09-05T23:41:11.8161729Z   ...
verify	Test (includes calendar, Signal, Timeline, and suite truth gates)	2026-09-05T23:41:11.8162291Z # Subtest: a long project title is re-sized, never truncated or forced onto one line
verify	Test (includes calendar, Signal, Timeline, and suite truth gates)	2026-09-05T23:41:11.8164756Z ok 35 - a long project title is re-sized, never truncated or forced onto one line
verify	Test (includes calendar, Signal, Timeline, and suite truth gates)	2026-09-05T23:41:11.8165257Z   ---
verify	Test (includes calendar, Signal, Timeline, and suite truth gates)	2026-09-05T23:41:11.8165523Z   duration_ms: 0.67069
verify	Test (includes calendar, Signal, Timeline, and suite truth gates)	2026-09-05T23:41:11.8165817Z   type: 'test'
verify	Test (includes calendar, Signal, Timeline, and suite truth gates)	2026-09-05T23:41:11.8177670Z   ...
verify	Test (includes calendar, Signal, Timeline, and suite truth gates)	2026-09-05T23:41:11.9809837Z # Subtest: five of twenty-three active milestones reads as 22 percent at a glance
verify	Test (includes calendar, Signal, Timeline, and suite truth gates)	2026-09-05T23:41:11.9811225Z ok 36 - five of twenty-three active milestones reads as 22 percent at a glance
verify	Test (includes calendar, Signal, Timeline, and suite truth gates)	2026-09-05T23:41:11.9842268Z   ---
verify	Test (includes calendar, Signal, Timeline, and suite truth gates)	2026-09-05T23:41:11.9869443Z   duration_ms: 5.499715
verify	Test (includes calendar, Signal, Timeline, and suite truth gates)	2026-09-05T23:41:11.9895222Z   type: 'test'
verify	Test (includes calendar, Signal, Timeline, and suite truth gates)	2026-09-05T23:41:11.9963060Z   ...
verify	Test (includes calendar, Signal, Timeline, and suite truth gates)	2026-09-05T23:41:11.9963985Z # Subtest: artifact density adapts only below the four-milestone standard threshold
verify	Test (includes calendar, Signal, Timeline, and suite truth gates)	2026-09-05T23:41:11.9965678Z ok 37 - artifact density adapts only below the four-milestone standard threshold
verify	Test (includes calendar, Signal, Timeline, and suite truth gates)	2026-09-05T23:41:11.9966830Z   ---
verify	Test (includes calendar, Signal, Timeline, and suite truth gates)	2026-09-05T23:41:11.9967274Z   duration_ms: 0.393491
verify	Test (includes calendar, Signal, Timeline, and suite truth gates)	2026-09-05T23:41:11.9967674Z   type: 'test'
verify	Test (includes calendar, Signal, Timeline, and suite truth gates)	2026-09-05T23:41:11.9968024Z   ...
verify	Test (includes calendar, Signal, Timeline, and suite truth gates)	2026-09-05T23:41:11.9968805Z # Subtest: undated milestones never render proportionally on a temporal axis
verify	Test (includes calendar, Signal, Timeline, and suite truth gates)	2026-09-05T23:41:11.9969704Z ok 38 - undated milestones never render proportionally on a temporal axis
verify	Test (includes calendar, Signal, Timeline, and suite truth gates)	2026-09-05T23:41:11.9970313Z   ---
verify	Test (includes calendar, Signal, Timeline, and suite truth gates)	2026-09-05T23:41:11.9970725Z   duration_ms: 0.997823
verify	Test (includes calendar, Signal, Timeline, and suite truth gates)	2026-09-05T23:41:11.9971271Z   type: 'test'
verify	Test (includes calendar, Signal, Timeline, and suite truth gates)	2026-09-05T23:41:11.9971689Z   ...
verify	Test (includes calendar, Signal, Timeline, and suite truth gates)	2026-09-05T23:41:11.9972257Z # Subtest: ordered mode is used when timing is incomplete
verify	Test (includes calendar, Signal, Timeline, and suite truth gates)	2026-09-05T23:41:11.9973117Z ok 39 - ordered mode is used when timing is incomplete
verify	Test (includes calendar, Signal, Timeline, and suite truth gates)	2026-09-05T23:41:11.9973724Z   ---
verify	Test (includes calendar, Signal, Timeline, and suite truth gates)	2026-09-05T23:41:11.9974127Z   duration_ms: 0.345861
verify	Test (includes calendar, Signal, Timeline, and suite truth gates)	2026-09-05T23:41:11.9974697Z   type: 'test'
verify	Test (includes calendar, Signal, Timeline, and suite truth gates)	2026-09-05T23:41:11.9975092Z   ...
verify	Test (includes calendar, Signal, Timeline, and suite truth gates)	2026-09-05T23:41:11.9975673Z # Subtest: dated mode only when sufficient timing exists
verify	Test (includes calendar, Signal, Timeline, and suite truth gates)	2026-09-05T23:41:11.9976567Z ok 40 - dated mode only when sufficient timing exists
verify	Test (includes calendar, Signal, Timeline, and suite truth gates)	2026-09-05T23:41:11.9977111Z   ---
verify	Test (includes calendar, Signal, Timeline, and suite truth gates)	2026-09-05T23:41:11.9977662Z   duration_ms: 3.529879
verify	Test (includes calendar, Signal, Timeline, and suite truth gates)	2026-09-05T23:41:11.9978095Z   type: 'test'
verify	Test (includes calendar, Signal, Timeline, and suite truth gates)	2026-09-05T23:41:11.9978590Z   ...
verify	Test (includes calendar, Signal, Timeline, and suite truth gates)	2026-09-05T23:41:11.9979392Z # Subtest: removing timing from one milestone falls back to ordered immediately
verify	Test (includes calendar, Signal, Timeline, and suite truth gates)	2026-09-05T23:41:11.9980344Z ok 41 - removing timing from one milestone falls back to ordered immediately
verify	Test (includes calendar, Signal, Timeline, and suite truth gates)	2026-09-05T23:41:11.9981161Z   ---
verify	Test (includes calendar, Signal, Timeline, and suite truth gates)	2026-09-05T23:41:11.9981588Z   duration_ms: 1.549556
verify	Test (includes calendar, Signal, Timeline, and suite truth gates)	2026-09-05T23:41:11.9982084Z   type: 'test'
verify	Test (includes calendar, Signal, Timeline, and suite truth gates)	2026-09-05T23:41:11.9982619Z   ...
verify	Test (includes calendar, Signal, Timeline, and suite truth gates)	2026-09-05T23:41:11.9983172Z # Subtest: Start and Finish show real dates in dated mode
verify	Test (includes calendar, Signal, Timeline, and suite truth gates)	2026-09-05T23:41:11.9984056Z ok 42 - Start and Finish show real dates in dated mode
verify	Test (includes calendar, Signal, Timeline, and suite truth gates)	2026-09-05T23:41:11.9984589Z   ---
verify	Test (includes calendar, Signal, Timeline, and suite truth gates)	2026-09-05T23:41:11.9984976Z   duration_ms: 0.675326
verify	Test (includes calendar, Signal, Timeline, and suite truth gates)	2026-09-05T23:41:11.9985590Z   type: 'test'
verify	Test (includes calendar, Signal, Timeline, and suite truth gates)	2026-09-05T23:41:11.9986029Z   ...
verify	Test (includes calendar, Signal, Timeline, and suite truth gates)	2026-09-05T23:41:11.9986640Z # Subtest: Start and Finish are not used misleadingly in ordered mode
verify	Test (includes calendar, Signal, Timeline, and suite truth gates)	2026-09-05T23:41:11.9987661Z ok 43 - Start and Finish are not used misleadingly in ordered mode
verify	Test (includes calendar, Signal, Timeline, and suite truth gates)	2026-09-05T23:41:11.9988493Z   ---
verify	Test (includes calendar, Signal, Timeline, and suite truth gates)	2026-09-05T23:41:11.9988928Z   duration_ms: 1.395959
verify	Test (includes calendar, Signal, Timeline, and suite truth gates)	2026-09-05T23:41:11.9989363Z   type: 'test'
verify	Test (includes calendar, Signal, Timeline, and suite truth gates)	2026-09-05T23:41:11.9989760Z   ...
verify	Test (includes calendar, Signal, Timeline, and suite truth gates)	2026-09-05T23:41:11.9990596Z # Subtest: a single undated milestone is never positioned at 50 on a time axis
verify	Test (includes calendar, Signal, Timeline, and suite truth gates)	2026-09-05T23:41:11.9991493Z ok 44 - a single undated milestone is never positioned at 50 on a time axis
verify	Test (includes calendar, Signal, Timeline, and suite truth gates)	2026-09-05T23:41:11.9992268Z   ---
verify	Test (includes calendar, Signal, Timeline, and suite truth gates)	2026-09-05T23:41:11.9992635Z   duration_ms: 0.682558
verify	Test (includes calendar, Signal, Timeline, and suite truth gates)	2026-09-05T23:41:11.9993014Z   type: 'test'
verify	Test (includes calendar, Signal, Timeline, and suite truth gates)	2026-09-05T23:41:11.9993497Z   ...
verify	Test (includes calendar, Signal, Timeline, and suite truth gates)	2026-09-05T23:41:11.9994066Z # Subtest: mixed dated and undated data renders ordered, not partially dated
verify	Test (includes calendar, Signal, Timeline, and suite truth gates)	2026-09-05T23:41:11.9995008Z ok 45 - mixed dated and undated data renders ordered, not partially dated
verify	Test (includes calendar, Signal, Timeline, and suite truth gates)	2026-09-05T23:41:11.9995579Z   ---
verify	Test (includes calendar, Signal, Timeline, and suite truth gates)	2026-09-05T23:41:11.9995967Z   duration_ms: 0.666473
verify	Test (includes calendar, Signal, Timeline, and suite truth gates)	2026-09-05T23:41:11.9996473Z   type: 'test'
verify	Test (includes calendar, Signal, Timeline, and suite truth gates)	2026-09-05T23:41:11.9996986Z   ...
verify	Test (includes calendar, Signal, Timeline, and suite truth gates)	2026-09-05T23:41:11.9997691Z # Subtest: undated milestones use an ordinal axis and never invent a Today marker
verify	Test (includes calendar, Signal, Timeline, and suite truth gates)	2026-09-05T23:41:11.9998820Z ok 46 - undated milestones use an ordinal axis and never invent a Today marker
verify	Test (includes calendar, Signal, Timeline, and suite truth gates)	2026-09-05T23:41:11.9999434Z   ---
verify	Test (includes calendar, Signal, Timeline, and suite truth gates)	2026-09-05T23:41:11.9999841Z   duration_ms: 0.319662
verify	Test (includes calendar, Signal, Timeline, and suite truth gates)	2026-09-05T23:41:12.0000466Z   type: 'test'
verify	Test (includes calendar, Signal, Timeline, and suite truth gates)	2026-09-05T23:41:12.0000894Z   ...
verify	Test (includes calendar, Signal, Timeline, and suite truth gates)	2026-09-05T23:41:12.0002058Z # Subtest: ordered rails inset their end marks so neither is drawn as a half-circle
verify	Test (includes calendar, Signal, Timeline, and suite truth gates)	2026-09-05T23:41:12.0003031Z ok 47 - ordered rails inset their end marks so neither is drawn as a half-circle
verify	Test (includes calendar, Signal, Timeline, and suite truth gates)	2026-09-05T23:41:12.0003791Z   ---
verify	Test (includes calendar, Signal, Timeline, and suite truth gates)	2026-09-05T23:41:12.0004192Z   duration_ms: 0.727414
verify	Test (includes calendar, Signal, Timeline, and suite truth gates)	2026-09-05T23:41:12.0004630Z   type: 'test'
verify	Test (includes calendar, Signal, Timeline, and suite truth gates)	2026-09-05T23:41:12.0005211Z   ...
verify	Test (includes calendar, Signal, Timeline, and suite truth gates)	2026-09-05T23:41:12.0005982Z # Subtest: one dated milestone uses calendar geometry only with a distinct date boundary
verify	Test (includes calendar, Signal, Timeline, and suite truth gates)	2026-09-05T23:41:12.0007368Z ok 48 - one dated milestone uses calendar geometry only with a distinct date boundary
verify	Test (includes calendar, Signal, Timeline, and suite truth gates)	2026-09-05T23:41:12.0008113Z   ---
verify	Test (includes calendar, Signal, Timeline, and suite truth gates)	2026-09-05T23:41:12.0008703Z   duration_ms: 0.371168
verify	Test (includes calendar, Signal, Timeline, and suite truth gates)	2026-09-05T23:41:12.0009160Z   type: 'test'
verify	Test (includes calendar, Signal, Timeline, and suite truth gates)	2026-09-05T23:41:12.0009559Z   ...
verify	Test (includes calendar, Signal, Timeline, and suite truth gates)	2026-09-05T23:41:12.0010285Z # Subtest: rail distance is calendar distance, everywhere on a dated axis
verify	Test (includes calendar, Signal, Timeline, and suite truth gates)	2026-09-05T23:41:12.0011350Z ok 49 - rail distance is calendar distance, everywhere on a dated axis
verify	Test (includes calendar, Signal, Timeline, and suite truth gates)	2026-09-05T23:41:12.0011976Z   ---
verify	Test (includes calendar, Signal, Timeline, and suite truth gates)	2026-09-05T23:41:12.0012420Z   duration_ms: 0.641396
verify	Test (includes calendar, Signal, Timeline, and suite truth gates)	2026-09-05T23:41:12.0012958Z   type: 'test'
verify	Test (includes calendar, Signal, Timeline, and suite truth gates)	2026-09-05T23:41:12.0013384Z   ...
verify	Test (includes calendar, Signal, Timeline, and suite truth gates)	2026-09-05T23:41:12.0014076Z # Subtest: Today keeps its place between the milestones it falls between
verify	Test (includes calendar, Signal, Timeline, and suite truth gates)	2026-09-05T23:41:12.0015081Z ok 50 - Today keeps its place between the milestones it falls between
verify	Test (includes calendar, Signal, Timeline, and suite truth gates)	2026-09-05T23:41:12.0015697Z   ---
verify	Test (includes calendar, Signal, Timeline, and suite truth gates)	2026-09-05T23:41:12.0016286Z   duration_ms: 0.425548
verify	Test (includes calendar, Signal, Timeline, and suite truth gates)	2026-09-05T23:41:12.0016758Z   type: 'test'
verify	Test (includes calendar, Signal, Timeline, and suite truth gates)	2026-09-05T23:41:12.0017199Z   ...
verify	Test (includes calendar, Signal, Timeline, and suite truth gates)	2026-09-05T23:41:12.0020858Z # Subtest: the next milestone prefers now, then next, then later
verify	Test (includes calendar, Signal, Timeline, and suite truth gates)	2026-09-05T23:41:12.0021974Z ok 51 - the next milestone prefers now, then next, then later
verify	Test (includes calendar, Signal, Timeline, and suite truth gates)	2026-09-05T23:41:12.0022602Z   ---
verify	Test (includes calendar, Signal, Timeline, and suite truth gates)	2026-09-05T23:41:12.0022990Z   duration_ms: 0.282186
verify	Test (includes calendar, Signal, Timeline, and suite truth gates)	2026-09-05T23:41:12.0023402Z   type: 'test'
verify	Test (includes calendar, Signal, Timeline, and suite truth gates)	2026-09-05T23:41:12.0023789Z   ...
verify	Test (includes calendar, Signal, Timeline, and suite truth gates)	2026-09-05T23:41:12.0024367Z # Subtest: Today is placed by calendar time rather than completion
verify	Test (includes calendar, Signal, Timeline, and suite truth gates)	2026-09-05T23:41:12.0025093Z ok 52 - Today is placed by calendar time rather than completion
verify	Test (includes calendar, Signal, Timeline, and suite truth gates)	2026-09-05T23:41:12.0025602Z   ---
verify	Test (includes calendar, Signal, Timeline, and suite truth gates)	2026-09-05T23:41:12.0025969Z   duration_ms: 0.273193
verify	Test (includes calendar, Signal, Timeline, and suite truth gates)	2026-09-05T23:41:12.0026379Z   type: 'test'
verify	Test (includes calendar, Signal, Timeline, and suite truth gates)	2026-09-05T23:41:12.0026754Z   ...
verify	Test (includes calendar, Signal, Timeline, and suite truth gates)	2026-09-05T23:41:12.0027325Z # Subtest: an overdue next milestone remains visibly distinct from Today
verify	Test (includes calendar, Signal, Timeline, and suite truth gates)	2026-09-05T23:41:12.0028393Z ok 53 - an overdue next milestone remains visibly distinct from Today
verify	Test (includes calendar, Signal, Timeline, and suite truth gates)	2026-09-05T23:41:12.0028948Z   ---
verify	Test (includes calendar, Signal, Timeline, and suite truth gates)	2026-09-05T23:41:12.0029314Z   duration_ms: 0.300032
verify	Test (includes calendar, Signal, Timeline, and suite truth gates)	2026-09-05T23:41:12.0029685Z   type: 'test'
verify	Test (includes calendar, Signal, Timeline, and suite truth gates)	2026-09-05T23:41:12.0030029Z   ...
verify	Test (includes calendar, Signal, Timeline, and suite truth gates)	2026-09-05T23:41:12.0030613Z # Subtest: extra labels fill the rail exactly as far as same-side spacing allows
verify	Test (includes calendar, Signal, Timeline, and suite truth gates)	2026-09-05T23:41:12.0031494Z ok 54 - extra labels fill the rail exactly as far as same-side spacing allows
verify	Test (includes calendar, Signal, Timeline, and suite truth gates)	2026-09-05T23:41:12.0032118Z   ---
verify	Test (includes calendar, Signal, Timeline, and suite truth gates)	2026-09-05T23:41:12.0032566Z   duration_ms: 0.493748
verify	Test (includes calendar, Signal, Timeline, and suite truth gates)	2026-09-05T23:41:12.0083140Z   type: 'test'
verify	Test (includes calendar, Signal, Timeline, and suite truth gates)	2026-09-05T23:41:12.0138890Z   ...
verify	Test (includes calendar, Signal, Timeline, and suite truth gates)	2026-09-05T23:41:12.0151434Z # Subtest: a run of marks no label could reach says how many it holds
verify	Test (includes calendar, Signal, Timeline, and suite truth gates)	2026-09-05T23:41:12.0159244Z ok 55 - a run of marks no label could reach says how many it holds
verify	Test (includes calendar, Signal, Timeline, and suite truth gates)	2026-09-05T23:41:12.0159914Z   ---
verify	Test (includes calendar, Signal, Timeline, and suite truth gates)	2026-09-05T23:41:12.0160341Z   duration_ms: 0.640656
verify	Test (includes calendar, Signal, Timeline, and suite truth gates)	2026-09-05T23:41:12.0160768Z   type: 'test'
verify	Test (includes calendar, Signal, Timeline, and suite truth gates)	2026-09-05T23:41:12.0161155Z   ...
verify	Test (includes calendar, Signal, Timeline, and suite truth gates)	2026-09-05T23:41:12.0161760Z # Subtest: the atlas yields to the marks it annotates, by measurement
verify	Test (includes calendar, Signal, Timeline, and suite truth gates)	2026-09-05T23:41:12.0162585Z ok 56 - the atlas yields to the marks it annotates, by measurement
verify	Test (includes calendar, Signal, Timeline, and suite truth gates)	2026-09-05T23:41:12.0163139Z   ---
verify	Test (includes calendar, Signal, Timeline, and suite truth gates)	2026-09-05T23:41:12.0163537Z   duration_ms: 0.229569
verify	Test (includes calendar, Signal, Timeline, and suite truth gates)	2026-09-05T23:41:12.0163944Z   type: 'test'
verify	Test (includes calendar, Signal, Timeline, and suite truth gates)	2026-09-05T23:41:12.0164316Z   ...
verify	Test (includes calendar, Signal, Timeline, and suite truth gates)	2026-09-05T23:41:12.0164924Z # Subtest: a plan too crowded to space by date states its order instead
verify	Test (includes calendar, Signal, Timeline, and suite truth gates)	2026-09-05T23:41:12.0165709Z ok 57 - a plan too crowded to space by date states its order instead
verify	Test (includes calendar, Signal, Timeline, and suite truth gates)	2026-09-05T23:41:12.0166271Z   ---
verify	Test (includes calendar, Signal, Timeline, and suite truth gates)	2026-09-05T23:41:12.0166654Z   duration_ms: 0.749857
verify	Test (includes calendar, Signal, Timeline, and suite truth gates)	2026-09-05T23:41:12.0167057Z   type: 'test'
verify	Test (includes calendar, Signal, Timeline, and suite truth gates)	2026-09-05T23:41:12.0167421Z   ...
verify	Test (includes calendar, Signal, Timeline, and suite truth gates)	2026-09-05T23:41:12.0168029Z # Subtest: the rail's span is stated in words for anyone who cannot see it
verify	Test (includes calendar, Signal, Timeline, and suite truth gates)	2026-09-05T23:41:12.0169438Z ok 58 - the rail's span is stated in words for anyone who cannot see it
verify	Test (includes calendar, Signal, Timeline, and suite truth gates)	2026-09-05T23:41:12.0170060Z   ---
verify	Test (includes calendar, Signal, Timeline, and suite truth gates)	2026-09-05T23:41:12.0170479Z   duration_ms: 2.682659
verify	Test (includes calendar, Signal, Timeline, and suite truth gates)	2026-09-05T23:41:12.0170837Z   type: 'test'
verify	Test (includes calendar, Signal, Timeline, and suite truth gates)	2026-09-05T23:41:12.0171132Z   ...
verify	Test (includes calendar, Signal, Timeline, and suite truth gates)	2026-09-05T23:41:12.0171634Z # Subtest: colliding labels step aside; the marks they name never move
verify	Test (includes calendar, Signal, Timeline, and suite truth gates)	2026-09-05T23:41:12.0172346Z ok 59 - colliding labels step aside; the marks they name never move
verify	Test (includes calendar, Signal, Timeline, and suite truth gates)	2026-09-05T23:41:12.0173037Z   ---
verify	Test (includes calendar, Signal, Timeline, and suite truth gates)	2026-09-05T23:41:12.0173359Z   duration_ms: 0.832178
verify	Test (includes calendar, Signal, Timeline, and suite truth gates)	2026-09-05T23:41:12.0173706Z   type: 'test'
verify	Test (includes calendar, Signal, Timeline, and suite truth gates)	2026-09-05T23:41:12.0174025Z   ...
verify	Test (includes calendar, Signal, Timeline, and suite truth gates)	2026-09-05T23:41:12.0174665Z # Subtest: countdown compares publication calendar dates without timezone drift
verify	Test (includes calendar, Signal, Timeline, and suite truth gates)	2026-09-05T23:41:12.0175491Z ok 60 - countdown compares publication calendar dates without timezone drift
verify	Test (includes calendar, Signal, Timeline, and suite truth gates)	2026-09-05T23:41:12.0176002Z   ---
verify	Test (includes calendar, Signal, Timeline, and suite truth gates)	2026-09-05T23:41:12.0176304Z   duration_ms: 1.299338
verify	Test (includes calendar, Signal, Timeline, and suite truth gates)	2026-09-05T23:41:12.0176629Z   type: 'test'
verify	Test (includes calendar, Signal, Timeline, and suite truth gates)	2026-09-05T23:41:12.0176920Z   ...
verify	Test (includes calendar, Signal, Timeline, and suite truth gates)	2026-09-05T23:41:12.0177512Z # Subtest: the completed ink frontier is the furthest completed dot, not the count percentage
verify	Test (includes calendar, Signal, Timeline, and suite truth gates)	2026-09-05T23:41:12.0178547Z ok 61 - the completed ink frontier is the furthest completed dot, not the count percentage
verify	Test (includes calendar, Signal, Timeline, and suite truth gates)	2026-09-05T23:41:12.0179168Z   ---
verify	Test (includes calendar, Signal, Timeline, and suite truth gates)	2026-09-05T23:41:12.0179505Z   duration_ms: 0.314504
verify	Test (includes calendar, Signal, Timeline, and suite truth gates)	2026-09-05T23:41:12.0179856Z   type: 'test'
verify	Test (includes calendar, Signal, Timeline, and suite truth gates)	2026-09-05T23:41:12.0180178Z   ...
verify	Test (includes calendar, Signal, Timeline, and suite truth gates)	2026-09-05T23:41:12.0180788Z # Subtest: stacked positions cap long quiet gaps and Today rides the same remap
verify	Test (includes calendar, Signal, Timeline, and suite truth gates)	2026-09-05T23:41:12.0181609Z ok 62 - stacked positions cap long quiet gaps and Today rides the same remap
verify	Test (includes calendar, Signal, Timeline, and suite truth gates)	2026-09-05T23:41:12.0182158Z   ---
verify	Test (includes calendar, Signal, Timeline, and suite truth gates)	2026-09-05T23:41:12.0182469Z   duration_ms: 5.311188
verify	Test (includes calendar, Signal, Timeline, and suite truth gates)	2026-09-05T23:41:12.0182817Z   type: 'test'
verify	Test (includes calendar, Signal, Timeline, and suite truth gates)	2026-09-05T23:41:12.0183139Z   ...
verify	Test (includes calendar, Signal, Timeline, and suite truth gates)	2026-09-05T23:41:12.0183708Z # Subtest: capStackGaps leaves already-even sequences and tiny sets untouched
verify	Test (includes calendar, Signal, Timeline, and suite truth gates)	2026-09-05T23:41:12.0184548Z ok 63 - capStackGaps leaves already-even sequences and tiny sets untouched
verify	Test (includes calendar, Signal, Timeline, and suite truth gates)	2026-09-05T23:41:12.0185123Z   ---
verify	Test (includes calendar, Signal, Timeline, and suite truth gates)	2026-09-05T23:41:12.0185441Z   duration_ms: 0.113207
verify	Test (includes calendar, Signal, Timeline, and suite truth gates)	2026-09-05T23:41:12.0185796Z   type: 'test'
verify	Test (includes calendar, Signal, Timeline, and suite truth gates)	2026-09-05T23:41:12.0186121Z   ...
verify	Test (includes calendar, Signal, Timeline, and suite truth gates)	2026-09-05T23:41:12.0186645Z # Subtest: no two stacked milestones are drawn closer than one label
verify	Test (includes calendar, Signal, Timeline, and suite truth gates)	2026-09-05T23:41:12.0187383Z ok 64 - no two stacked milestones are drawn closer than one label
verify	Test (includes calendar, Signal, Timeline, and suite truth gates)	2026-09-05T23:41:12.0187878Z   ---
verify	Test (includes calendar, Signal, Timeline, and suite truth gates)	2026-09-05T23:41:12.0188192Z   duration_ms: 0.436594
verify	Test (includes calendar, Signal, Timeline, and suite truth gates)	2026-09-05T23:41:12.0188695Z   type: 'test'
verify	Test (includes calendar, Signal, Timeline, and suite truth gates)	2026-09-05T23:41:12.0189039Z   ...
verify	Test (includes calendar, Signal, Timeline, and suite truth gates)	2026-09-05T23:41:12.0189660Z # Subtest: metric faces declare a width class so the wedding-day face can never clip
verify	Test (includes calendar, Signal, Timeline, and suite truth gates)	2026-09-05T23:41:12.0190540Z ok 65 - metric faces declare a width class so the wedding-day face can never clip
verify	Test (includes calendar, Signal, Timeline, and suite truth gates)	2026-09-05T23:41:12.0191118Z   ---
verify	Test (includes calendar, Signal, Timeline, and suite truth gates)	2026-09-05T23:41:12.0191436Z   duration_ms: 0.188238
verify	Test (includes calendar, Signal, Timeline, and suite truth gates)	2026-09-05T23:41:12.0191799Z   type: 'test'
verify	Test (includes calendar, Signal, Timeline, and suite truth gates)	2026-09-05T23:41:12.0192134Z   ...
verify	Test (includes calendar, Signal, Timeline, and suite truth gates)	2026-09-05T23:41:12.0192707Z # Subtest: month ticks ride the same mapping as the points and thin on long spans
verify	Test (includes calendar, Signal, Timeline, and suite truth gates)	2026-09-05T23:41:12.0193548Z ok 66 - month ticks ride the same mapping as the points and thin on long spans
verify	Test (includes calendar, Signal, Timeline, and suite truth gates)	2026-09-05T23:41:12.0194122Z   ---
verify	Test (includes calendar, Signal, Timeline, and suite truth gates)	2026-09-05T23:41:12.0194440Z   duration_ms: 0.608628
verify	Test (includes calendar, Signal, Timeline, and suite truth gates)	2026-09-05T23:41:12.0194805Z   type: 'test'
verify	Test (includes calendar, Signal, Timeline, and suite truth gates)	2026-09-05T23:41:12.0195118Z   ...
verify	Test (includes calendar, Signal, Timeline, and suite truth gates)	2026-09-05T23:41:12.0195681Z # Subtest: a project name picks its display size by length, and is never cut
verify	Test (includes calendar, Signal, Timeline, and suite truth gates)	2026-09-05T23:41:12.0196498Z ok 67 - a project name picks its display size by length, and is never cut
verify	Test (includes calendar, Signal, Timeline, and suite truth gates)	2026-09-05T23:41:12.0197042Z   ---
verify	Test (includes calendar, Signal, Timeline, and suite truth gates)	2026-09-05T23:41:12.0197363Z   duration_ms: 0.160587
verify	Test (includes calendar, Signal, Timeline, and suite truth gates)	2026-09-05T23:41:12.0197731Z   type: 'test'
verify	Test (includes calendar, Signal, Timeline, and suite truth gates)	2026-09-05T23:41:12.0198069Z   ...
verify	Test (includes calendar, Signal, Timeline, and suite truth gates)	2026-09-05T23:41:12.0199722Z # Subtest: the progress count declares its own treatment, not a digit width class
verify	Test (includes calendar, Signal, Timeline, and suite truth gates)	2026-09-05T23:41:12.0200605Z ok 68 - the progress count declares its own treatment, not a digit width class
verify	Test (includes calendar, Signal, Timeline, and suite truth gates)	2026-09-05T23:41:12.0201127Z   ---
verify	Test (includes calendar, Signal, Timeline, and suite truth gates)	2026-09-05T23:41:12.0201466Z   duration_ms: 0.114059
verify	Test (includes calendar, Signal, Timeline, and suite truth gates)	2026-09-05T23:41:12.0201801Z   type: 'test'
verify	Test (includes calendar, Signal, Timeline, and suite truth gates)	2026-09-05T23:41:12.0202338Z   ...
verify	Test (includes calendar, Signal, Timeline, and suite truth gates)	2026-09-05T23:41:12.1573838Z # Subtest: Audience share tokens carry 256 bits and only their SHA-256 digest is stable
verify	Test (includes calendar, Signal, Timeline, and suite truth gates)	2026-09-05T23:41:12.1624518Z ok 69 - Audience share tokens carry 256 bits and only their SHA-256 digest is stable
verify	Test (includes calendar, Signal, Timeline, and suite truth gates)	2026-09-05T23:41:12.1679765Z   ---
verify	Test (includes calendar, Signal, Timeline, and suite truth gates)	2026-09-05T23:41:12.1741629Z   duration_ms: 1.616956
verify	Test (includes calendar, Signal, Timeline, and suite truth gates)	2026-09-05T23:41:12.1763514Z   type: 'test'
verify	Test (includes calendar, Signal, Timeline, and suite truth gates)	2026-09-05T23:41:12.1764070Z   ...
verify	Test (includes calendar, Signal, Timeline, and suite truth gates)	2026-09-05T23:41:12.1764807Z # Subtest: strict public DTO accepts only the documented frozen projection
verify	Test (includes calendar, Signal, Timeline, and suite truth gates)	2026-09-05T23:41:12.1765992Z ok 70 - strict public DTO accepts only the documented frozen projection
verify	Test (includes calendar, Signal, Timeline, and suite truth gates)	2026-09-05T23:41:12.1766651Z   ---
verify	Test (includes calendar, Signal, Timeline, and suite truth gates)	2026-09-05T23:41:12.1767140Z   duration_ms: 1.514595
verify	Test (includes calendar, Signal, Timeline, and suite truth gates)	2026-09-05T23:41:12.1767596Z   type: 'test'
verify	Test (includes calendar, Signal, Timeline, and suite truth gates)	2026-09-05T23:41:12.1768025Z   ...
verify	Test (includes calendar, Signal, Timeline, and suite truth gates)	2026-09-05T23:41:12.1768786Z # Subtest: public DTO rejects private field workspaceId
verify	Test (includes calendar, Signal, Timeline, and suite truth gates)	2026-09-05T23:41:12.1769543Z ok 71 - public DTO rejects private field workspaceId
verify	Test (includes calendar, Signal, Timeline, and suite truth gates)	2026-09-05T23:41:12.1770112Z   ---
verify	Test (includes calendar, Signal, Timeline, and suite truth gates)	2026-09-05T23:41:12.1770557Z   duration_ms: 0.490374
verify	Test (includes calendar, Signal, Timeline, and suite truth gates)	2026-09-05T23:41:12.1771003Z   type: 'test'
verify	Test (includes calendar, Signal, Timeline, and suite truth gates)	2026-09-05T23:41:12.1771402Z   ...
verify	Test (includes calendar, Signal, Timeline, and suite truth gates)	2026-09-05T23:41:12.1771916Z # Subtest: public DTO rejects private field userId
verify	Test (includes calendar, Signal, Timeline, and suite truth gates)	2026-09-05T23:41:12.1772579Z ok 72 - public DTO rejects private field userId
verify	Test (includes calendar, Signal, Timeline, and suite truth gates)	2026-09-05T23:41:12.1773125Z   ---
verify	Test (includes calendar, Signal, Timeline, and suite truth gates)	2026-09-05T23:41:12.1773560Z   duration_ms: 0.160667
verify	Test (includes calendar, Signal, Timeline, and suite truth gates)	2026-09-05T23:41:12.1774033Z   type: 'test'
verify	Test (includes calendar, Signal, Timeline, and suite truth gates)	2026-09-05T23:41:12.1774464Z   ...
verify	Test (includes calendar, Signal, Timeline, and suite truth gates)	2026-09-05T23:41:12.1775019Z # Subtest: public DTO rejects private field ownerEmail
verify	Test (includes calendar, Signal, Timeline, and suite truth gates)	2026-09-05T23:41:12.1775745Z ok 73 - public DTO rejects private field ownerEmail
verify	Test (includes calendar, Signal, Timeline, and suite truth gates)	2026-09-05T23:41:12.1776311Z   ---
verify	Test (includes calendar, Signal, Timeline, and suite truth gates)	2026-09-05T23:41:12.1776728Z   duration_ms: 0.140086
verify	Test (includes calendar, Signal, Timeline, and suite truth gates)	2026-09-05T23:41:12.1777183Z   type: 'test'
verify	Test (includes calendar, Signal, Timeline, and suite truth gates)	2026-09-05T23:41:12.1777609Z   ...
verify	Test (includes calendar, Signal, Timeline, and suite truth gates)	2026-09-05T23:41:12.1778146Z # Subtest: public DTO rejects private field membership
verify	Test (includes calendar, Signal, Timeline, and suite truth gates)	2026-09-05T23:41:12.1778999Z ok 74 - public DTO rejects private field membership
verify	Test (includes calendar, Signal, Timeline, and suite truth gates)	2026-09-05T23:41:12.1779526Z   ---
verify	Test (includes calendar, Signal, Timeline, and suite truth gates)	2026-09-05T23:41:12.1779919Z   duration_ms: 0.110604
verify	Test (includes calendar, Signal, Timeline, and suite truth gates)	2026-09-05T23:41:12.1780380Z   type: 'test'
verify	Test (includes calendar, Signal, Timeline, and suite truth gates)	2026-09-05T23:41:12.1780810Z   ...
verify	Test (includes calendar, Signal, Timeline, and suite truth gates)	2026-09-05T23:41:12.1781422Z # Subtest: public DTO rejects private field description
verify	Test (includes calendar, Signal, Timeline, and suite truth gates)	2026-09-05T23:41:12.1782111Z ok 75 - public DTO rejects private field description
verify	Test (includes calendar, Signal, Timeline, and suite truth gates)	2026-09-05T23:41:12.1782656Z   ---
verify	Test (includes calendar, Signal, Timeline, and suite truth gates)	2026-09-05T23:41:12.1783094Z   duration_ms: 0.175809
verify	Test (includes calendar, Signal, Timeline, and suite truth gates)	2026-09-05T23:41:12.1783516Z   type: 'test'
verify	Test (includes calendar, Signal, Timeline, and suite truth gates)	2026-09-05T23:41:12.1783921Z   ...
verify	Test (includes calendar, Signal, Timeline, and suite truth gates)	2026-09-05T23:41:12.1784448Z # Subtest: public DTO rejects private field notes
verify	Test (includes calendar, Signal, Timeline, and suite truth gates)	2026-09-05T23:41:12.1785129Z ok 76 - public DTO rejects private field notes
verify	Test (includes calendar, Signal, Timeline, and suite truth gates)	2026-09-05T23:41:12.1785673Z   ---
verify	Test (includes calendar, Signal, Timeline, and suite truth gates)	2026-09-05T23:41:12.1786089Z   duration_ms: 0.11502
verify	Test (includes calendar, Signal, Timeline, and suite truth gates)	2026-09-05T23:41:12.1786547Z   type: 'test'
verify	Test (includes calendar, Signal, Timeline, and suite truth gates)	2026-09-05T23:41:12.1786962Z   ...
verify	Test (includes calendar, Signal, Timeline, and suite truth gates)	2026-09-05T23:41:12.1787464Z # Subtest: public DTO rejects private field comments
verify	Test (includes calendar, Signal, Timeline, and suite truth gates)	2026-09-05T23:41:12.1788134Z ok 77 - public DTO rejects private field comments
verify	Test (includes calendar, Signal, Timeline, and suite truth gates)	2026-09-05T23:41:12.1788844Z   ---
verify	Test (includes calendar, Signal, Timeline, and suite truth gates)	2026-09-05T23:41:12.1789258Z   duration_ms: 0.255337
verify	Test (includes calendar, Signal, Timeline, and suite truth gates)	2026-09-05T23:41:12.1789708Z   type: 'test'
verify	Test (includes calendar, Signal, Timeline, and suite truth gates)	2026-09-05T23:41:12.1790120Z   ...
verify	Test (includes calendar, Signal, Timeline, and suite truth gates)	2026-09-05T23:41:12.1790670Z # Subtest: public DTO rejects private field attachments
verify	Test (includes calendar, Signal, Timeline, and suite truth gates)	2026-09-05T23:41:12.1791371Z ok 78 - public DTO rejects private field attachments
verify	Test (includes calendar, Signal, Timeline, and suite truth gates)	2026-09-05T23:41:12.1791926Z   ---
verify	Test (includes calendar, Signal, Timeline, and suite truth gates)	2026-09-05T23:41:12.1792341Z   duration_ms: 0.369905
verify	Test (includes calendar, Signal, Timeline, and suite truth gates)	2026-09-05T23:41:12.1792783Z   type: 'test'
verify	Test (includes calendar, Signal, Timeline, and suite truth gates)	2026-09-05T23:41:12.1793209Z   ...
verify	Test (includes calendar, Signal, Timeline, and suite truth gates)	2026-09-05T23:41:12.1793790Z # Subtest: public DTO rejects private field sourceRelation
verify	Test (includes calendar, Signal, Timeline, and suite truth gates)	2026-09-05T23:41:12.1794553Z ok 79 - public DTO rejects private field sourceRelation
verify	Test (includes calendar, Signal, Timeline, and suite truth gates)	2026-09-05T23:41:12.1795124Z   ---
verify	Test (includes calendar, Signal, Timeline, and suite truth gates)	2026-09-05T23:41:12.1795527Z   duration_ms: 0.133547
verify	Test (includes calendar, Signal, Timeline, and suite truth gates)	2026-09-05T23:41:12.1795985Z   type: 'test'
verify	Test (includes calendar, Signal, Timeline, and suite truth gates)	2026-09-05T23:41:12.1796424Z   ...
verify	Test (includes calendar, Signal, Timeline, and suite truth gates)	2026-09-05T23:41:12.1797030Z # Subtest: public DTO rejects pupil data and unknown nested keys
verify	Test (includes calendar, Signal, Timeline, and suite truth gates)	2026-09-05T23:41:12.1797847Z ok 80 - public DTO rejects pupil data and unknown nested keys
verify	Test (includes calendar, Signal, Timeline, and suite truth gates)	2026-09-05T23:41:12.1798636Z   ---
verify	Test (includes calendar, Signal, Timeline, and suite truth gates)	2026-09-05T23:41:12.1799083Z   duration_ms: 0.277319
verify	Test (includes calendar, Signal, Timeline, and suite truth gates)	2026-09-05T23:41:12.1799951Z   type: 'test'
verify	Test (includes calendar, Signal, Timeline, and suite truth gates)	2026-09-05T23:41:12.1800451Z   ...
verify	Test (includes calendar, Signal, Timeline, and suite truth gates)	2026-09-05T23:41:12.1801122Z # Subtest: revocation, rotation, and expiry are immediate access decisions
verify	Test (includes calendar, Signal, Timeline, and suite truth gates)	2026-09-05T23:41:12.1802037Z ok 81 - revocation, rotation, and expiry are immediate access decisions
verify	Test (includes calendar, Signal, Timeline, and suite truth gates)	2026-09-05T23:41:12.1802702Z   ---
verify	Test (includes calendar, Signal, Timeline, and suite truth gates)	2026-09-05T23:41:12.1803139Z   duration_ms: 0.205793
verify	Test (includes calendar, Signal, Timeline, and suite truth gates)	2026-09-05T23:41:12.1803611Z   type: 'test'
verify	Test (includes calendar, Signal, Timeline, and suite truth gates)	2026-09-05T23:41:12.1804027Z   ...
verify	Test (includes calendar, Signal, Timeline, and suite truth gates)	2026-09-05T23:41:12.1804696Z # Subtest: promotion refuses a source object from another canonical workspace
verify	Test (includes calendar, Signal, Timeline, and suite truth gates)	2026-09-05T23:41:12.1805902Z ok 82 - promotion refuses a source object from another canonical workspace
verify	Test (includes calendar, Signal, Timeline, and suite truth gates)	2026-09-05T23:41:12.1806580Z   ---
verify	Test (includes calendar, Signal, Timeline, and suite truth gates)	2026-09-05T23:41:12.1806999Z   duration_ms: 0.193586
verify	Test (includes calendar, Signal, Timeline, and suite truth gates)	2026-09-05T23:41:12.1807454Z   type: 'test'
verify	Test (includes calendar, Signal, Timeline, and suite truth gates)	2026-09-05T23:41:12.1807867Z   ...
verify	Test (includes calendar, Signal, Timeline, and suite truth gates)	2026-09-05T23:41:12.1808813Z # Subtest: synced promotion requires project-level canonical provenance; manual nodes remain local
verify	Test (includes calendar, Signal, Timeline, and suite truth gates)	2026-09-05T23:41:12.1810011Z ok 83 - synced promotion requires project-level canonical provenance; manual nodes remain local
verify	Test (includes calendar, Signal, Timeline, and suite truth gates)	2026-09-05T23:41:12.1810762Z   ---
verify	Test (includes calendar, Signal, Timeline, and suite truth gates)	2026-09-05T23:41:12.1811194Z   duration_ms: 1.739357
verify	Test (includes calendar, Signal, Timeline, and suite truth gates)	2026-09-05T23:41:12.1811667Z   type: 'test'
verify	Test (includes calendar, Signal, Timeline, and suite truth gates)	2026-09-05T23:41:12.1812088Z   ...
verify	Test (includes calendar, Signal, Timeline, and suite truth gates)	2026-09-05T23:41:12.1812763Z # Subtest: Today uses the publication IANA timezone across Dublin summer rollover
verify	Test (includes calendar, Signal, Timeline, and suite truth gates)	2026-09-05T23:41:12.1813702Z ok 84 - Today uses the publication IANA timezone across Dublin summer rollover
verify	Test (includes calendar, Signal, Timeline, and suite truth gates)	2026-09-05T23:41:12.1814367Z   ---
verify	Test (includes calendar, Signal, Timeline, and suite truth gates)	2026-09-05T23:41:12.1814788Z   duration_ms: 18.447422
verify	Test (includes calendar, Signal, Timeline, and suite truth gates)	2026-09-05T23:41:12.1815279Z   type: 'test'
verify	Test (includes calendar, Signal, Timeline, and suite truth gates)	2026-09-05T23:41:12.1815677Z   ...
verify	Test (includes calendar, Signal, Timeline, and suite truth gates)	2026-09-05T23:41:12.1816302Z # Subtest: Dublin winter and Tokyo rollover remain calendar-date correct
verify	Test (includes calendar, Signal, Timeline, and suite truth gates)	2026-09-05T23:41:12.1817183Z ok 85 - Dublin winter and Tokyo rollover remain calendar-date correct
verify	Test (includes calendar, Signal, Timeline, and suite truth gates)	2026-09-05T23:41:12.1817804Z   ---
verify	Test (includes calendar, Signal, Timeline, and suite truth gates)	2026-09-05T23:41:12.1818217Z   duration_ms: 0.667425
verify	Test (includes calendar, Signal, Timeline, and suite truth gates)	2026-09-05T23:41:12.1818829Z   type: 'test'
verify	Test (includes calendar, Signal, Timeline, and suite truth gates)	2026-09-05T23:41:12.1819301Z   ...
verify	Test (includes calendar, Signal, Timeline, and suite truth gates)	2026-09-05T23:41:12.1820057Z # Subtest: source divergence never mutates the frozen public copy
verify	Test (includes calendar, Signal, Timeline, and suite truth gates)	2026-09-05T23:41:12.1821057Z ok 86 - source divergence never mutates the frozen public copy
verify	Test (includes calendar, Signal, Timeline, and suite truth gates)	2026-09-05T23:41:12.1821774Z   ---
verify	Test (includes calendar, Signal, Timeline, and suite truth gates)	2026-09-05T23:41:12.1822227Z   duration_ms: 0.430966
verify	Test (includes calendar, Signal, Timeline, and suite truth gates)	2026-09-05T23:41:12.1822755Z   type: 'test'
verify	Test (includes calendar, Signal, Timeline, and suite truth gates)	2026-09-05T23:41:12.1823239Z   ...
verify	Test (includes calendar, Signal, Timeline, and suite truth gates)	2026-09-05T23:41:12.1824010Z # Subtest: a link expiry ends at the publication's own midnight, never bare UTC
verify	Test (includes calendar, Signal, Timeline, and suite truth gates)	2026-09-05T23:41:12.1824985Z ok 87 - a link expiry ends at the publication's own midnight, never bare UTC
verify	Test (includes calendar, Signal, Timeline, and suite truth gates)	2026-09-05T23:41:12.1825652Z   ---
verify	Test (includes calendar, Signal, Timeline, and suite truth gates)	2026-09-05T23:41:12.1826072Z   duration_ms: 1.231407
verify	Test (includes calendar, Signal, Timeline, and suite truth gates)	2026-09-05T23:41:12.1826546Z   type: 'test'
verify	Test (includes calendar, Signal, Timeline, and suite truth gates)	2026-09-05T23:41:12.1826974Z   ...
verify	Test (includes calendar, Signal, Timeline, and suite truth gates)	2026-09-05T23:41:12.2475139Z # Subtest: the review suite runs on one clock: Timeline's fixture today equals the pinned calendar frame
verify	Test (includes calendar, Signal, Timeline, and suite truth gates)	2026-09-05T23:41:12.2482843Z ok 88 - the review suite runs on one clock: Timeline's fixture today equals the pinned calendar frame
verify	Test (includes calendar, Signal, Timeline, and suite truth gates)	2026-09-05T23:41:12.2487258Z   ---
verify	Test (includes calendar, Signal, Timeline, and suite truth gates)	2026-09-05T23:41:12.2487711Z   duration_ms: 0.961239
verify	Test (includes calendar, Signal, Timeline, and suite truth gates)	2026-09-05T23:41:12.2488207Z   type: 'test'
verify	Test (includes calendar, Signal, Timeline, and suite truth gates)	2026-09-05T23:41:12.2488772Z   ...
verify	Test (includes calendar, Signal, Timeline, and suite truth gates)	2026-09-05T23:41:12.2489492Z # Subtest: owner preview uses the same strict public projection as the shared artifact
verify	Test (includes calendar, Signal, Timeline, and suite truth gates)	2026-09-05T23:41:12.2490703Z ok 89 - owner preview uses the same strict public projection as the shared artifact
verify	Test (includes calendar, Signal, Timeline, and suite truth gates)	2026-09-05T23:41:12.2491342Z   ---
verify	Test (includes calendar, Signal, Timeline, and suite truth gates)	2026-09-05T23:41:12.2491730Z   duration_ms: 21.526911
verify	Test (includes calendar, Signal, Timeline, and suite truth gates)	2026-09-05T23:41:12.2492172Z   type: 'test'
verify	Test (includes calendar, Signal, Timeline, and suite truth gates)	2026-09-05T23:41:12.2492576Z   ...
verify	Test (includes calendar, Signal, Timeline, and suite truth gates)	2026-09-05T23:41:12.2493281Z # Subtest: live owner project preview preserves the public allowlist and wedding framing
verify	Test (includes calendar, Signal, Timeline, and suite truth gates)	2026-09-05T23:41:12.2494304Z ok 90 - live owner project preview preserves the public allowlist and wedding framing
verify	Test (includes calendar, Signal, Timeline, and suite truth gates)	2026-09-05T23:41:12.2494981Z   ---
verify	Test (includes calendar, Signal, Timeline, and suite truth gates)	2026-09-05T23:41:12.2495388Z   duration_ms: 0.898926
verify	Test (includes calendar, Signal, Timeline, and suite truth gates)	2026-09-05T23:41:12.2495841Z   type: 'test'
verify	Test (includes calendar, Signal, Timeline, and suite truth gates)	2026-09-05T23:41:12.2496252Z   ...
verify	Test (includes calendar, Signal, Timeline, and suite truth gates)	2026-09-05T23:41:12.2497001Z # Subtest: review context uses the canonical Tasks workspace and three authorised weddings
verify	Test (includes calendar, Signal, Timeline, and suite truth gates)	2026-09-05T23:41:12.2498039Z ok 91 - review context uses the canonical Tasks workspace and three authorised weddings
verify	Test (includes calendar, Signal, Timeline, and suite truth gates)	2026-09-05T23:41:12.2499254Z   ---
verify	Test (includes calendar, Signal, Timeline, and suite truth gates)	2026-09-05T23:41:12.2499664Z   duration_ms: 0.286843
verify	Test (includes calendar, Signal, Timeline, and suite truth gates)	2026-09-05T23:41:12.2500117Z   type: 'test'
verify	Test (includes calendar, Signal, Timeline, and suite truth gates)	2026-09-05T23:41:12.2500522Z   ...
verify	Test (includes calendar, Signal, Timeline, and suite truth gates)	2026-09-05T23:41:12.2501212Z # Subtest: review owner artifact is the approved Mara and Finn public projection
verify	Test (includes calendar, Signal, Timeline, and suite truth gates)	2026-09-05T23:41:12.2502153Z ok 92 - review owner artifact is the approved Mara and Finn public projection
verify	Test (includes calendar, Signal, Timeline, and suite truth gates)	2026-09-05T23:41:12.2502992Z   ---
verify	Test (includes calendar, Signal, Timeline, and suite truth gates)	2026-09-05T23:41:12.2503418Z   duration_ms: 1.473765
verify	Test (includes calendar, Signal, Timeline, and suite truth gates)	2026-09-05T23:41:12.2503870Z   type: 'test'
verify	Test (includes calendar, Signal, Timeline, and suite truth gates)	2026-09-05T23:41:12.2504278Z   ...
verify	Test (includes calendar, Signal, Timeline, and suite truth gates)	2026-09-05T23:41:12.4446753Z # Subtest: keyboard reorder moves a milestone within its visible public-state group
verify	Test (includes calendar, Signal, Timeline, and suite truth gates)	2026-09-05T23:41:12.4497047Z ok 93 - keyboard reorder moves a milestone within its visible public-state group
verify	Test (includes calendar, Signal, Timeline, and suite truth gates)	2026-09-05T23:41:12.4517519Z   ---
verify	Test (includes calendar, Signal, Timeline, and suite truth gates)	2026-09-05T23:41:12.4518075Z   duration_ms: 1.577648
verify	Test (includes calendar, Signal, Timeline, and suite truth gates)	2026-09-05T23:41:12.4590698Z   type: 'test'
verify	Test (includes calendar, Signal, Timeline, and suite truth gates)	2026-09-05T23:41:12.4598874Z   ...
verify	Test (includes calendar, Signal, Timeline, and suite truth gates)	2026-09-05T23:41:12.4599450Z # Subtest: keyboard reorder does not cross a visible group boundary
verify	Test (includes calendar, Signal, Timeline, and suite truth gates)	2026-09-05T23:41:12.4600125Z ok 94 - keyboard reorder does not cross a visible group boundary
verify	Test (includes calendar, Signal, Timeline, and suite truth gates)	2026-09-05T23:41:12.4600565Z   ---
verify	Test (includes calendar, Signal, Timeline, and suite truth gates)	2026-09-05T23:41:12.4600811Z   duration_ms: 0.242217
verify	Test (includes calendar, Signal, Timeline, and suite truth gates)	2026-09-05T23:41:12.4601104Z   type: 'test'
verify	Test (includes calendar, Signal, Timeline, and suite truth gates)	2026-09-05T23:41:12.4601353Z   ...
verify	Test (includes calendar, Signal, Timeline, and suite truth gates)	2026-09-05T23:41:12.4601814Z # Subtest: hidden and unknown milestones cannot be keyboard-reordered
verify	Test (includes calendar, Signal, Timeline, and suite truth gates)	2026-09-05T23:41:12.4602514Z ok 95 - hidden and unknown milestones cannot be keyboard-reordered
verify	Test (includes calendar, Signal, Timeline, and suite truth gates)	2026-09-05T23:41:12.4602947Z   ---
verify	Test (includes calendar, Signal, Timeline, and suite truth gates)	2026-09-05T23:41:12.4603189Z   duration_ms: 0.166515
verify	Test (includes calendar, Signal, Timeline, and suite truth gates)	2026-09-05T23:41:12.4603484Z   type: 'test'
verify	Test (includes calendar, Signal, Timeline, and suite truth gates)	2026-09-05T23:41:12.4603725Z   ...
verify	Test (includes calendar, Signal, Timeline, and suite truth gates)	2026-09-05T23:41:12.9387069Z # Subtest: existing overlay columns persist inherit, custom, and undated intent distinctly
verify	Test (includes calendar, Signal, Timeline, and suite truth gates)	2026-09-05T23:41:12.9388124Z ok 96 - existing overlay columns persist inherit, custom, and undated intent distinctly
verify	Test (includes calendar, Signal, Timeline, and suite truth gates)	2026-09-05T23:41:12.9388842Z   ---
verify	Test (includes calendar, Signal, Timeline, and suite truth gates)	2026-09-05T23:41:12.9428792Z   duration_ms: 2.093299
verify	Test (includes calendar, Signal, Timeline, and suite truth gates)	2026-09-05T23:41:12.9454185Z   type: 'test'
verify	Test (includes calendar, Signal, Timeline, and suite truth gates)	2026-09-05T23:41:12.9454569Z   ...
verify	Test (includes calendar, Signal, Timeline, and suite truth gates)	2026-09-05T23:41:12.9455072Z # Subtest: legacy lane values remain readable during zero-downtime rollout
verify	Test (includes calendar, Signal, Timeline, and suite truth gates)	2026-09-05T23:41:12.9455713Z ok 97 - legacy lane values remain readable during zero-downtime rollout
verify	Test (includes calendar, Signal, Timeline, and suite truth gates)	2026-09-05T23:41:12.9456114Z   ---
verify	Test (includes calendar, Signal, Timeline, and suite truth gates)	2026-09-05T23:41:12.9456377Z   duration_ms: 0.158504
verify	Test (includes calendar, Signal, Timeline, and suite truth gates)	2026-09-05T23:41:12.9456728Z   type: 'test'
verify	Test (includes calendar, Signal, Timeline, and suite truth gates)	2026-09-05T23:41:12.9457014Z   ...
verify	Test (includes calendar, Signal, Timeline, and suite truth gates)	2026-09-05T23:41:13.0707655Z # Subtest: cross-product milestone source is keyed by immutable clerk_id
verify	Test (includes calendar, Signal, Timeline, and suite truth gates)	2026-09-05T23:41:13.0708756Z ok 98 - cross-product milestone source is keyed by immutable clerk_id
verify	Test (includes calendar, Signal, Timeline, and suite truth gates)	2026-09-05T23:41:13.0709442Z   ---
verify	Test (includes calendar, Signal, Timeline, and suite truth gates)	2026-09-05T23:41:13.0709787Z   duration_ms: 5.174706
verify	Test (includes calendar, Signal, Timeline, and suite truth gates)	2026-09-05T23:41:13.0710201Z   type: 'test'
verify	Test (includes calendar, Signal, Timeline, and suite truth gates)	2026-09-05T23:41:13.0710442Z   ...
verify	Test (includes calendar, Signal, Timeline, and suite truth gates)	2026-09-05T23:41:13.0710865Z # Subtest: Timeline consumes the versioned Tasks read contract
verify	Test (includes calendar, Signal, Timeline, and suite truth gates)	2026-09-05T23:41:13.0711451Z ok 99 - Timeline consumes the versioned Tasks read contract
verify	Test (includes calendar, Signal, Timeline, and suite truth gates)	2026-09-05T23:41:13.0711911Z   ---
verify	Test (includes calendar, Signal, Timeline, and suite truth gates)	2026-09-05T23:41:13.0712141Z   duration_ms: 0.309737
verify	Test (includes calendar, Signal, Timeline, and suite truth gates)	2026-09-05T23:41:13.0712446Z   type: 'test'
verify	Test (includes calendar, Signal, Timeline, and suite truth gates)	2026-09-05T23:41:13.0712683Z   ...
verify	Test (includes calendar, Signal, Timeline, and suite truth gates)	2026-09-05T23:41:13.0713280Z # Subtest: canonicaliseStatus, todo → next
verify	Test (includes calendar, Signal, Timeline, and suite truth gates)	2026-09-05T23:41:13.0713768Z ok 100 - canonicaliseStatus, todo → next
verify	Test (includes calendar, Signal, Timeline, and suite truth gates)	2026-09-05T23:41:13.0714107Z   ---
verify	Test (includes calendar, Signal, Timeline, and suite truth gates)	2026-09-05T23:41:13.0714344Z   duration_ms: 0.097985
verify	Test (includes calendar, Signal, Timeline, and suite truth gates)	2026-09-05T23:41:13.0714610Z   type: 'test'
verify	Test (includes calendar, Signal, Timeline, and suite truth gates)	2026-09-05T23:41:13.0714854Z   ...
verify	Test (includes calendar, Signal, Timeline, and suite truth gates)	2026-09-05T23:41:13.0715279Z # Subtest: canonicaliseStatus, doing → in-flight
verify	Test (includes calendar, Signal, Timeline, and suite truth gates)	2026-09-05T23:41:13.0715795Z ok 101 - canonicaliseStatus, doing → in-flight
verify	Test (includes calendar, Signal, Timeline, and suite truth gates)	2026-09-05T23:41:13.0716146Z   ---
verify	Test (includes calendar, Signal, Timeline, and suite truth gates)	2026-09-05T23:41:13.0716382Z   duration_ms: 0.064976
verify	Test (includes calendar, Signal, Timeline, and suite truth gates)	2026-09-05T23:41:13.0716644Z   type: 'test'
verify	Test (includes calendar, Signal, Timeline, and suite truth gates)	2026-09-05T23:41:13.0716867Z   ...
verify	Test (includes calendar, Signal, Timeline, and suite truth gates)	2026-09-05T23:41:13.0717268Z # Subtest: canonicaliseStatus, review → in-flight
verify	Test (includes calendar, Signal, Timeline, and suite truth gates)	2026-09-05T23:41:13.0717942Z ok 102 - canonicaliseStatus, review → in-flight
verify	Test (includes calendar, Signal, Timeline, and suite truth gates)	2026-09-05T23:41:13.0718401Z   ---
verify	Test (includes calendar, Signal, Timeline, and suite truth gates)	2026-09-05T23:41:13.0718633Z   duration_ms: 0.065516
verify	Test (includes calendar, Signal, Timeline, and suite truth gates)	2026-09-05T23:41:13.0719170Z   type: 'test'
verify	Test (includes calendar, Signal, Timeline, and suite truth gates)	2026-09-05T23:41:13.0719396Z   ...
verify	Test (includes calendar, Signal, Timeline, and suite truth gates)	2026-09-05T23:41:13.0720232Z # Subtest: canonicaliseStatus, done → shipped
verify	Test (includes calendar, Signal, Timeline, and suite truth gates)	2026-09-05T23:41:13.0721275Z ok 103 - canonicaliseStatus, done → shipped
verify	Test (includes calendar, Signal, Timeline, and suite truth gates)	2026-09-05T23:41:13.0721607Z   ---
verify	Test (includes calendar, Signal, Timeline, and suite truth gates)	2026-09-05T23:41:13.0721835Z   duration_ms: 0.062271
verify	Test (includes calendar, Signal, Timeline, and suite truth gates)	2026-09-05T23:41:13.0722094Z   type: 'test'
verify	Test (includes calendar, Signal, Timeline, and suite truth gates)	2026-09-05T23:41:13.0722315Z   ...
verify	Test (includes calendar, Signal, Timeline, and suite truth gates)	2026-09-05T23:41:13.0723506Z # Subtest: canonicaliseStatus, unknown → next (safe default)
verify	Test (includes calendar, Signal, Timeline, and suite truth gates)	2026-09-05T23:41:13.0724514Z ok 104 - canonicaliseStatus, unknown → next (safe default)
verify	Test (includes calendar, Signal, Timeline, and suite truth gates)	2026-09-05T23:41:13.0725027Z   ---
verify	Test (includes calendar, Signal, Timeline, and suite truth gates)	2026-09-05T23:41:13.0725268Z   duration_ms: 0.174718
verify	Test (includes calendar, Signal, Timeline, and suite truth gates)	2026-09-05T23:41:13.0725530Z   type: 'test'
verify	Test (includes calendar, Signal, Timeline, and suite truth gates)	2026-09-05T23:41:13.0725757Z   ...
verify	Test (includes calendar, Signal, Timeline, and suite truth gates)	2026-09-05T23:41:13.0726534Z # Subtest: node id format: ms-{tasksWorkspaceId}-{tasksTaskId}
verify	Test (includes calendar, Signal, Timeline, and suite truth gates)	2026-09-05T23:41:13.0727595Z ok 105 - node id format: ms-{tasksWorkspaceId}-{tasksTaskId}
verify	Test (includes calendar, Signal, Timeline, and suite truth gates)	2026-09-05T23:41:13.0727966Z   ---
verify	Test (includes calendar, Signal, Timeline, and suite truth gates)	2026-09-05T23:41:13.0728200Z   duration_ms: 0.13535
verify	Test (includes calendar, Signal, Timeline, and suite truth gates)	2026-09-05T23:41:13.0728605Z   type: 'test'
verify	Test (includes calendar, Signal, Timeline, and suite truth gates)	2026-09-05T23:41:13.0728829Z   ...
verify	Test (includes calendar, Signal, Timeline, and suite truth gates)	2026-09-05T23:41:13.0729341Z # Subtest: statusToLane, shipped → Shipped
verify	Test (includes calendar, Signal, Timeline, and suite truth gates)	2026-09-05T23:41:13.0730542Z ok 106 - statusToLane, shipped → Shipped
verify	Test (includes calendar, Signal, Timeline, and suite truth gates)	2026-09-05T23:41:13.0731017Z   ---
verify	Test (includes calendar, Signal, Timeline, and suite truth gates)	2026-09-05T23:41:13.0731457Z   duration_ms: 0.215498
verify	Test (includes calendar, Signal, Timeline, and suite truth gates)	2026-09-05T23:41:13.0731905Z   type: 'test'
verify	Test (includes calendar, Signal, Timeline, and suite truth gates)	2026-09-05T23:41:13.0732324Z   ...
verify	Test (includes calendar, Signal, Timeline, and suite truth gates)	2026-09-05T23:41:13.0732930Z # Subtest: statusToLane, in-flight → In flight
verify	Test (includes calendar, Signal, Timeline, and suite truth gates)	2026-09-05T23:41:13.0733675Z ok 107 - statusToLane, in-flight → In flight
verify	Test (includes calendar, Signal, Timeline, and suite truth gates)	2026-09-05T23:41:13.0734220Z   ---
verify	Test (includes calendar, Signal, Timeline, and suite truth gates)	2026-09-05T23:41:13.0734621Z   duration_ms: 0.269838
verify	Test (includes calendar, Signal, Timeline, and suite truth gates)	2026-09-05T23:41:13.0735060Z   type: 'test'
verify	Test (includes calendar, Signal, Timeline, and suite truth gates)	2026-09-05T23:41:13.0735462Z   ...
verify	Test (includes calendar, Signal, Timeline, and suite truth gates)	2026-09-05T23:41:13.0740314Z # Subtest: statusToLane, next + date → Next
verify	Test (includes calendar, Signal, Timeline, and suite truth gates)	2026-09-05T23:41:13.0740979Z ok 108 - statusToLane, next + date → Next
verify	Test (includes calendar, Signal, Timeline, and suite truth gates)	2026-09-05T23:41:13.0741532Z   ---
verify	Test (includes calendar, Signal, Timeline, and suite truth gates)	2026-09-05T23:41:13.0741946Z   duration_ms: 0.076383
verify	Test (includes calendar, Signal, Timeline, and suite truth gates)	2026-09-05T23:41:13.0742386Z   type: 'test'
verify	Test (includes calendar, Signal, Timeline, and suite truth gates)	2026-09-05T23:41:13.0742793Z   ...
verify	Test (includes calendar, Signal, Timeline, and suite truth gates)	2026-09-05T23:41:13.0743549Z # Subtest: statusToLane, next + null date → Later (D7 presentational)
verify	Test (includes calendar, Signal, Timeline, and suite truth gates)	2026-09-05T23:41:13.0744504Z ok 109 - statusToLane, next + null date → Later (D7 presentational)
verify	Test (includes calendar, Signal, Timeline, and suite truth gates)	2026-09-05T23:41:13.0745114Z   ---
verify	Test (includes calendar, Signal, Timeline, and suite truth gates)	2026-09-05T23:41:13.0745529Z   duration_ms: 0.060759
verify	Test (includes calendar, Signal, Timeline, and suite truth gates)	2026-09-05T23:41:13.0745971Z   type: 'test'
verify	Test (includes calendar, Signal, Timeline, and suite truth gates)	2026-09-05T23:41:13.0746373Z   ...
verify	Test (includes calendar, Signal, Timeline, and suite truth gates)	2026-09-05T23:41:13.0746999Z # Subtest: statusToLane, next + undefined date → Later
verify	Test (includes calendar, Signal, Timeline, and suite truth gates)	2026-09-05T23:41:13.0747776Z ok 110 - statusToLane, next + undefined date → Later
verify	Test (includes calendar, Signal, Timeline, and suite truth gates)	2026-09-05T23:41:13.0748481Z   ---
verify	Test (includes calendar, Signal, Timeline, and suite truth gates)	2026-09-05T23:41:13.0748896Z   duration_ms: 0.04702
verify	Test (includes calendar, Signal, Timeline, and suite truth gates)	2026-09-05T23:41:13.0749332Z   type: 'test'
verify	Test (includes calendar, Signal, Timeline, and suite truth gates)	2026-09-05T23:41:13.0749710Z   ...
verify	Test (includes calendar, Signal, Timeline, and suite truth gates)	2026-09-05T23:41:13.0750135Z # Subtest: COALESCE, no overlay: generated title flows through
verify	Test (includes calendar, Signal, Timeline, and suite truth gates)	2026-09-05T23:41:13.0750710Z ok 111 - COALESCE, no overlay: generated title flows through
verify	Test (includes calendar, Signal, Timeline, and suite truth gates)	2026-09-05T23:41:13.0751109Z   ---
verify	Test (includes calendar, Signal, Timeline, and suite truth gates)	2026-09-05T23:41:13.0751349Z   duration_ms: 0.105315
verify	Test (includes calendar, Signal, Timeline, and suite truth gates)	2026-09-05T23:41:13.0751616Z   type: 'test'
verify	Test (includes calendar, Signal, Timeline, and suite truth gates)	2026-09-05T23:41:13.0751874Z   ...
verify	Test (includes calendar, Signal, Timeline, and suite truth gates)	2026-09-05T23:41:13.0752234Z # Subtest: COALESCE, labelOverride set: overlay wins
verify	Test (includes calendar, Signal, Timeline, and suite truth gates)	2026-09-05T23:41:13.0752719Z ok 112 - COALESCE, labelOverride set: overlay wins
verify	Test (includes calendar, Signal, Timeline, and suite truth gates)	2026-09-05T23:41:13.0753076Z   ---
verify	Test (includes calendar, Signal, Timeline, and suite truth gates)	2026-09-05T23:41:13.0753300Z   duration_ms: 0.080689
verify	Test (includes calendar, Signal, Timeline, and suite truth gates)	2026-09-05T23:41:13.0753564Z   type: 'test'
verify	Test (includes calendar, Signal, Timeline, and suite truth gates)	2026-09-05T23:41:13.0753794Z   ...
verify	Test (includes calendar, Signal, Timeline, and suite truth gates)	2026-09-05T23:41:13.0754249Z # Subtest: COALESCE, labelOverride null: generated title flows through
verify	Test (includes calendar, Signal, Timeline, and suite truth gates)	2026-09-05T23:41:13.0754891Z ok 113 - COALESCE, labelOverride null: generated title flows through
verify	Test (includes calendar, Signal, Timeline, and suite truth gates)	2026-09-05T23:41:13.0755324Z   ---
verify	Test (includes calendar, Signal, Timeline, and suite truth gates)	2026-09-05T23:41:13.0755553Z   duration_ms: 0.060389
verify	Test (includes calendar, Signal, Timeline, and suite truth gates)	2026-09-05T23:41:13.0755813Z   type: 'test'
verify	Test (includes calendar, Signal, Timeline, and suite truth gates)	2026-09-05T23:41:13.0756042Z   ...
verify	Test (includes calendar, Signal, Timeline, and suite truth gates)	2026-09-05T23:41:13.0756560Z # Subtest: COALESCE, drift detected when Tasks title changed after override
verify	Test (includes calendar, Signal, Timeline, and suite truth gates)	2026-09-05T23:41:13.0757230Z ok 114 - COALESCE, drift detected when Tasks title changed after override
verify	Test (includes calendar, Signal, Timeline, and suite truth gates)	2026-09-05T23:41:13.0757657Z   ---
verify	Test (includes calendar, Signal, Timeline, and suite truth gates)	2026-09-05T23:41:13.0757889Z   duration_ms: 0.057124
verify	Test (includes calendar, Signal, Timeline, and suite truth gates)	2026-09-05T23:41:13.0758494Z   type: 'test'
verify	Test (includes calendar, Signal, Timeline, and suite truth gates)	2026-09-05T23:41:13.0758722Z   ...
verify	Test (includes calendar, Signal, Timeline, and suite truth gates)	2026-09-05T23:41:13.0759161Z # Subtest: COALESCE, no drift when override matches current Tasks value
verify	Test (includes calendar, Signal, Timeline, and suite truth gates)	2026-09-05T23:41:13.0759803Z ok 115 - COALESCE, no drift when override matches current Tasks value
verify	Test (includes calendar, Signal, Timeline, and suite truth gates)	2026-09-05T23:41:13.0760214Z   ---
verify	Test (includes calendar, Signal, Timeline, and suite truth gates)	2026-09-05T23:41:13.0760439Z   duration_ms: 0.063474
verify	Test (includes calendar, Signal, Timeline, and suite truth gates)	2026-09-05T23:41:13.0760708Z   type: 'test'
verify	Test (includes calendar, Signal, Timeline, and suite truth gates)	2026-09-05T23:41:13.0760938Z   ...
verify	Test (includes calendar, Signal, Timeline, and suite truth gates)	2026-09-05T23:41:13.0761436Z # Subtest: a persisted NULL date remains inherited after unrelated overlay writes
verify	Test (includes calendar, Signal, Timeline, and suite truth gates)	2026-09-05T23:41:13.0762440Z ok 116 - a persisted NULL date remains inherited after unrelated overlay writes
verify	Test (includes calendar, Signal, Timeline, and suite truth gates)	2026-09-05T23:41:13.0762898Z   ---
verify	Test (includes calendar, Signal, Timeline, and suite truth gates)	2026-09-05T23:41:13.0763129Z   duration_ms: 0.059257
verify	Test (includes calendar, Signal, Timeline, and suite truth gates)	2026-09-05T23:41:13.0763403Z   type: 'test'
verify	Test (includes calendar, Signal, Timeline, and suite truth gates)	2026-09-05T23:41:13.0763634Z   ...
verify	Test (includes calendar, Signal, Timeline, and suite truth gates)	2026-09-05T23:41:13.0764120Z # Subtest: intentional undated and custom date are explicit persisted states
verify	Test (includes calendar, Signal, Timeline, and suite truth gates)	2026-09-05T23:41:13.0764831Z ok 117 - intentional undated and custom date are explicit persisted states
verify	Test (includes calendar, Signal, Timeline, and suite truth gates)	2026-09-05T23:41:13.0765280Z   ---
verify	Test (includes calendar, Signal, Timeline, and suite truth gates)	2026-09-05T23:41:13.0765502Z   duration_ms: 0.048471
verify	Test (includes calendar, Signal, Timeline, and suite truth gates)	2026-09-05T23:41:13.0765768Z   type: 'test'
verify	Test (includes calendar, Signal, Timeline, and suite truth gates)	2026-09-05T23:41:13.0766008Z   ...
verify	Test (includes calendar, Signal, Timeline, and suite truth gates)	2026-09-05T23:41:13.0766458Z # Subtest: audience state override wins without mutating the Tasks status
verify	Test (includes calendar, Signal, Timeline, and suite truth gates)	2026-09-05T23:41:13.0767107Z ok 118 - audience state override wins without mutating the Tasks status
verify	Test (includes calendar, Signal, Timeline, and suite truth gates)	2026-09-05T23:41:13.0767539Z   ---
verify	Test (includes calendar, Signal, Timeline, and suite truth gates)	2026-09-05T23:41:13.0767760Z   duration_ms: 0.083262
verify	Test (includes calendar, Signal, Timeline, and suite truth gates)	2026-09-05T23:41:13.0768017Z   type: 'test'
verify	Test (includes calendar, Signal, Timeline, and suite truth gates)	2026-09-05T23:41:13.0768257Z   ...
verify	Test (includes calendar, Signal, Timeline, and suite truth gates)	2026-09-05T23:41:13.0768860Z # Subtest: D6 two-gate, syncRevalidationPaths contains only /app-prefixed paths
verify	Test (includes calendar, Signal, Timeline, and suite truth gates)	2026-09-05T23:41:13.0791244Z ok 119 - D6 two-gate, syncRevalidationPaths contains only /app-prefixed paths
verify	Test (includes calendar, Signal, Timeline, and suite truth gates)	2026-09-05T23:41:13.0791778Z   ---
verify	Test (includes calendar, Signal, Timeline, and suite truth gates)	2026-09-05T23:41:13.0792042Z   duration_ms: 0.102171
verify	Test (includes calendar, Signal, Timeline, and suite truth gates)	2026-09-05T23:41:13.0792344Z   type: 'test'
verify	Test (includes calendar, Signal, Timeline, and suite truth gates)	2026-09-05T23:41:13.0792612Z   ...
verify	Test (includes calendar, Signal, Timeline, and suite truth gates)	2026-09-05T23:41:13.0793134Z # Subtest: D6 two-gate, publishRevalidationPaths unified-app ISR contract
verify	Test (includes calendar, Signal, Timeline, and suite truth gates)	2026-09-05T23:41:13.0793869Z ok 120 - D6 two-gate, publishRevalidationPaths unified-app ISR contract
verify	Test (includes calendar, Signal, Timeline, and suite truth gates)	2026-09-05T23:41:13.0794332Z   ---
verify	Test (includes calendar, Signal, Timeline, and suite truth gates)	2026-09-05T23:41:13.0794583Z   duration_ms: 0.086498
verify	Test (includes calendar, Signal, Timeline, and suite truth gates)	2026-09-05T23:41:13.0794865Z   type: 'test'
verify	Test (includes calendar, Signal, Timeline, and suite truth gates)	2026-09-05T23:41:13.0795110Z   ...
verify	Test (includes calendar, Signal, Timeline, and suite truth gates)	2026-09-05T23:41:13.0795619Z # Subtest: D6 two-gate, sync paths and publish paths are disjoint on public URLs
verify	Test (includes calendar, Signal, Timeline, and suite truth gates)	2026-09-05T23:41:13.0796364Z ok 121 - D6 two-gate, sync paths and publish paths are disjoint on public URLs
verify	Test (includes calendar, Signal, Timeline, and suite truth gates)	2026-09-05T23:41:13.0796838Z   ---
verify	Test (includes calendar, Signal, Timeline, and suite truth gates)	2026-09-05T23:41:13.0797092Z   duration_ms: 0.081189
verify	Test (includes calendar, Signal, Timeline, and suite truth gates)	2026-09-05T23:41:13.0797376Z   type: 'test'
verify	Test (includes calendar, Signal, Timeline, and suite truth gates)	2026-09-05T23:41:13.0797623Z   ...
verify	Test (includes calendar, Signal, Timeline, and suite truth gates)	2026-09-05T23:41:13.0815741Z # Subtest: D6 two-gate, static source scan: syncMilestonesAction body has no public revalidatePath
verify	Test (includes calendar, Signal, Timeline, and suite truth gates)	2026-09-05T23:41:13.0816914Z ok 122 - D6 two-gate, static source scan: syncMilestonesAction body has no public revalidatePath
verify	Test (includes calendar, Signal, Timeline, and suite truth gates)	2026-09-05T23:41:13.0817583Z   ---
verify	Test (includes calendar, Signal, Timeline, and suite truth gates)	2026-09-05T23:41:13.0820934Z   duration_ms: 9.694847
verify	Test (includes calendar, Signal, Timeline, and suite truth gates)	2026-09-05T23:41:13.0821253Z   type: 'test'
verify	Test (includes calendar, Signal, Timeline, and suite truth gates)	2026-09-05T23:41:13.0821521Z   ...
verify	Test (includes calendar, Signal, Timeline, and suite truth gates)	2026-09-05T23:41:13.0821909Z # Subtest: G1, only is_milestone=1 tasks surface
verify	Test (includes calendar, Signal, Timeline, and suite truth gates)	2026-09-05T23:41:13.0822401Z ok 123 - G1, only is_milestone=1 tasks surface
verify	Test (includes calendar, Signal, Timeline, and suite truth gates)	2026-09-05T23:41:13.0822761Z   ---
verify	Test (includes calendar, Signal, Timeline, and suite truth gates)	2026-09-05T23:41:13.0823011Z   duration_ms: 0.190992
verify	Test (includes calendar, Signal, Timeline, and suite truth gates)	2026-09-05T23:41:13.0823305Z   type: 'test'
verify	Test (includes calendar, Signal, Timeline, and suite truth gates)	2026-09-05T23:41:13.0823548Z   ...
verify	Test (includes calendar, Signal, Timeline, and suite truth gates)	2026-09-05T23:41:13.0823893Z # Subtest: G1, zero milestones when none flagged
verify	Test (includes calendar, Signal, Timeline, and suite truth gates)	2026-09-05T23:41:13.0854922Z ok 124 - G1, zero milestones when none flagged
verify	Test (includes calendar, Signal, Timeline, and suite truth gates)	2026-09-05T23:41:13.0878761Z   ---
verify	Test (includes calendar, Signal, Timeline, and suite truth gates)	2026-09-05T23:41:13.0899443Z   duration_ms: 0.065357
verify	Test (includes calendar, Signal, Timeline, and suite truth gates)	2026-09-05T23:41:13.0899859Z   type: 'test'
verify	Test (includes calendar, Signal, Timeline, and suite truth gates)	2026-09-05T23:41:13.0900132Z   ...
verify	Test (includes calendar, Signal, Timeline, and suite truth gates)	2026-09-05T23:41:13.0904148Z # Subtest: BV-2, after drag, ALL siblings receive a sortOverride (not just moved node)
verify	Test (includes calendar, Signal, Timeline, and suite truth gates)	2026-09-05T23:41:13.0904984Z ok 125 - BV-2, after drag, ALL siblings receive a sortOverride (not just moved node)
verify	Test (includes calendar, Signal, Timeline, and suite truth gates)	2026-09-05T23:41:13.0905478Z   ---
verify	Test (includes calendar, Signal, Timeline, and suite truth gates)	2026-09-05T23:41:13.0905737Z   duration_ms: 0.189319
verify	Test (includes calendar, Signal, Timeline, and suite truth gates)	2026-09-05T23:41:13.0906339Z   type: 'test'
verify	Test (includes calendar, Signal, Timeline, and suite truth gates)	2026-09-05T23:41:13.0906588Z   ...
verify	Test (includes calendar, Signal, Timeline, and suite truth gates)	2026-09-05T23:41:13.0907107Z # Subtest: BV-2, reload order is stable: sorted by sortOverride is deterministic
verify	Test (includes calendar, Signal, Timeline, and suite truth gates)	2026-09-05T23:41:13.0908023Z ok 126 - BV-2, reload order is stable: sorted by sortOverride is deterministic
verify	Test (includes calendar, Signal, Timeline, and suite truth gates)	2026-09-05T23:41:13.0908751Z   ---
verify	Test (includes calendar, Signal, Timeline, and suite truth gates)	2026-09-05T23:41:13.0909026Z   duration_ms: 0.146606
verify	Test (includes calendar, Signal, Timeline, and suite truth gates)	2026-09-05T23:41:13.0909328Z   type: 'test'
verify	Test (includes calendar, Signal, Timeline, and suite truth gates)	2026-09-05T23:41:13.0909571Z   ...
verify	Test (includes calendar, Signal, Timeline, and suite truth gates)	2026-09-05T23:41:13.0910095Z # Subtest: BV-8 G2, sync with milestone X: node exists after sync
verify	Test (includes calendar, Signal, Timeline, and suite truth gates)	2026-09-05T23:41:13.0911057Z ok 127 - BV-8 G2, sync with milestone X: node exists after sync
verify	Test (includes calendar, Signal, Timeline, and suite truth gates)	2026-09-05T23:41:13.0911626Z   ---
verify	Test (includes calendar, Signal, Timeline, and suite truth gates)	2026-09-05T23:41:13.0912081Z   duration_ms: 0.118886
verify	Test (includes calendar, Signal, Timeline, and suite truth gates)	2026-09-05T23:41:13.0912387Z   type: 'test'
verify	Test (includes calendar, Signal, Timeline, and suite truth gates)	2026-09-05T23:41:13.0912644Z   ...
verify	Test (includes calendar, Signal, Timeline, and suite truth gates)	2026-09-05T23:41:13.0913157Z # Subtest: BV-8 G2, re-sync WITHOUT milestone X: node gone (immediate and total)
verify	Test (includes calendar, Signal, Timeline, and suite truth gates)	2026-09-05T23:41:13.0913870Z ok 128 - BV-8 G2, re-sync WITHOUT milestone X: node gone (immediate and total)
verify	Test (includes calendar, Signal, Timeline, and suite truth gates)	2026-09-05T23:41:13.0914353Z   ---
verify	Test (includes calendar, Signal, Timeline, and suite truth gates)	2026-09-05T23:41:13.0914630Z   duration_ms: 0.093829
verify	Test (includes calendar, Signal, Timeline, and suite truth gates)	2026-09-05T23:41:13.0914912Z   type: 'test'
verify	Test (includes calendar, Signal, Timeline, and suite truth gates)	2026-09-05T23:41:13.0915167Z   ...
verify	Test (includes calendar, Signal, Timeline, and suite truth gates)	2026-09-05T23:41:13.0915666Z # Subtest: BV-8 G2, manual nodes (non-ms- prefix) are NEVER deleted by reconcile
verify	Test (includes calendar, Signal, Timeline, and suite truth gates)	2026-09-05T23:41:13.0916372Z ok 129 - BV-8 G2, manual nodes (non-ms- prefix) are NEVER deleted by reconcile
verify	Test (includes calendar, Signal, Timeline, and suite truth gates)	2026-09-05T23:41:13.0916839Z   ---
verify	Test (includes calendar, Signal, Timeline, and suite truth gates)	2026-09-05T23:41:13.0917088Z   duration_ms: 0.089092
verify	Test (includes calendar, Signal, Timeline, and suite truth gates)	2026-09-05T23:41:13.0917372Z   type: 'test'
verify	Test (includes calendar, Signal, Timeline, and suite truth gates)	2026-09-05T23:41:13.0917620Z   ...
verify	Test (includes calendar, Signal, Timeline, and suite truth gates)	2026-09-05T23:41:13.0917945Z # Subtest: BV-8 G2, overlay rows are orphaned, not deleted, on retract
verify	Test (includes calendar, Signal, Timeline, and suite truth gates)	2026-09-05T23:41:13.0918753Z ok 130 - BV-8 G2, overlay rows are orphaned, not deleted, on retract
verify	Test (includes calendar, Signal, Timeline, and suite truth gates)	2026-09-05T23:41:13.0933009Z   ---
verify	Test (includes calendar, Signal, Timeline, and suite truth gates)	2026-09-05T23:41:13.0933297Z   duration_ms: 0.063474
verify	Test (includes calendar, Signal, Timeline, and suite truth gates)	2026-09-05T23:41:13.0933589Z   type: 'test'
verify	Test (includes calendar, Signal, Timeline, and suite truth gates)	2026-09-05T23:41:13.0933899Z   ...
verify	Test (includes calendar, Signal, Timeline, and suite truth gates)	2026-09-05T23:41:13.0934401Z # Subtest: BV-8 G2, partial un-promote: only un-promoted node deleted, others survive
verify	Test (includes calendar, Signal, Timeline, and suite truth gates)	2026-09-05T23:41:13.0935219Z ok 131 - BV-8 G2, partial un-promote: only un-promoted node deleted, others survive
verify	Test (includes calendar, Signal, Timeline, and suite truth gates)	2026-09-05T23:41:13.0935647Z   ---
verify	Test (includes calendar, Signal, Timeline, and suite truth gates)	2026-09-05T23:41:13.0935873Z   duration_ms: 0.164473
verify	Test (includes calendar, Signal, Timeline, and suite truth gates)	2026-09-05T23:41:13.0936150Z   type: 'test'
verify	Test (includes calendar, Signal, Timeline, and suite truth gates)	2026-09-05T23:41:13.0936419Z   ...
verify	Test (includes calendar, Signal, Timeline, and suite truth gates)	2026-09-05T23:41:13.0936898Z # Subtest: BV-8 G2, cross-workspace isolation: nodes from other workspaces untouched
verify	Test (includes calendar, Signal, Timeline, and suite truth gates)	2026-09-05T23:41:13.0937596Z ok 132 - BV-8 G2, cross-workspace isolation: nodes from other workspaces untouched
verify	Test (includes calendar, Signal, Timeline, and suite truth gates)	2026-09-05T23:41:13.0938026Z   ---
verify	Test (includes calendar, Signal, Timeline, and suite truth gates)	2026-09-05T23:41:13.0938248Z   duration_ms: 0.085125
verify	Test (includes calendar, Signal, Timeline, and suite truth gates)	2026-09-05T23:41:13.0938924Z   type: 'test'
verify	Test (includes calendar, Signal, Timeline, and suite truth gates)	2026-09-05T23:41:13.0939157Z   ...
verify	Test (includes calendar, Signal, Timeline, and suite truth gates)	2026-09-05T23:41:13.0939527Z # Subtest: RW-2, parse-markdown module does not exist
verify	Test (includes calendar, Signal, Timeline, and suite truth gates)	2026-09-05T23:41:13.0939997Z ok 133 - RW-2, parse-markdown module does not exist
verify	Test (includes calendar, Signal, Timeline, and suite truth gates)	2026-09-05T23:41:13.0940388Z   ---
verify	Test (includes calendar, Signal, Timeline, and suite truth gates)	2026-09-05T23:41:13.0940654Z   duration_ms: 5.573215
verify	Test (includes calendar, Signal, Timeline, and suite truth gates)	2026-09-05T23:41:13.0940940Z   type: 'test'
verify	Test (includes calendar, Signal, Timeline, and suite truth gates)	2026-09-05T23:41:13.0941195Z   ...
verify	Test (includes calendar, Signal, Timeline, and suite truth gates)	2026-09-05T23:41:13.1074826Z # Subtest: owner milestone ordering has focusable controls and polite confirmation
verify	Test (includes calendar, Signal, Timeline, and suite truth gates)	2026-09-05T23:41:13.1075701Z ok 134 - owner milestone ordering has focusable controls and polite confirmation
verify	Test (includes calendar, Signal, Timeline, and suite truth gates)	2026-09-05T23:41:13.1076207Z   ---
verify	Test (includes calendar, Signal, Timeline, and suite truth gates)	2026-09-05T23:41:13.1076481Z   duration_ms: 1.555806
verify	Test (includes calendar, Signal, Timeline, and suite truth gates)	2026-09-05T23:41:13.1076783Z   type: 'test'
verify	Test (includes calendar, Signal, Timeline, and suite truth gates)	2026-09-05T23:41:13.1077036Z   ...
verify	Test (includes calendar, Signal, Timeline, and suite truth gates)	2026-09-05T23:41:13.1077499Z # Subtest: automatic Tasks sync failure remains visible and retryable
verify	Test (includes calendar, Signal, Timeline, and suite truth gates)	2026-09-05T23:41:13.1078193Z ok 135 - automatic Tasks sync failure remains visible and retryable
verify	Test (includes calendar, Signal, Timeline, and suite truth gates)	2026-09-05T23:41:13.1078790Z   ---
verify	Test (includes calendar, Signal, Timeline, and suite truth gates)	2026-09-05T23:41:13.1079057Z   duration_ms: 0.712462
verify	Test (includes calendar, Signal, Timeline, and suite truth gates)	2026-09-05T23:41:13.1079336Z   type: 'test'
verify	Test (includes calendar, Signal, Timeline, and suite truth gates)	2026-09-05T23:41:13.1079790Z   ...
verify	Test (includes calendar, Signal, Timeline, and suite truth gates)	2026-09-05T23:41:13.1080218Z # Subtest: a sync refusal that Retry cannot fix offers no Retry
verify	Test (includes calendar, Signal, Timeline, and suite truth gates)	2026-09-05T23:41:13.1080841Z ok 136 - a sync refusal that Retry cannot fix offers no Retry
verify	Test (includes calendar, Signal, Timeline, and suite truth gates)	2026-09-05T23:41:13.1081230Z   ---
verify	Test (includes calendar, Signal, Timeline, and suite truth gates)	2026-09-05T23:41:13.1081484Z   duration_ms: 0.549601
verify	Test (includes calendar, Signal, Timeline, and suite truth gates)	2026-09-05T23:41:13.1082054Z   type: 'test'
verify	Test (includes calendar, Signal, Timeline, and suite truth gates)	2026-09-05T23:41:13.1082306Z   ...
verify	Test (includes calendar, Signal, Timeline, and suite truth gates)	2026-09-05T23:41:13.1082801Z # Subtest: a settled refusal is stated once, and the control that cannot act says so
verify	Test (includes calendar, Signal, Timeline, and suite truth gates)	2026-09-05T23:41:13.1083574Z ok 137 - a settled refusal is stated once, and the control that cannot act says so
verify	Test (includes calendar, Signal, Timeline, and suite truth gates)	2026-09-05T23:41:13.1084041Z   ---
verify	Test (includes calendar, Signal, Timeline, and suite truth gates)	2026-09-05T23:41:13.1084284Z   duration_ms: 0.518145
verify	Test (includes calendar, Signal, Timeline, and suite truth gates)	2026-09-05T23:41:13.1084574Z   type: 'test'
verify	Test (includes calendar, Signal, Timeline, and suite truth gates)	2026-09-05T23:41:13.1084823Z   ...
verify	Test (includes calendar, Signal, Timeline, and suite truth gates)	2026-09-05T23:41:13.1085316Z # Subtest: one-time audience link copy has an announced manual recovery path
verify	Test (includes calendar, Signal, Timeline, and suite truth gates)	2026-09-05T23:41:13.1086248Z ok 138 - one-time audience link copy has an announced manual recovery path
verify	Test (includes calendar, Signal, Timeline, and suite truth gates)	2026-09-05T23:41:13.1086695Z   ---
verify	Test (includes calendar, Signal, Timeline, and suite truth gates)	2026-09-05T23:41:13.1086938Z   duration_ms: 0.225993
verify	Test (includes calendar, Signal, Timeline, and suite truth gates)	2026-09-05T23:41:13.1087207Z   type: 'test'
verify	Test (includes calendar, Signal, Timeline, and suite truth gates)	2026-09-05T23:41:13.1087437Z   ...
verify	Test (includes calendar, Signal, Timeline, and suite truth gates)	2026-09-05T23:41:13.1087960Z # Subtest: Timeline loading boundaries announce progress without exposing skeletons
verify	Test (includes calendar, Signal, Timeline, and suite truth gates)	2026-09-05T23:41:13.1089241Z ok 139 - Timeline loading boundaries announce progress without exposing skeletons
verify	Test (includes calendar, Signal, Timeline, and suite truth gates)	2026-09-05T23:41:13.1089756Z   ---
verify	Test (includes calendar, Signal, Timeline, and suite truth gates)	2026-09-05T23:41:13.1090001Z   duration_ms: 0.302826
verify	Test (includes calendar, Signal, Timeline, and suite truth gates)	2026-09-05T23:41:13.1090278Z   type: 'test'
verify	Test (includes calendar, Signal, Timeline, and suite truth gates)	2026-09-05T23:41:13.1090528Z   ...
verify	Test (includes calendar, Signal, Timeline, and suite truth gates)	2026-09-05T23:41:13.1091038Z # Subtest: owner controls meet the 44px mobile target and error copy stays factual
verify	Test (includes calendar, Signal, Timeline, and suite truth gates)	2026-09-05T23:41:13.1091768Z ok 140 - owner controls meet the 44px mobile target and error copy stays factual
verify	Test (includes calendar, Signal, Timeline, and suite truth gates)	2026-09-05T23:41:13.1092194Z   ---
verify	Test (includes calendar, Signal, Timeline, and suite truth gates)	2026-09-05T23:41:13.1092398Z   duration_ms: 0.482101
verify	Test (includes calendar, Signal, Timeline, and suite truth gates)	2026-09-05T23:41:13.1092678Z   type: 'test'
verify	Test (includes calendar, Signal, Timeline, and suite truth gates)	2026-09-05T23:41:13.1092919Z   ...
verify	Test (includes calendar, Signal, Timeline, and suite truth gates)	2026-09-05T23:41:13.1093354Z # Subtest: manual milestone add restores focus to its initiating control
verify	Test (includes calendar, Signal, Timeline, and suite truth gates)	2026-09-05T23:41:13.1093983Z ok 141 - manual milestone add restores focus to its initiating control
verify	Test (includes calendar, Signal, Timeline, and suite truth gates)	2026-09-05T23:41:13.1094372Z   ---
verify	Test (includes calendar, Signal, Timeline, and suite truth gates)	2026-09-05T23:41:13.1094593Z   duration_ms: 0.551885
verify	Test (includes calendar, Signal, Timeline, and suite truth gates)	2026-09-05T23:41:13.1094899Z   type: 'test'
verify	Test (includes calendar, Signal, Timeline, and suite truth gates)	2026-09-05T23:41:13.1095144Z   ...
verify	Test (includes calendar, Signal, Timeline, and suite truth gates)	2026-09-05T23:41:13.1095592Z # Subtest: both View and Edit say how old what they are showing is
verify	Test (includes calendar, Signal, Timeline, and suite truth gates)	2026-09-05T23:41:13.1096214Z ok 142 - both View and Edit say how old what they are showing is
verify	Test (includes calendar, Signal, Timeline, and suite truth gates)	2026-09-05T23:41:13.1096633Z   ---
verify	Test (includes calendar, Signal, Timeline, and suite truth gates)	2026-09-05T23:41:13.1096869Z   duration_ms: 0.393901
verify	Test (includes calendar, Signal, Timeline, and suite truth gates)	2026-09-05T23:41:13.1097158Z   type: 'test'
verify	Test (includes calendar, Signal, Timeline, and suite truth gates)	2026-09-05T23:41:13.1097415Z   ...
verify	Test (includes calendar, Signal, Timeline, and suite truth gates)	2026-09-05T23:41:13.1097860Z # Subtest: Retry is offered only where retrying could change the answer
verify	Test (includes calendar, Signal, Timeline, and suite truth gates)	2026-09-05T23:41:13.1098675Z ok 143 - Retry is offered only where retrying could change the answer
verify	Test (includes calendar, Signal, Timeline, and suite truth gates)	2026-09-05T23:41:13.1099130Z   ---
verify	Test (includes calendar, Signal, Timeline, and suite truth gates)	2026-09-05T23:41:13.1099351Z   duration_ms: 0.486738
verify	Test (includes calendar, Signal, Timeline, and suite truth gates)	2026-09-05T23:41:13.1099644Z   type: 'test'
verify	Test (includes calendar, Signal, Timeline, and suite truth gates)	2026-09-05T23:41:13.1099892Z   ...
verify	Test (includes calendar, Signal, Timeline, and suite truth gates)	2026-09-05T23:41:13.1100107Z 1..143
verify	Test (includes calendar, Signal, Timeline, and suite truth gates)	2026-09-05T23:41:13.1100353Z # tests 143
verify	Test (includes calendar, Signal, Timeline, and suite truth gates)	2026-09-05T23:41:13.1100624Z # suites 0
verify	Test (includes calendar, Signal, Timeline, and suite truth gates)	2026-09-05T23:41:13.1100840Z # pass 143
verify	Test (includes calendar, Signal, Timeline, and suite truth gates)	2026-09-05T23:41:13.1101079Z # fail 0
verify	Test (includes calendar, Signal, Timeline, and suite truth gates)	2026-09-05T23:41:13.1101337Z # cancelled 0
verify	Test (includes calendar, Signal, Timeline, and suite truth gates)	2026-09-05T23:41:13.1101615Z # skipped 0
verify	Test (includes calendar, Signal, Timeline, and suite truth gates)	2026-09-05T23:41:13.1101874Z # todo 0
verify	Test (includes calendar, Signal, Timeline, and suite truth gates)	2026-09-05T23:41:13.1102180Z # duration_ms 1654.22418
verify	Test (includes calendar, Signal, Timeline, and suite truth gates)	2026-09-05T23:41:13.4354982Z $ node --import tsx --test src/components/app/page-header-context.test.ts src/lib/access-mode.test.ts src/lib/product-urls.test.ts src/lib/auth/social-providers.test.ts src/modules/timeline/lib/project-switcher-model.test.ts && node --test src/server/suite-context-contract.test.mjs src/server/suite-navigation-contract.test.mjs
verify	Test (includes calendar, Signal, Timeline, and suite truth gates)	2026-09-05T23:41:13.4809424Z TAP version 13
verify	Test (includes calendar, Signal, Timeline, and suite truth gates)	2026-09-05T23:41:13.8492086Z # Subtest: utility, sibling-product and unknown pages never own task view actions
verify	Test (includes calendar, Signal, Timeline, and suite truth gates)	2026-09-05T23:41:13.8520040Z ok 1 - utility, sibling-product and unknown pages never own task view actions
verify	Test (includes calendar, Signal, Timeline, and suite truth gates)	2026-09-05T23:41:13.8541046Z   ---
verify	Test (includes calendar, Signal, Timeline, and suite truth gates)	2026-09-05T23:41:13.8569056Z   duration_ms: 1.05037
verify	Test (includes calendar, Signal, Timeline, and suite truth gates)	2026-09-05T23:41:13.8580250Z   type: 'test'
verify	Test (includes calendar, Signal, Timeline, and suite truth gates)	2026-09-05T23:41:13.8581260Z   ...
verify	Test (includes calendar, Signal, Timeline, and suite truth gates)	2026-09-05T23:41:13.8582230Z # Subtest: all four canonical task views retain their exact share-view identity
verify	Test (includes calendar, Signal, Timeline, and suite truth gates)	2026-09-05T23:41:13.8583282Z ok 2 - all four canonical task views retain their exact share-view identity
verify	Test (includes calendar, Signal, Timeline, and suite truth gates)	2026-09-05T23:41:13.8584297Z   ---
verify	Test (includes calendar, Signal, Timeline, and suite truth gates)	2026-09-05T23:41:13.8585033Z   duration_ms: 0.242038
verify	Test (includes calendar, Signal, Timeline, and suite truth gates)	2026-09-05T23:41:13.8585482Z   type: 'test'
verify	Test (includes calendar, Signal, Timeline, and suite truth gates)	2026-09-05T23:41:13.8585879Z   ...
verify	Test (includes calendar, Signal, Timeline, and suite truth gates)	2026-09-05T23:41:13.8586746Z # Subtest: Settings is named for the utility page; task titles and existing personal labels stay intact
verify	Test (includes calendar, Signal, Timeline, and suite truth gates)	2026-09-05T23:41:13.8587831Z ok 3 - Settings is named for the utility page; task titles and existing personal labels stay intact
verify	Test (includes calendar, Signal, Timeline, and suite truth gates)	2026-09-05T23:41:13.8588614Z   ---
verify	Test (includes calendar, Signal, Timeline, and suite truth gates)	2026-09-05T23:41:13.8589022Z   duration_ms: 0.191513
verify	Test (includes calendar, Signal, Timeline, and suite truth gates)	2026-09-05T23:41:13.8589652Z   type: 'test'
verify	Test (includes calendar, Signal, Timeline, and suite truth gates)	2026-09-05T23:41:13.8590046Z   ...
verify	Test (includes calendar, Signal, Timeline, and suite truth gates)	2026-09-05T23:41:13.8590675Z # Subtest: header links retain the loaded Project using canonical URLs
verify	Test (includes calendar, Signal, Timeline, and suite truth gates)	2026-09-05T23:41:13.8591477Z ok 4 - header links retain the loaded Project using canonical URLs
verify	Test (includes calendar, Signal, Timeline, and suite truth gates)	2026-09-05T23:41:13.8592046Z   ---
verify	Test (includes calendar, Signal, Timeline, and suite truth gates)	2026-09-05T23:41:13.8592460Z   duration_ms: 1.62648
verify	Test (includes calendar, Signal, Timeline, and suite truth gates)	2026-09-05T23:41:13.8592899Z   type: 'test'
verify	Test (includes calendar, Signal, Timeline, and suite truth gates)	2026-09-05T23:41:13.8593276Z   ...
verify	Test (includes calendar, Signal, Timeline, and suite truth gates)	2026-09-05T23:41:13.8593870Z # Subtest: the public Studio link is an external utility, outside the three-product switcher
verify	Test (includes calendar, Signal, Timeline, and suite truth gates)	2026-09-05T23:41:13.8594904Z ok 5 - the public Studio link is an external utility, outside the three-product switcher
verify	Test (includes calendar, Signal, Timeline, and suite truth gates)	2026-09-05T23:41:13.8595570Z   ---
verify	Test (includes calendar, Signal, Timeline, and suite truth gates)	2026-09-05T23:41:13.8595968Z   duration_ms: 0.575228
verify	Test (includes calendar, Signal, Timeline, and suite truth gates)	2026-09-05T23:41:13.8596422Z   type: 'test'
verify	Test (includes calendar, Signal, Timeline, and suite truth gates)	2026-09-05T23:41:13.8596825Z   ...
verify	Test (includes calendar, Signal, Timeline, and suite truth gates)	2026-09-05T23:41:13.8849748Z # Subtest: production deployment cannot activate demo or review mode
verify	Test (includes calendar, Signal, Timeline, and suite truth gates)	2026-09-05T23:41:13.8859069Z ok 6 - production deployment cannot activate demo or review mode
verify	Test (includes calendar, Signal, Timeline, and suite truth gates)	2026-09-05T23:41:13.8878959Z   ---
verify	Test (includes calendar, Signal, Timeline, and suite truth gates)	2026-09-05T23:41:13.8879433Z   duration_ms: 1.759616
verify	Test (includes calendar, Signal, Timeline, and suite truth gates)	2026-09-05T23:41:13.8879856Z   type: 'test'
verify	Test (includes calendar, Signal, Timeline, and suite truth gates)	2026-09-05T23:41:13.8880247Z   ...
verify	Test (includes calendar, Signal, Timeline, and suite truth gates)	2026-09-05T23:41:13.8880890Z # Subtest: preview deployment resolves demo identically on server and browser
verify	Test (includes calendar, Signal, Timeline, and suite truth gates)	2026-09-05T23:41:13.8881745Z ok 7 - preview deployment resolves demo identically on server and browser
verify	Test (includes calendar, Signal, Timeline, and suite truth gates)	2026-09-05T23:41:13.8882316Z   ---
verify	Test (includes calendar, Signal, Timeline, and suite truth gates)	2026-09-05T23:41:13.8882690Z   duration_ms: 0.767543
verify	Test (includes calendar, Signal, Timeline, and suite truth gates)	2026-09-05T23:41:13.8883090Z   type: 'test'
verify	Test (includes calendar, Signal, Timeline, and suite truth gates)	2026-09-05T23:41:13.8883482Z   ...
verify	Test (includes calendar, Signal, Timeline, and suite truth gates)	2026-09-05T23:41:13.8883983Z # Subtest: unclassified production build fails closed
verify	Test (includes calendar, Signal, Timeline, and suite truth gates)	2026-09-05T23:41:13.8884601Z ok 8 - unclassified production build fails closed
verify	Test (includes calendar, Signal, Timeline, and suite truth gates)	2026-09-05T23:41:13.8885085Z   ---
verify	Test (includes calendar, Signal, Timeline, and suite truth gates)	2026-09-05T23:41:13.8885456Z   duration_ms: 2.200597
verify	Test (includes calendar, Signal, Timeline, and suite truth gates)	2026-09-05T23:41:13.8885855Z   type: 'test'
verify	Test (includes calendar, Signal, Timeline, and suite truth gates)	2026-09-05T23:41:13.8886216Z   ...
verify	Test (includes calendar, Signal, Timeline, and suite truth gates)	2026-09-05T23:41:13.8886783Z # Subtest: preview build with no explicit mode defaults to review
verify	Test (includes calendar, Signal, Timeline, and suite truth gates)	2026-09-05T23:41:13.8887516Z ok 9 - preview build with no explicit mode defaults to review
verify	Test (includes calendar, Signal, Timeline, and suite truth gates)	2026-09-05T23:41:13.8888052Z   ---
verify	Test (includes calendar, Signal, Timeline, and suite truth gates)	2026-09-05T23:41:13.8889472Z   duration_ms: 0.760852
verify	Test (includes calendar, Signal, Timeline, and suite truth gates)	2026-09-05T23:41:13.8889890Z   type: 'test'
verify	Test (includes calendar, Signal, Timeline, and suite truth gates)	2026-09-05T23:41:13.8890260Z   ...
verify	Test (includes calendar, Signal, Timeline, and suite truth gates)	2026-09-05T23:41:13.8890851Z # Subtest: production build with no explicit mode stays production
verify	Test (includes calendar, Signal, Timeline, and suite truth gates)	2026-09-05T23:41:13.8891687Z ok 10 - production build with no explicit mode stays production
verify	Test (includes calendar, Signal, Timeline, and suite truth gates)	2026-09-05T23:41:13.8892300Z   ---
verify	Test (includes calendar, Signal, Timeline, and suite truth gates)	2026-09-05T23:41:13.8892712Z   duration_ms: 0.87362
verify	Test (includes calendar, Signal, Timeline, and suite truth gates)	2026-09-05T23:41:13.8893151Z   type: 'test'
verify	Test (includes calendar, Signal, Timeline, and suite truth gates)	2026-09-05T23:41:13.8893506Z   ...
verify	Test (includes calendar, Signal, Timeline, and suite truth gates)	2026-09-05T23:41:13.8939125Z # Subtest: local non-production build is development
verify	Test (includes calendar, Signal, Timeline, and suite truth gates)	2026-09-05T23:41:13.8939874Z ok 11 - local non-production build is development
verify	Test (includes calendar, Signal, Timeline, and suite truth gates)	2026-09-05T23:41:13.8940502Z   ---
verify	Test (includes calendar, Signal, Timeline, and suite truth gates)	2026-09-05T23:41:13.8940900Z   duration_ms: 0.609008
verify	Test (includes calendar, Signal, Timeline, and suite truth gates)	2026-09-05T23:41:13.8941321Z   type: 'test'
verify	Test (includes calendar, Signal, Timeline, and suite truth gates)	2026-09-05T23:41:13.8941707Z   ...
verify	Test (includes calendar, Signal, Timeline, and suite truth gates)	2026-09-05T23:41:13.8942155Z # Subtest: enabledSocialProviders
verify	Test (includes calendar, Signal, Timeline, and suite truth gates)	2026-09-05T23:41:13.8942802Z     # Subtest: offers only the provider enabled in the production baseline
verify	Test (includes calendar, Signal, Timeline, and suite truth gates)	2026-09-05T23:41:13.8943589Z     ok 1 - offers only the provider enabled in the production baseline
verify	Test (includes calendar, Signal, Timeline, and suite truth gates)	2026-09-05T23:41:13.8944157Z       ---
verify	Test (includes calendar, Signal, Timeline, and suite truth gates)	2026-09-05T23:41:13.8944538Z       duration_ms: 1.426956
verify	Test (includes calendar, Signal, Timeline, and suite truth gates)	2026-09-05T23:41:13.8944966Z       type: 'test'
verify	Test (includes calendar, Signal, Timeline, and suite truth gates)	2026-09-05T23:41:13.8945349Z       ...
verify	Test (includes calendar, Signal, Timeline, and suite truth gates)	2026-09-05T23:41:13.8945877Z     # Subtest: accepts an explicit Clerk-aligned provider list
verify	Test (includes calendar, Signal, Timeline, and suite truth gates)	2026-09-05T23:41:13.8946564Z     ok 2 - accepts an explicit Clerk-aligned provider list
verify	Test (includes calendar, Signal, Timeline, and suite truth gates)	2026-09-05T23:41:13.8947461Z       ---
verify	Test (includes calendar, Signal, Timeline, and suite truth gates)	2026-09-05T23:41:13.8947852Z       duration_ms: 0.296227
verify	Test (includes calendar, Signal, Timeline, and suite truth gates)	2026-09-05T23:41:13.8948406Z       type: 'test'
verify	Test (includes calendar, Signal, Timeline, and suite truth gates)	2026-09-05T23:41:13.8949004Z       ...
verify	Test (includes calendar, Signal, Timeline, and suite truth gates)	2026-09-05T23:41:13.8949497Z     # Subtest: ignores unsupported and duplicate strategies
verify	Test (includes calendar, Signal, Timeline, and suite truth gates)	2026-09-05T23:41:13.8950136Z     ok 3 - ignores unsupported and duplicate strategies
verify	Test (includes calendar, Signal, Timeline, and suite truth gates)	2026-09-05T23:41:13.8950652Z       ---
verify	Test (includes calendar, Signal, Timeline, and suite truth gates)	2026-09-05T23:41:13.8951042Z       duration_ms: 0.200967
verify	Test (includes calendar, Signal, Timeline, and suite truth gates)	2026-09-05T23:41:13.8951484Z       type: 'test'
verify	Test (includes calendar, Signal, Timeline, and suite truth gates)	2026-09-05T23:41:13.8952045Z       ...
verify	Test (includes calendar, Signal, Timeline, and suite truth gates)	2026-09-05T23:41:13.8952470Z     1..3
verify	Test (includes calendar, Signal, Timeline, and suite truth gates)	2026-09-05T23:41:13.8952902Z ok 12 - enabledSocialProviders
verify	Test (includes calendar, Signal, Timeline, and suite truth gates)	2026-09-05T23:41:13.8953354Z   ---
verify	Test (includes calendar, Signal, Timeline, and suite truth gates)	2026-09-05T23:41:13.8953739Z   duration_ms: 3.173193
verify	Test (includes calendar, Signal, Timeline, and suite truth gates)	2026-09-05T23:41:13.8954148Z   type: 'suite'
verify	Test (includes calendar, Signal, Timeline, and suite truth gates)	2026-09-05T23:41:13.8954506Z   ...
verify	Test (includes calendar, Signal, Timeline, and suite truth gates)	2026-09-05T23:41:14.1709705Z # Subtest: Signal Studio URL contract
verify	Test (includes calendar, Signal, Timeline, and suite truth gates)	2026-09-05T23:41:14.1736906Z     # Subtest: keeps one marketing origin and four path-based product homes
verify	Test (includes calendar, Signal, Timeline, and suite truth gates)	2026-09-05T23:41:14.1764413Z     ok 1 - keeps one marketing origin and four path-based product homes
verify	Test (includes calendar, Signal, Timeline, and suite truth gates)	2026-09-05T23:41:14.1765154Z       ---
verify	Test (includes calendar, Signal, Timeline, and suite truth gates)	2026-09-05T23:41:14.1765703Z       duration_ms: 1.184738
verify	Test (includes calendar, Signal, Timeline, and suite truth gates)	2026-09-05T23:41:14.1766274Z       type: 'test'
verify	Test (includes calendar, Signal, Timeline, and suite truth gates)	2026-09-05T23:41:14.1766588Z       ...
verify	Test (includes calendar, Signal, Timeline, and suite truth gates)	2026-09-05T23:41:14.1767019Z     # Subtest: keeps one app origin and product-named module paths
verify	Test (includes calendar, Signal, Timeline, and suite truth gates)	2026-09-05T23:41:14.1767608Z     ok 2 - keeps one app origin and product-named module paths
verify	Test (includes calendar, Signal, Timeline, and suite truth gates)	2026-09-05T23:41:14.1768021Z       ---
verify	Test (includes calendar, Signal, Timeline, and suite truth gates)	2026-09-05T23:41:14.1768460Z       duration_ms: 0.166646
verify	Test (includes calendar, Signal, Timeline, and suite truth gates)	2026-09-05T23:41:14.1768780Z       type: 'test'
verify	Test (includes calendar, Signal, Timeline, and suite truth gates)	2026-09-05T23:41:14.1769039Z       ...
verify	Test (includes calendar, Signal, Timeline, and suite truth gates)	2026-09-05T23:41:14.1769509Z     # Subtest: keeps Tasks views below Tasks and reserves /app/timeline for Timeline
verify	Test (includes calendar, Signal, Timeline, and suite truth gates)	2026-09-05T23:41:14.1770222Z     ok 3 - keeps Tasks views below Tasks and reserves /app/timeline for Timeline
verify	Test (includes calendar, Signal, Timeline, and suite truth gates)	2026-09-05T23:41:14.1770743Z       ---
verify	Test (includes calendar, Signal, Timeline, and suite truth gates)	2026-09-05T23:41:14.1771014Z       duration_ms: 0.190892
verify	Test (includes calendar, Signal, Timeline, and suite truth gates)	2026-09-05T23:41:14.1771312Z       type: 'test'
verify	Test (includes calendar, Signal, Timeline, and suite truth gates)	2026-09-05T23:41:14.1771547Z       ...
verify	Test (includes calendar, Signal, Timeline, and suite truth gates)	2026-09-05T23:41:14.1772047Z     # Subtest: derives the active product without treating Tasks views as products
verify	Test (includes calendar, Signal, Timeline, and suite truth gates)	2026-09-05T23:41:14.1772863Z     ok 4 - derives the active product without treating Tasks views as products
verify	Test (includes calendar, Signal, Timeline, and suite truth gates)	2026-09-05T23:41:14.1773384Z       ---
verify	Test (includes calendar, Signal, Timeline, and suite truth gates)	2026-09-05T23:41:14.1773662Z       duration_ms: 0.165454
verify	Test (includes calendar, Signal, Timeline, and suite truth gates)	2026-09-05T23:41:14.1774000Z       type: 'test'
verify	Test (includes calendar, Signal, Timeline, and suite truth gates)	2026-09-05T23:41:14.1774257Z       ...
verify	Test (includes calendar, Signal, Timeline, and suite truth gates)	2026-09-05T23:41:14.1774739Z     # Subtest: carries allowlisted suite context on same-app relative links
verify	Test (includes calendar, Signal, Timeline, and suite truth gates)	2026-09-05T23:41:14.1775466Z     ok 5 - carries allowlisted suite context on same-app relative links
verify	Test (includes calendar, Signal, Timeline, and suite truth gates)	2026-09-05T23:41:14.1775941Z       ---
verify	Test (includes calendar, Signal, Timeline, and suite truth gates)	2026-09-05T23:41:14.1776184Z       duration_ms: 0.303407
verify	Test (includes calendar, Signal, Timeline, and suite truth gates)	2026-09-05T23:41:14.1776473Z       type: 'test'
verify	Test (includes calendar, Signal, Timeline, and suite truth gates)	2026-09-05T23:41:14.1776767Z       ...
verify	Test (includes calendar, Signal, Timeline, and suite truth gates)	2026-09-05T23:41:14.1777279Z     # Subtest: reserves product subdomains for narrow public surfaces
verify	Test (includes calendar, Signal, Timeline, and suite truth gates)	2026-09-05T23:41:14.1777970Z     ok 6 - reserves product subdomains for narrow public surfaces
verify	Test (includes calendar, Signal, Timeline, and suite truth gates)	2026-09-05T23:41:14.1780099Z       ---
verify	Test (includes calendar, Signal, Timeline, and suite truth gates)	2026-09-05T23:41:14.1780419Z       duration_ms: 0.115871
verify	Test (includes calendar, Signal, Timeline, and suite truth gates)	2026-09-05T23:41:14.1780760Z       type: 'test'
verify	Test (includes calendar, Signal, Timeline, and suite truth gates)	2026-09-05T23:41:14.1781017Z       ...
verify	Test (includes calendar, Signal, Timeline, and suite truth gates)	2026-09-05T23:41:14.1781405Z     # Subtest: redirects legacy Tasks app paths to the one app origin
verify	Test (includes calendar, Signal, Timeline, and suite truth gates)	2026-09-05T23:41:14.1782089Z     ok 7 - redirects legacy Tasks app paths to the one app origin
verify	Test (includes calendar, Signal, Timeline, and suite truth gates)	2026-09-05T23:41:14.1782524Z       ---
verify	Test (includes calendar, Signal, Timeline, and suite truth gates)	2026-09-05T23:41:14.1782785Z       duration_ms: 0.37257
verify	Test (includes calendar, Signal, Timeline, and suite truth gates)	2026-09-05T23:41:14.1783143Z       type: 'test'
verify	Test (includes calendar, Signal, Timeline, and suite truth gates)	2026-09-05T23:41:14.1783435Z       ...
verify	Test (includes calendar, Signal, Timeline, and suite truth gates)	2026-09-05T23:41:14.1783864Z     # Subtest: keeps every legacy product entry on one canonical destination
verify	Test (includes calendar, Signal, Timeline, and suite truth gates)	2026-09-05T23:41:14.1784541Z     ok 8 - keeps every legacy product entry on one canonical destination
verify	Test (includes calendar, Signal, Timeline, and suite truth gates)	2026-09-05T23:41:14.1785175Z       ---
verify	Test (includes calendar, Signal, Timeline, and suite truth gates)	2026-09-05T23:41:14.1785435Z       duration_ms: 0.532596
verify	Test (includes calendar, Signal, Timeline, and suite truth gates)	2026-09-05T23:41:14.1785739Z       type: 'test'
verify	Test (includes calendar, Signal, Timeline, and suite truth gates)	2026-09-05T23:41:14.1785985Z       ...
verify	Test (includes calendar, Signal, Timeline, and suite truth gates)	2026-09-05T23:41:14.1786213Z     1..8
verify	Test (includes calendar, Signal, Timeline, and suite truth gates)	2026-09-05T23:41:14.1786521Z ok 13 - Signal Studio URL contract
verify	Test (includes calendar, Signal, Timeline, and suite truth gates)	2026-09-05T23:41:14.1786834Z   ---
verify	Test (includes calendar, Signal, Timeline, and suite truth gates)	2026-09-05T23:41:14.1787371Z   duration_ms: 4.087352
verify	Test (includes calendar, Signal, Timeline, and suite truth gates)	2026-09-05T23:41:14.1787645Z   type: 'suite'
verify	Test (includes calendar, Signal, Timeline, and suite truth gates)	2026-09-05T23:41:14.1787927Z   ...
verify	Test (includes calendar, Signal, Timeline, and suite truth gates)	2026-09-05T23:41:14.1917419Z # Subtest: Timeline project switcher model
verify	Test (includes calendar, Signal, Timeline, and suite truth gates)	2026-09-05T23:41:14.1919059Z     # Subtest: preserves validated workspace and planning-period context
verify	Test (includes calendar, Signal, Timeline, and suite truth gates)	2026-09-05T23:41:14.1920138Z     ok 1 - preserves validated workspace and planning-period context
verify	Test (includes calendar, Signal, Timeline, and suite truth gates)	2026-09-05T23:41:14.1920865Z       ---
verify	Test (includes calendar, Signal, Timeline, and suite truth gates)	2026-09-05T23:41:14.1921231Z       duration_ms: 0.753282
verify	Test (includes calendar, Signal, Timeline, and suite truth gates)	2026-09-05T23:41:14.1922307Z       type: 'test'
verify	Test (includes calendar, Signal, Timeline, and suite truth gates)	2026-09-05T23:41:14.1922586Z       ...
verify	Test (includes calendar, Signal, Timeline, and suite truth gates)	2026-09-05T23:41:14.1922988Z     # Subtest: does not carry an orphaned planning-period id
verify	Test (includes calendar, Signal, Timeline, and suite truth gates)	2026-09-05T23:41:14.1923602Z     ok 2 - does not carry an orphaned planning-period id
verify	Test (includes calendar, Signal, Timeline, and suite truth gates)	2026-09-05T23:41:14.1924002Z       ---
verify	Test (includes calendar, Signal, Timeline, and suite truth gates)	2026-09-05T23:41:14.1924710Z       duration_ms: 0.151584
verify	Test (includes calendar, Signal, Timeline, and suite truth gates)	2026-09-05T23:41:14.1925007Z       type: 'test'
verify	Test (includes calendar, Signal, Timeline, and suite truth gates)	2026-09-05T23:41:14.1926610Z       ...
verify	Test (includes calendar, Signal, Timeline, and suite truth gates)	2026-09-05T23:41:14.1927055Z     # Subtest: keeps the owner's edit mode when switching projects
verify	Test (includes calendar, Signal, Timeline, and suite truth gates)	2026-09-05T23:41:14.1931295Z     ok 3 - keeps the owner's edit mode when switching projects
verify	Test (includes calendar, Signal, Timeline, and suite truth gates)	2026-09-05T23:41:14.1931834Z       ---
verify	Test (includes calendar, Signal, Timeline, and suite truth gates)	2026-09-05T23:41:14.1939147Z       duration_ms: 0.131674
verify	Test (includes calendar, Signal, Timeline, and suite truth gates)	2026-09-05T23:41:14.1939601Z       type: 'test'
verify	Test (includes calendar, Signal, Timeline, and suite truth gates)	2026-09-05T23:41:14.1940025Z       ...
verify	Test (includes calendar, Signal, Timeline, and suite truth gates)	2026-09-05T23:41:14.1940610Z     # Subtest: exposes projects from the authorised workspace only
verify	Test (includes calendar, Signal, Timeline, and suite truth gates)	2026-09-05T23:41:14.1941498Z     ok 4 - exposes projects from the authorised workspace only
verify	Test (includes calendar, Signal, Timeline, and suite truth gates)	2026-09-05T23:41:14.1941917Z       ---
verify	Test (includes calendar, Signal, Timeline, and suite truth gates)	2026-09-05T23:41:14.1942163Z       duration_ms: 0.570442
verify	Test (includes calendar, Signal, Timeline, and suite truth gates)	2026-09-05T23:41:14.1942496Z       type: 'test'
verify	Test (includes calendar, Signal, Timeline, and suite truth gates)	2026-09-05T23:41:14.1942760Z       ...
verify	Test (includes calendar, Signal, Timeline, and suite truth gates)	2026-09-05T23:41:14.1942993Z     1..4
verify	Test (includes calendar, Signal, Timeline, and suite truth gates)	2026-09-05T23:41:14.1943353Z ok 14 - Timeline project switcher model
verify	Test (includes calendar, Signal, Timeline, and suite truth gates)	2026-09-05T23:41:14.1943700Z   ---
verify	Test (includes calendar, Signal, Timeline, and suite truth gates)	2026-09-05T23:41:14.1943976Z   duration_ms: 2.406061
verify	Test (includes calendar, Signal, Timeline, and suite truth gates)	2026-09-05T23:41:14.1944273Z   type: 'suite'
verify	Test (includes calendar, Signal, Timeline, and suite truth gates)	2026-09-05T23:41:14.1944503Z   ...
verify	Test (includes calendar, Signal, Timeline, and suite truth gates)	2026-09-05T23:41:14.1944739Z 1..14
verify	Test (includes calendar, Signal, Timeline, and suite truth gates)	2026-09-05T23:41:14.1944976Z # tests 26
verify	Test (includes calendar, Signal, Timeline, and suite truth gates)	2026-09-05T23:41:14.1945199Z # suites 3
verify	Test (includes calendar, Signal, Timeline, and suite truth gates)	2026-09-05T23:41:14.1945445Z # pass 26
verify	Test (includes calendar, Signal, Timeline, and suite truth gates)	2026-09-05T23:41:14.1945679Z # fail 0
verify	Test (includes calendar, Signal, Timeline, and suite truth gates)	2026-09-05T23:41:14.1945903Z # cancelled 0
verify	Test (includes calendar, Signal, Timeline, and suite truth gates)	2026-09-05T23:41:14.1946159Z # skipped 0
verify	Test (includes calendar, Signal, Timeline, and suite truth gates)	2026-09-05T23:41:14.1946372Z # todo 0
verify	Test (includes calendar, Signal, Timeline, and suite truth gates)	2026-09-05T23:41:14.1946656Z # duration_ms 728.498788
verify	Test (includes calendar, Signal, Timeline, and suite truth gates)	2026-09-05T23:41:14.2328849Z TAP version 13
verify	Test (includes calendar, Signal, Timeline, and suite truth gates)	2026-09-05T23:41:14.2619452Z # Subtest: scenario E: suite links carry only allowlisted context hints
verify	Test (includes calendar, Signal, Timeline, and suite truth gates)	2026-09-05T23:41:14.2629110Z ok 1 - scenario E: suite links carry only allowlisted context hints
verify	Test (includes calendar, Signal, Timeline, and suite truth gates)	2026-09-05T23:41:14.2658136Z   ---
verify	Test (includes calendar, Signal, Timeline, and suite truth gates)	2026-09-05T23:41:14.2658692Z   duration_ms: 0.707384
verify	Test (includes calendar, Signal, Timeline, and suite truth gates)	2026-09-05T23:41:14.2659005Z   type: 'test'
verify	Test (includes calendar, Signal, Timeline, and suite truth gates)	2026-09-05T23:41:14.2660133Z   ...
verify	Test (includes calendar, Signal, Timeline, and suite truth gates)	2026-09-05T23:41:14.2660856Z # Subtest: incoming workspace hint is membership and period validated before anything authorized is returned
verify	Test (includes calendar, Signal, Timeline, and suite truth gates)	2026-09-05T23:41:14.2661914Z ok 2 - incoming workspace hint is membership and period validated before anything authorized is returned
verify	Test (includes calendar, Signal, Timeline, and suite truth gates)	2026-09-05T23:41:14.2662457Z   ---
verify	Test (includes calendar, Signal, Timeline, and suite truth gates)	2026-09-05T23:41:14.2662713Z   duration_ms: 0.871716
verify	Test (includes calendar, Signal, Timeline, and suite truth gates)	2026-09-05T23:41:14.2662965Z   type: 'test'
verify	Test (includes calendar, Signal, Timeline, and suite truth gates)	2026-09-05T23:41:14.2663201Z   ...
verify	Test (includes calendar, Signal, Timeline, and suite truth gates)	2026-09-05T23:41:14.2663854Z # Subtest: workspace-only suite hints are membership checked and project hints remain navigation-only
verify	Test (includes calendar, Signal, Timeline, and suite truth gates)	2026-09-05T23:41:14.2664842Z ok 3 - workspace-only suite hints are membership checked and project hints remain navigation-only
verify	Test (includes calendar, Signal, Timeline, and suite truth gates)	2026-09-05T23:41:14.2665422Z   ---
verify	Test (includes calendar, Signal, Timeline, and suite truth gates)	2026-09-05T23:41:14.2665669Z   duration_ms: 0.16955
verify	Test (includes calendar, Signal, Timeline, and suite truth gates)	2026-09-05T23:41:14.2665956Z   type: 'test'
verify	Test (includes calendar, Signal, Timeline, and suite truth gates)	2026-09-05T23:41:14.2666219Z   ...
verify	Test (includes calendar, Signal, Timeline, and suite truth gates)	2026-09-05T23:41:14.2666987Z # Subtest: review Timeline accepts the canonical Tasks context only inside the demo boundary
verify	Test (includes calendar, Signal, Timeline, and suite truth gates)	2026-09-05T23:41:14.2667883Z ok 4 - review Timeline accepts the canonical Tasks context only inside the demo boundary
verify	Test (includes calendar, Signal, Timeline, and suite truth gates)	2026-09-05T23:41:14.2668692Z   ---
verify	Test (includes calendar, Signal, Timeline, and suite truth gates)	2026-09-05T23:41:14.2668999Z   duration_ms: 0.167257
verify	Test (includes calendar, Signal, Timeline, and suite truth gates)	2026-09-05T23:41:14.2669297Z   type: 'test'
verify	Test (includes calendar, Signal, Timeline, and suite truth gates)	2026-09-05T23:41:14.2669558Z   ...
verify	Test (includes calendar, Signal, Timeline, and suite truth gates)	2026-09-05T23:41:14.2733884Z # Subtest: Tasks view changes can emit only canonical Tasks destinations
verify	Test (includes calendar, Signal, Timeline, and suite truth gates)	2026-09-05T23:41:14.2735260Z ok 5 - Tasks view changes can emit only canonical Tasks destinations
verify	Test (includes calendar, Signal, Timeline, and suite truth gates)	2026-09-05T23:41:14.2735977Z   ---
verify	Test (includes calendar, Signal, Timeline, and suite truth gates)	2026-09-05T23:41:14.2736491Z   duration_ms: 1.177558
verify	Test (includes calendar, Signal, Timeline, and suite truth gates)	2026-09-05T23:41:14.2736844Z   type: 'test'
verify	Test (includes calendar, Signal, Timeline, and suite truth gates)	2026-09-05T23:41:14.2737117Z   ...
verify	Test (includes calendar, Signal, Timeline, and suite truth gates)	2026-09-05T23:41:14.2737700Z # Subtest: Tasks calls its local time view Schedule, reserving Timeline for the product
verify	Test (includes calendar, Signal, Timeline, and suite truth gates)	2026-09-05T23:41:14.2740050Z ok 6 - Tasks calls its local time view Schedule, reserving Timeline for the product
verify	Test (includes calendar, Signal, Timeline, and suite truth gates)	2026-09-05T23:41:14.2742413Z   ---
verify	Test (includes calendar, Signal, Timeline, and suite truth gates)	2026-09-05T23:41:14.2742932Z   duration_ms: 0.16278
verify	Test (includes calendar, Signal, Timeline, and suite truth gates)	2026-09-05T23:41:14.2743400Z   type: 'test'
verify	Test (includes calendar, Signal, Timeline, and suite truth gates)	2026-09-05T23:41:14.2743808Z   ...
verify	Test (includes calendar, Signal, Timeline, and suite truth gates)	2026-09-05T23:41:14.2745444Z # Subtest: Tasks owns the same product-specific document title as its siblings
verify	Test (includes calendar, Signal, Timeline, and suite truth gates)	2026-09-05T23:41:14.2746395Z ok 7 - Tasks owns the same product-specific document title as its siblings
verify	Test (includes calendar, Signal, Timeline, and suite truth gates)	2026-09-05T23:41:14.2747031Z   ---
verify	Test (includes calendar, Signal, Timeline, and suite truth gates)	2026-09-05T23:41:14.2747430Z   duration_ms: 0.089101
verify	Test (includes calendar, Signal, Timeline, and suite truth gates)	2026-09-05T23:41:14.2747923Z   type: 'test'
verify	Test (includes calendar, Signal, Timeline, and suite truth gates)	2026-09-05T23:41:14.2748542Z   ...
verify	Test (includes calendar, Signal, Timeline, and suite truth gates)	2026-09-05T23:41:14.2749086Z # Subtest: the rail derives ownership and carries allowlisted context hints
verify	Test (includes calendar, Signal, Timeline, and suite truth gates)	2026-09-05T23:41:14.2749802Z ok 8 - the rail derives ownership and carries allowlisted context hints
verify	Test (includes calendar, Signal, Timeline, and suite truth gates)	2026-09-05T23:41:14.2750265Z   ---
verify	Test (includes calendar, Signal, Timeline, and suite truth gates)	2026-09-05T23:41:14.2750510Z   duration_ms: 0.795243
verify	Test (includes calendar, Signal, Timeline, and suite truth gates)	2026-09-05T23:41:14.2750780Z   type: 'test'
verify	Test (includes calendar, Signal, Timeline, and suite truth gates)	2026-09-05T23:41:14.2751021Z   ...
verify	Test (includes calendar, Signal, Timeline, and suite truth gates)	2026-09-05T23:41:14.2751557Z # Subtest: search is a compact command trigger beside Add task, not a resident field
verify	Test (includes calendar, Signal, Timeline, and suite truth gates)	2026-09-05T23:41:14.2752351Z ok 9 - search is a compact command trigger beside Add task, not a resident field
verify	Test (includes calendar, Signal, Timeline, and suite truth gates)	2026-09-05T23:41:14.2752815Z   ---
verify	Test (includes calendar, Signal, Timeline, and suite truth gates)	2026-09-05T23:41:14.2753066Z   duration_ms: 0.254296
verify	Test (includes calendar, Signal, Timeline, and suite truth gates)	2026-09-05T23:41:14.2753341Z   type: 'test'
verify	Test (includes calendar, Signal, Timeline, and suite truth gates)	2026-09-05T23:41:14.2753579Z   ...
verify	Test (includes calendar, Signal, Timeline, and suite truth gates)	2026-09-05T23:41:14.2754728Z # Subtest: suite context subscribes before its first storage read
verify	Test (includes calendar, Signal, Timeline, and suite truth gates)	2026-09-05T23:41:14.2755416Z ok 10 - suite context subscribes before its first storage read
verify	Test (includes calendar, Signal, Timeline, and suite truth gates)	2026-09-05T23:41:14.2755828Z   ---
verify	Test (includes calendar, Signal, Timeline, and suite truth gates)	2026-09-05T23:41:14.2756094Z   duration_ms: 0.126757
verify	Test (includes calendar, Signal, Timeline, and suite truth gates)	2026-09-05T23:41:14.2756382Z   type: 'test'
verify	Test (includes calendar, Signal, Timeline, and suite truth gates)	2026-09-05T23:41:14.2756626Z   ...
verify	Test (includes calendar, Signal, Timeline, and suite truth gates)	2026-09-05T23:41:14.2757147Z # Subtest: the Studio Bar keeps module identity when Tasks chrome data is absent
verify	Test (includes calendar, Signal, Timeline, and suite truth gates)	2026-09-05T23:41:14.2757881Z ok 11 - the Studio Bar keeps module identity when Tasks chrome data is absent
verify	Test (includes calendar, Signal, Timeline, and suite truth gates)	2026-09-05T23:41:14.2758553Z   ---
verify	Test (includes calendar, Signal, Timeline, and suite truth gates)	2026-09-05T23:41:14.2758814Z   duration_ms: 0.225683
verify	Test (includes calendar, Signal, Timeline, and suite truth gates)	2026-09-05T23:41:14.2759089Z   type: 'test'
verify	Test (includes calendar, Signal, Timeline, and suite truth gates)	2026-09-05T23:41:14.2759335Z   ...
verify	Test (includes calendar, Signal, Timeline, and suite truth gates)	2026-09-05T23:41:14.2759778Z # Subtest: every non-Tasks command event has one shared suite owner
verify	Test (includes calendar, Signal, Timeline, and suite truth gates)	2026-09-05T23:41:14.2760398Z ok 12 - every non-Tasks command event has one shared suite owner
verify	Test (includes calendar, Signal, Timeline, and suite truth gates)	2026-09-05T23:41:14.2760815Z   ---
verify	Test (includes calendar, Signal, Timeline, and suite truth gates)	2026-09-05T23:41:14.2761051Z   duration_ms: 0.114378
verify	Test (includes calendar, Signal, Timeline, and suite truth gates)	2026-09-05T23:41:14.2761326Z   type: 'test'
verify	Test (includes calendar, Signal, Timeline, and suite truth gates)	2026-09-05T23:41:14.2761564Z   ...
verify	Test (includes calendar, Signal, Timeline, and suite truth gates)	2026-09-05T23:41:14.2761985Z # Subtest: Tasks retains exactly one task-palette event owner
verify	Test (includes calendar, Signal, Timeline, and suite truth gates)	2026-09-05T23:41:14.2763107Z ok 13 - Tasks retains exactly one task-palette event owner
verify	Test (includes calendar, Signal, Timeline, and suite truth gates)	2026-09-05T23:41:14.2763745Z   ---
verify	Test (includes calendar, Signal, Timeline, and suite truth gates)	2026-09-05T23:41:14.2764236Z   duration_ms: 0.274546
verify	Test (includes calendar, Signal, Timeline, and suite truth gates)	2026-09-05T23:41:14.2764744Z   type: 'test'
verify	Test (includes calendar, Signal, Timeline, and suite truth gates)	2026-09-05T23:41:14.2765175Z   ...
verify	Test (includes calendar, Signal, Timeline, and suite truth gates)	2026-09-05T23:41:14.2765941Z # Subtest: Tasks chrome metadata is cleared before another product can inherit it
verify	Test (includes calendar, Signal, Timeline, and suite truth gates)	2026-09-05T23:41:14.2766924Z ok 14 - Tasks chrome metadata is cleared before another product can inherit it
verify	Test (includes calendar, Signal, Timeline, and suite truth gates)	2026-09-05T23:41:14.2767662Z   ---
verify	Test (includes calendar, Signal, Timeline, and suite truth gates)	2026-09-05T23:41:14.2787500Z   duration_ms: 0.866158
verify	Test (includes calendar, Signal, Timeline, and suite truth gates)	2026-09-05T23:41:14.2787832Z   type: 'test'
verify	Test (includes calendar, Signal, Timeline, and suite truth gates)	2026-09-05T23:41:14.2788087Z   ...
verify	Test (includes calendar, Signal, Timeline, and suite truth gates)	2026-09-05T23:41:14.2788791Z # Subtest: Tasks chrome publishes the authorised workspace name, not a domain example
verify	Test (includes calendar, Signal, Timeline, and suite truth gates)	2026-09-05T23:41:14.2789623Z ok 15 - Tasks chrome publishes the authorised workspace name, not a domain example
verify	Test (includes calendar, Signal, Timeline, and suite truth gates)	2026-09-05T23:41:14.2790138Z   ---
verify	Test (includes calendar, Signal, Timeline, and suite truth gates)	2026-09-05T23:41:14.2790381Z   duration_ms: 0.178523
verify	Test (includes calendar, Signal, Timeline, and suite truth gates)	2026-09-05T23:41:14.2790668Z   type: 'test'
verify	Test (includes calendar, Signal, Timeline, and suite truth gates)	2026-09-05T23:41:14.2790933Z   ...
verify	Test (includes calendar, Signal, Timeline, and suite truth gates)	2026-09-05T23:41:14.2791382Z # Subtest: mobile suite nav exposes Home-first canonical destinations
verify	Test (includes calendar, Signal, Timeline, and suite truth gates)	2026-09-05T23:41:14.2792243Z ok 16 - mobile suite nav exposes Home-first canonical destinations
verify	Test (includes calendar, Signal, Timeline, and suite truth gates)	2026-09-05T23:41:14.2792660Z   ---
verify	Test (includes calendar, Signal, Timeline, and suite truth gates)	2026-09-05T23:41:14.2792905Z   duration_ms: 0.210281
verify	Test (includes calendar, Signal, Timeline, and suite truth gates)	2026-09-05T23:41:14.2793178Z   type: 'test'
verify	Test (includes calendar, Signal, Timeline, and suite truth gates)	2026-09-05T23:41:14.2793395Z   ...
verify	Test (includes calendar, Signal, Timeline, and suite truth gates)	2026-09-05T23:41:14.2793979Z # Subtest: mobile Tasks has one persistent product spine and one keyboard-complete views menu
verify	Test (includes calendar, Signal, Timeline, and suite truth gates)	2026-09-05T23:41:14.2794873Z ok 17 - mobile Tasks has one persistent product spine and one keyboard-complete views menu
verify	Test (includes calendar, Signal, Timeline, and suite truth gates)	2026-09-05T23:41:14.2795585Z   ---
verify	Test (includes calendar, Signal, Timeline, and suite truth gates)	2026-09-05T23:41:14.2795833Z   duration_ms: 0.300534
verify	Test (includes calendar, Signal, Timeline, and suite truth gates)	2026-09-05T23:41:14.2796110Z   type: 'test'
verify	Test (includes calendar, Signal, Timeline, and suite truth gates)	2026-09-05T23:41:14.2796350Z   ...
verify	Test (includes calendar, Signal, Timeline, and suite truth gates)	2026-09-05T23:41:14.2796824Z # Subtest: the mobile Tasks account escape hatch preserves suite context
verify	Test (includes calendar, Signal, Timeline, and suite truth gates)	2026-09-05T23:41:14.2797522Z ok 18 - the mobile Tasks account escape hatch preserves suite context
verify	Test (includes calendar, Signal, Timeline, and suite truth gates)	2026-09-05T23:41:14.2797957Z   ---
verify	Test (includes calendar, Signal, Timeline, and suite truth gates)	2026-09-05T23:41:14.2798198Z   duration_ms: 0.080119
verify	Test (includes calendar, Signal, Timeline, and suite truth gates)	2026-09-05T23:41:14.2798660Z   type: 'test'
verify	Test (includes calendar, Signal, Timeline, and suite truth gates)	2026-09-05T23:41:14.2798909Z   ...
verify	Test (includes calendar, Signal, Timeline, and suite truth gates)	2026-09-05T23:41:14.2799422Z # Subtest: milestone task detail opens Timeline inside the contextual unified app
verify	Test (includes calendar, Signal, Timeline, and suite truth gates)	2026-09-05T23:41:14.2800189Z ok 19 - milestone task detail opens Timeline inside the contextual unified app
verify	Test (includes calendar, Signal, Timeline, and suite truth gates)	2026-09-05T23:41:14.2800657Z   ---
verify	Test (includes calendar, Signal, Timeline, and suite truth gates)	2026-09-05T23:41:14.2800901Z   duration_ms: 0.115891
verify	Test (includes calendar, Signal, Timeline, and suite truth gates)	2026-09-05T23:41:14.2801185Z   type: 'test'
verify	Test (includes calendar, Signal, Timeline, and suite truth gates)	2026-09-05T23:41:14.2801426Z   ...
verify	Test (includes calendar, Signal, Timeline, and suite truth gates)	2026-09-05T23:41:14.2801904Z # Subtest: the Tasks command palette jumps within the unified contextual app
verify	Test (includes calendar, Signal, Timeline, and suite truth gates)	2026-09-05T23:41:14.2802613Z ok 20 - the Tasks command palette jumps within the unified contextual app
verify	Test (includes calendar, Signal, Timeline, and suite truth gates)	2026-09-05T23:41:14.2803084Z   ---
verify	Test (includes calendar, Signal, Timeline, and suite truth gates)	2026-09-05T23:41:14.2803325Z   duration_ms: 0.108981
verify	Test (includes calendar, Signal, Timeline, and suite truth gates)	2026-09-05T23:41:14.2803598Z   type: 'test'
verify	Test (includes calendar, Signal, Timeline, and suite truth gates)	2026-09-05T23:41:14.2803834Z   ...
verify	Test (includes calendar, Signal, Timeline, and suite truth gates)	2026-09-05T23:41:14.2804278Z # Subtest: both command layers expose a valid modal combobox lifecycle
verify	Test (includes calendar, Signal, Timeline, and suite truth gates)	2026-09-05T23:41:14.2804907Z ok 21 - both command layers expose a valid modal combobox lifecycle
verify	Test (includes calendar, Signal, Timeline, and suite truth gates)	2026-09-05T23:41:14.2805324Z   ---
verify	Test (includes calendar, Signal, Timeline, and suite truth gates)	2026-09-05T23:41:14.2805570Z   duration_ms: 0.261746
verify	Test (includes calendar, Signal, Timeline, and suite truth gates)	2026-09-05T23:41:14.2805844Z   type: 'test'
verify	Test (includes calendar, Signal, Timeline, and suite truth gates)	2026-09-05T23:41:14.2806089Z   ...
verify	Test (includes calendar, Signal, Timeline, and suite truth gates)	2026-09-05T23:41:14.2806600Z # Subtest: Calendar overflow and the task inspector keep accessible focus and names
verify	Test (includes calendar, Signal, Timeline, and suite truth gates)	2026-09-05T23:41:14.2807371Z ok 22 - Calendar overflow and the task inspector keep accessible focus and names
verify	Test (includes calendar, Signal, Timeline, and suite truth gates)	2026-09-05T23:41:14.2807850Z   ---
verify	Test (includes calendar, Signal, Timeline, and suite truth gates)	2026-09-05T23:41:14.2808092Z   duration_ms: 0.102351
verify	Test (includes calendar, Signal, Timeline, and suite truth gates)	2026-09-05T23:41:14.2813880Z   type: 'test'
verify	Test (includes calendar, Signal, Timeline, and suite truth gates)	2026-09-05T23:41:14.2814161Z   ...
verify	Test (includes calendar, Signal, Timeline, and suite truth gates)	2026-09-05T23:41:14.2814730Z # Subtest: Tasks mobile CSS contains dense canvases and preserves 44px primary targets
verify	Test (includes calendar, Signal, Timeline, and suite truth gates)	2026-09-05T23:41:14.2815517Z ok 23 - Tasks mobile CSS contains dense canvases and preserves 44px primary targets
verify	Test (includes calendar, Signal, Timeline, and suite truth gates)	2026-09-05T23:41:14.2815841Z   ---
verify	Test (includes calendar, Signal, Timeline, and suite truth gates)	2026-09-05T23:41:14.2816018Z   duration_ms: 0.303848
verify	Test (includes calendar, Signal, Timeline, and suite truth gates)	2026-09-05T23:41:14.2816203Z   type: 'test'
verify	Test (includes calendar, Signal, Timeline, and suite truth gates)	2026-09-05T23:41:14.2816360Z   ...
verify	Test (includes calendar, Signal, Timeline, and suite truth gates)	2026-09-05T23:41:14.2816670Z # Subtest: the shared app frame starts with one stable skip-link destination
verify	Test (includes calendar, Signal, Timeline, and suite truth gates)	2026-09-05T23:41:14.2817115Z ok 24 - the shared app frame starts with one stable skip-link destination
verify	Test (includes calendar, Signal, Timeline, and suite truth gates)	2026-09-05T23:41:14.2817424Z   ---
verify	Test (includes calendar, Signal, Timeline, and suite truth gates)	2026-09-05T23:41:14.2817584Z   duration_ms: 0.157673
verify	Test (includes calendar, Signal, Timeline, and suite truth gates)	2026-09-05T23:41:14.2817759Z   type: 'test'
verify	Test (includes calendar, Signal, Timeline, and suite truth gates)	2026-09-05T23:41:14.2817907Z   ...
verify	Test (includes calendar, Signal, Timeline, and suite truth gates)	2026-09-05T23:41:14.2818221Z # Subtest: Notes leaves command-K to the suite and exposes slash for local find
verify	Test (includes calendar, Signal, Timeline, and suite truth gates)	2026-09-05T23:41:14.2819102Z ok 25 - Notes leaves command-K to the suite and exposes slash for local find
verify	Test (includes calendar, Signal, Timeline, and suite truth gates)	2026-09-05T23:41:14.2819524Z   ---
verify	Test (includes calendar, Signal, Timeline, and suite truth gates)	2026-09-05T23:41:14.2819769Z   duration_ms: 0.155389
verify	Test (includes calendar, Signal, Timeline, and suite truth gates)	2026-09-05T23:41:14.2820063Z   type: 'test'
verify	Test (includes calendar, Signal, Timeline, and suite truth gates)	2026-09-05T23:41:14.2820307Z   ...
verify	Test (includes calendar, Signal, Timeline, and suite truth gates)	2026-09-05T23:41:14.2820832Z # Subtest: Notes opens a task through the approved focus route, never a hostname
verify	Test (includes calendar, Signal, Timeline, and suite truth gates)	2026-09-05T23:41:14.2821632Z ok 26 - Notes opens a task through the approved focus route, never a hostname
verify	Test (includes calendar, Signal, Timeline, and suite truth gates)	2026-09-05T23:41:14.2822120Z   ---
verify	Test (includes calendar, Signal, Timeline, and suite truth gates)	2026-09-05T23:41:14.2822366Z   duration_ms: 0.208198
verify	Test (includes calendar, Signal, Timeline, and suite truth gates)	2026-09-05T23:41:14.2822655Z   type: 'test'
verify	Test (includes calendar, Signal, Timeline, and suite truth gates)	2026-09-05T23:41:14.2823105Z   ...
verify	Test (includes calendar, Signal, Timeline, and suite truth gates)	2026-09-05T23:41:14.2823611Z # Subtest: canonical module identity stays visible in the mobile Studio Bar
verify	Test (includes calendar, Signal, Timeline, and suite truth gates)	2026-09-05T23:41:14.2824358Z ok 27 - canonical module identity stays visible in the mobile Studio Bar
verify	Test (includes calendar, Signal, Timeline, and suite truth gates)	2026-09-05T23:41:14.2824826Z   ---
verify	Test (includes calendar, Signal, Timeline, and suite truth gates)	2026-09-05T23:41:14.2825066Z   duration_ms: 0.150633
verify	Test (includes calendar, Signal, Timeline, and suite truth gates)	2026-09-05T23:41:14.2825350Z   type: 'test'
verify	Test (includes calendar, Signal, Timeline, and suite truth gates)	2026-09-05T23:41:14.2825598Z   ...
verify	Test (includes calendar, Signal, Timeline, and suite truth gates)	2026-09-05T23:41:14.2826181Z # Subtest: the Notes workspace is the only notebook, and the legacy send seam stays flagged
verify	Test (includes calendar, Signal, Timeline, and suite truth gates)	2026-09-05T23:41:14.2827135Z ok 28 - the Notes workspace is the only notebook, and the legacy send seam stays flagged
verify	Test (includes calendar, Signal, Timeline, and suite truth gates)	2026-09-05T23:41:14.2827653Z   ---
verify	Test (includes calendar, Signal, Timeline, and suite truth gates)	2026-09-05T23:41:14.2827901Z   duration_ms: 0.131203
verify	Test (includes calendar, Signal, Timeline, and suite truth gates)	2026-09-05T23:41:14.2828179Z   type: 'test'
verify	Test (includes calendar, Signal, Timeline, and suite truth gates)	2026-09-05T23:41:14.2828580Z   ...
verify	Test (includes calendar, Signal, Timeline, and suite truth gates)	2026-09-05T23:41:14.2829084Z # Subtest: the Tasks room tells the same Mara and Finn venue story as Timeline
verify	Test (includes calendar, Signal, Timeline, and suite truth gates)	2026-09-05T23:41:14.2829797Z ok 29 - the Tasks room tells the same Mara and Finn venue story as Timeline
verify	Test (includes calendar, Signal, Timeline, and suite truth gates)	2026-09-05T23:41:14.2830268Z   ---
verify	Test (includes calendar, Signal, Timeline, and suite truth gates)	2026-09-05T23:41:14.2830506Z   duration_ms: 0.085476
verify	Test (includes calendar, Signal, Timeline, and suite truth gates)	2026-09-05T23:41:14.2830761Z   type: 'test'
verify	Test (includes calendar, Signal, Timeline, and suite truth gates)	2026-09-05T23:41:14.2830993Z   ...
verify	Test (includes calendar, Signal, Timeline, and suite truth gates)	2026-09-05T23:41:14.2831589Z # Subtest: the deterministic cross-suite fixture keeps one workspace, project, and milestone identity
verify	Test (includes calendar, Signal, Timeline, and suite truth gates)	2026-09-05T23:41:14.2832529Z ok 30 - the deterministic cross-suite fixture keeps one workspace, project, and milestone identity
verify	Test (includes calendar, Signal, Timeline, and suite truth gates)	2026-09-05T23:41:14.2833092Z   ---
verify	Test (includes calendar, Signal, Timeline, and suite truth gates)	2026-09-05T23:41:14.2833363Z   duration_ms: 0.132345
verify	Test (includes calendar, Signal, Timeline, and suite truth gates)	2026-09-05T23:41:14.2833646Z   type: 'test'
verify	Test (includes calendar, Signal, Timeline, and suite truth gates)	2026-09-05T23:41:14.2833890Z   ...
verify	Test (includes calendar, Signal, Timeline, and suite truth gates)	2026-09-05T23:41:14.2834509Z # Subtest: the cross-suite evidence contract separates read-only traversal from hashed mutation proof
verify	Test (includes calendar, Signal, Timeline, and suite truth gates)	2026-09-05T23:41:14.2835444Z ok 31 - the cross-suite evidence contract separates read-only traversal from hashed mutation proof
verify	Test (includes calendar, Signal, Timeline, and suite truth gates)	2026-09-05T23:41:14.2836008Z   ---
verify	Test (includes calendar, Signal, Timeline, and suite truth gates)	2026-09-05T23:41:14.2836259Z   duration_ms: 0.14897
verify	Test (includes calendar, Signal, Timeline, and suite truth gates)	2026-09-05T23:41:14.2836537Z   type: 'test'
verify	Test (includes calendar, Signal, Timeline, and suite truth gates)	2026-09-05T23:41:14.2836777Z   ...
verify	Test (includes calendar, Signal, Timeline, and suite truth gates)	2026-09-05T23:41:14.2896631Z 1..31
verify	Test (includes calendar, Signal, Timeline, and suite truth gates)	2026-09-05T23:41:14.2896919Z # tests 31
verify	Test (includes calendar, Signal, Timeline, and suite truth gates)	2026-09-05T23:41:14.2897167Z # suites 0
verify	Test (includes calendar, Signal, Timeline, and suite truth gates)	2026-09-05T23:41:14.2897413Z # pass 31
verify	Test (includes calendar, Signal, Timeline, and suite truth gates)	2026-09-05T23:41:14.2897664Z # fail 0
verify	Test (includes calendar, Signal, Timeline, and suite truth gates)	2026-09-05T23:41:14.2897943Z # cancelled 0
verify	Test (includes calendar, Signal, Timeline, and suite truth gates)	2026-09-05T23:41:14.2898244Z # skipped 0
verify	Test (includes calendar, Signal, Timeline, and suite truth gates)	2026-09-05T23:41:14.2898911Z # todo 0
verify	Test (includes calendar, Signal, Timeline, and suite truth gates)	2026-09-05T23:41:14.2899189Z # duration_ms 69.322673
verify	Test (includes calendar, Signal, Timeline, and suite truth gates)	2026-09-05T23:41:14.3398572Z TAP version 13
verify	Test (includes calendar, Signal, Timeline, and suite truth gates)	2026-09-05T23:41:14.6006456Z # Subtest: Wave 2 interface contracts
verify	Test (includes calendar, Signal, Timeline, and suite truth gates)	2026-09-05T23:41:14.6049295Z     # Subtest: discloses photo processing before the AI read action
verify	Test (includes calendar, Signal, Timeline, and suite truth gates)	2026-09-05T23:41:14.6056089Z     ok 1 - discloses photo processing before the AI read action
verify	Test (includes calendar, Signal, Timeline, and suite truth gates)	2026-09-05T23:41:14.6056597Z       ---
verify	Test (includes calendar, Signal, Timeline, and suite truth gates)	2026-09-05T23:41:14.6056910Z       duration_ms: 1.164648
verify	Test (includes calendar, Signal, Timeline, and suite truth gates)	2026-09-05T23:41:14.6057242Z       type: 'test'
verify	Test (includes calendar, Signal, Timeline, and suite truth gates)	2026-09-05T23:41:14.6057526Z       ...
verify	Test (includes calendar, Signal, Timeline, and suite truth gates)	2026-09-05T23:41:14.6057966Z     # Subtest: gives mobile boards explicit lanes and task completion an announced receipt
verify	Test (includes calendar, Signal, Timeline, and suite truth gates)	2026-09-05T23:41:14.6058910Z     ok 2 - gives mobile boards explicit lanes and task completion an announced receipt
verify	Test (includes calendar, Signal, Timeline, and suite truth gates)	2026-09-05T23:41:14.6059378Z       ---
verify	Test (includes calendar, Signal, Timeline, and suite truth gates)	2026-09-05T23:41:14.6059709Z       duration_ms: 0.841412
verify	Test (includes calendar, Signal, Timeline, and suite truth gates)	2026-09-05T23:41:14.6060055Z       type: 'test'
verify	Test (includes calendar, Signal, Timeline, and suite truth gates)	2026-09-05T23:41:14.6060425Z       ...
verify	Test (includes calendar, Signal, Timeline, and suite truth gates)	2026-09-05T23:41:14.6060874Z     # Subtest: states the published-link boundary and review step in sharing
verify	Test (includes calendar, Signal, Timeline, and suite truth gates)	2026-09-05T23:41:14.6061435Z     ok 3 - states the published-link boundary and review step in sharing
verify	Test (includes calendar, Signal, Timeline, and suite truth gates)	2026-09-05T23:41:14.6061733Z       ---
verify	Test (includes calendar, Signal, Timeline, and suite truth gates)	2026-09-05T23:41:14.6061905Z       duration_ms: 0.486398
verify	Test (includes calendar, Signal, Timeline, and suite truth gates)	2026-09-05T23:41:14.6062095Z       type: 'test'
verify	Test (includes calendar, Signal, Timeline, and suite truth gates)	2026-09-05T23:41:14.6062262Z       ...
verify	Test (includes calendar, Signal, Timeline, and suite truth gates)	2026-09-05T23:41:14.6062411Z     1..3
verify	Test (includes calendar, Signal, Timeline, and suite truth gates)	2026-09-05T23:41:14.6062617Z ok 1 - Wave 2 interface contracts
verify	Test (includes calendar, Signal, Timeline, and suite truth gates)	2026-09-05T23:41:14.6062820Z   ---
verify	Test (includes calendar, Signal, Timeline, and suite truth gates)	2026-09-05T23:41:14.6062981Z   duration_ms: 3.501356
verify	Test (includes calendar, Signal, Timeline, and suite truth gates)	2026-09-05T23:41:14.6063168Z   type: 'suite'
verify	Test (includes calendar, Signal, Timeline, and suite truth gates)	2026-09-05T23:41:14.6063331Z   ...
verify	Test (includes calendar, Signal, Timeline, and suite truth gates)	2026-09-05T23:41:14.6226561Z # Subtest: Wave 3 interface contracts
verify	Test (includes calendar, Signal, Timeline, and suite truth gates)	2026-09-05T23:41:14.6227656Z     # Subtest: derives every demo task count and scheduling obligation from fixtures and selectors
verify	Test (includes calendar, Signal, Timeline, and suite truth gates)	2026-09-05T23:41:14.6229272Z     ok 1 - derives every demo task count and scheduling obligation from fixtures and selectors
verify	Test (includes calendar, Signal, Timeline, and suite truth gates)	2026-09-05T23:41:14.6230141Z       ---
verify	Test (includes calendar, Signal, Timeline, and suite truth gates)	2026-09-05T23:41:14.6230684Z       duration_ms: 0.933878
verify	Test (includes calendar, Signal, Timeline, and suite truth gates)	2026-09-05T23:41:14.6231142Z       type: 'test'
verify	Test (includes calendar, Signal, Timeline, and suite truth gates)	2026-09-05T23:41:14.6231655Z       ...
verify	Test (includes calendar, Signal, Timeline, and suite truth gates)	2026-09-05T23:41:14.6232419Z     # Subtest: requires an explicit, informed action before either Tasks AI request
verify	Test (includes calendar, Signal, Timeline, and suite truth gates)	2026-09-05T23:41:14.6233619Z     ok 2 - requires an explicit, informed action before either Tasks AI request
verify	Test (includes calendar, Signal, Timeline, and suite truth gates)	2026-09-05T23:41:14.6234436Z       ---
verify	Test (includes calendar, Signal, Timeline, and suite truth gates)	2026-09-05T23:41:14.6234967Z       duration_ms: 0.263138
verify	Test (includes calendar, Signal, Timeline, and suite truth gates)	2026-09-05T23:41:14.6235451Z       type: 'test'
verify	Test (includes calendar, Signal, Timeline, and suite truth gates)	2026-09-05T23:41:14.6235956Z       ...
verify	Test (includes calendar, Signal, Timeline, and suite truth gates)	2026-09-05T23:41:14.6236816Z     # Subtest: keeps 320px Notes descendants and forced-colour sharing focus inside the usable viewport
verify	Test (includes calendar, Signal, Timeline, and suite truth gates)	2026-09-05T23:41:14.6237963Z     ok 3 - keeps 320px Notes descendants and forced-colour sharing focus inside the usable viewport
verify	Test (includes calendar, Signal, Timeline, and suite truth gates)	2026-09-05T23:41:14.6239359Z       ---
verify	Test (includes calendar, Signal, Timeline, and suite truth gates)	2026-09-05T23:41:14.6239926Z       duration_ms: 0.502141
verify	Test (includes calendar, Signal, Timeline, and suite truth gates)	2026-09-05T23:41:14.6240502Z       type: 'test'
verify	Test (includes calendar, Signal, Timeline, and suite truth gates)	2026-09-05T23:41:14.6240910Z       ...
verify	Test (includes calendar, Signal, Timeline, and suite truth gates)	2026-09-05T23:41:14.6241655Z     # Subtest: owns completion motion by event and keeps Timeline feedback under 300ms
verify	Test (includes calendar, Signal, Timeline, and suite truth gates)	2026-09-05T23:41:14.6242730Z     ok 4 - owns completion motion by event and keeps Timeline feedback under 300ms
verify	Test (includes calendar, Signal, Timeline, and suite truth gates)	2026-09-05T23:41:14.6243530Z       ---
verify	Test (includes calendar, Signal, Timeline, and suite truth gates)	2026-09-05T23:41:14.6243936Z       duration_ms: 0.649238
verify	Test (includes calendar, Signal, Timeline, and suite truth gates)	2026-09-05T23:41:14.6244485Z       type: 'test'
verify	Test (includes calendar, Signal, Timeline, and suite truth gates)	2026-09-05T23:41:14.6244896Z       ...
verify	Test (includes calendar, Signal, Timeline, and suite truth gates)	2026-09-05T23:41:14.6245439Z     # Subtest: presents one plain-language Timeline link lifecycle
verify	Test (includes calendar, Signal, Timeline, and suite truth gates)	2026-09-05T23:41:14.6246172Z     ok 5 - presents one plain-language Timeline link lifecycle
verify	Test (includes calendar, Signal, Timeline, and suite truth gates)	2026-09-05T23:41:14.6255054Z       ---
verify	Test (includes calendar, Signal, Timeline, and suite truth gates)	2026-09-05T23:41:14.6255567Z       duration_ms: 0.410366
verify	Test (includes calendar, Signal, Timeline, and suite truth gates)	2026-09-05T23:41:14.6256051Z       type: 'test'
verify	Test (includes calendar, Signal, Timeline, and suite truth gates)	2026-09-05T23:41:14.6256477Z       ...
verify	Test (includes calendar, Signal, Timeline, and suite truth gates)	2026-09-05T23:41:14.6256910Z     1..5
verify	Test (includes calendar, Signal, Timeline, and suite truth gates)	2026-09-05T23:41:14.6257374Z ok 2 - Wave 3 interface contracts
verify	Test (includes calendar, Signal, Timeline, and suite truth gates)	2026-09-05T23:41:14.6257853Z   ---
verify	Test (includes calendar, Signal, Timeline, and suite truth gates)	2026-09-05T23:41:14.6258249Z   duration_ms: 3.798466
verify	Test (includes calendar, Signal, Timeline, and suite truth gates)	2026-09-05T23:41:14.6258833Z   type: 'suite'
verify	Test (includes calendar, Signal, Timeline, and suite truth gates)	2026-09-05T23:41:14.6259266Z   ...
verify	Test (includes calendar, Signal, Timeline, and suite truth gates)	2026-09-05T23:41:14.6416860Z 1..2
verify	Test (includes calendar, Signal, Timeline, and suite truth gates)	2026-09-05T23:41:14.6420416Z # tests 8
verify	Test (includes calendar, Signal, Timeline, and suite truth gates)	2026-09-05T23:41:14.6421046Z # suites 2
verify	Test (includes calendar, Signal, Timeline, and suite truth gates)	2026-09-05T23:41:14.6421503Z # pass 8
verify	Test (includes calendar, Signal, Timeline, and suite truth gates)	2026-09-05T23:41:14.6421937Z # fail 0
verify	Test (includes calendar, Signal, Timeline, and suite truth gates)	2026-09-05T23:41:14.6422384Z # cancelled 0
verify	Test (includes calendar, Signal, Timeline, and suite truth gates)	2026-09-05T23:41:14.6422908Z # skipped 0
verify	Test (includes calendar, Signal, Timeline, and suite truth gates)	2026-09-05T23:41:14.6423407Z # todo 0
verify	Test (includes calendar, Signal, Timeline, and suite truth gates)	2026-09-05T23:41:14.6423889Z # duration_ms 314.086608
verify	Test (includes calendar, Signal, Timeline, and suite truth gates)	2026-09-05T23:41:14.6907986Z TAP version 13
verify	Test (includes calendar, Signal, Timeline, and suite truth gates)	2026-09-05T23:41:14.9529406Z # Subtest: Drive browser resumable upload
verify	Test (includes calendar, Signal, Timeline, and suite truth gates)	2026-09-05T23:41:14.9530076Z     # Subtest: sends a 9 MiB Blob as one 8 MiB chunk and one remainder
verify	Test (includes calendar, Signal, Timeline, and suite truth gates)	2026-09-05T23:41:14.9549263Z     ok 1 - sends a 9 MiB Blob as one 8 MiB chunk and one remainder
verify	Test (includes calendar, Signal, Timeline, and suite truth gates)	2026-09-05T23:41:14.9549694Z       ---
verify	Test (includes calendar, Signal, Timeline, and suite truth gates)	2026-09-05T23:41:14.9549958Z       duration_ms: 17.846395
verify	Test (includes calendar, Signal, Timeline, and suite truth gates)	2026-09-05T23:41:14.9550283Z       type: 'test'
verify	Test (includes calendar, Signal, Timeline, and suite truth gates)	2026-09-05T23:41:14.9550524Z       ...
verify	Test (includes calendar, Signal, Timeline, and suite truth gates)	2026-09-05T23:41:14.9550980Z     # Subtest: resumes from the exact provider-confirmed partial acknowledgement
verify	Test (includes calendar, Signal, Timeline, and suite truth gates)	2026-09-05T23:41:14.9551653Z     ok 2 - resumes from the exact provider-confirmed partial acknowledgement
verify	Test (includes calendar, Signal, Timeline, and suite truth gates)	2026-09-05T23:41:14.9552097Z       ---
verify	Test (includes calendar, Signal, Timeline, and suite truth gates)	2026-09-05T23:41:14.9552332Z       duration_ms: 1.628803
verify	Test (includes calendar, Signal, Timeline, and suite truth gates)	2026-09-05T23:41:14.9552624Z       type: 'test'
verify	Test (includes calendar, Signal, Timeline, and suite truth gates)	2026-09-05T23:41:14.9552874Z       ...
verify	Test (includes calendar, Signal, Timeline, and suite truth gates)	2026-09-05T23:41:14.9553240Z     # Subtest: probes the same capability after an uncertain network result
verify	Test (includes calendar, Signal, Timeline, and suite truth gates)	2026-09-05T23:41:14.9553849Z     ok 3 - probes the same capability after an uncertain network result
verify	Test (includes calendar, Signal, Timeline, and suite truth gates)	2026-09-05T23:41:14.9554275Z       ---
verify	Test (includes calendar, Signal, Timeline, and suite truth gates)	2026-09-05T23:41:14.9554511Z       duration_ms: 2.317399
verify	Test (includes calendar, Signal, Timeline, and suite truth gates)	2026-09-05T23:41:14.9554822Z       type: 'test'
verify	Test (includes calendar, Signal, Timeline, and suite truth gates)	2026-09-05T23:41:14.9555059Z       ...
verify	Test (includes calendar, Signal, Timeline, and suite truth gates)	2026-09-05T23:41:14.9555502Z     # Subtest: pauses without an offset when both upload and status are ambiguous
verify	Test (includes calendar, Signal, Timeline, and suite truth gates)	2026-09-05T23:41:14.9556170Z     ok 4 - pauses without an offset when both upload and status are ambiguous
verify	Test (includes calendar, Signal, Timeline, and suite truth gates)	2026-09-05T23:41:14.9557009Z       ---
verify	Test (includes calendar, Signal, Timeline, and suite truth gates)	2026-09-05T23:41:14.9557252Z       duration_ms: 0.319081
verify	Test (includes calendar, Signal, Timeline, and suite truth gates)	2026-09-05T23:41:14.9557542Z       type: 'test'
verify	Test (includes calendar, Signal, Timeline, and suite truth gates)	2026-09-05T23:41:14.9557776Z       ...
verify	Test (includes calendar, Signal, Timeline, and suite truth gates)	2026-09-05T23:41:14.9558181Z     # Subtest: reports only a confirmed provider 404 as expired
verify	Test (includes calendar, Signal, Timeline, and suite truth gates)	2026-09-05T23:41:14.9558825Z     ok 5 - reports only a confirmed provider 404 as expired
verify	Test (includes calendar, Signal, Timeline, and suite truth gates)	2026-09-05T23:41:14.9559198Z       ---
verify	Test (includes calendar, Signal, Timeline, and suite truth gates)	2026-09-05T23:41:14.9559603Z       duration_ms: 0.459107
verify	Test (includes calendar, Signal, Timeline, and suite truth gates)	2026-09-05T23:41:14.9559893Z       type: 'test'
verify	Test (includes calendar, Signal, Timeline, and suite truth gates)	2026-09-05T23:41:14.9560133Z       ...
verify	Test (includes calendar, Signal, Timeline, and suite truth gates)	2026-09-05T23:41:14.9560599Z     # Subtest: rejects untrusted capabilities and malformed provider acknowledgements
verify	Test (includes calendar, Signal, Timeline, and suite truth gates)	2026-09-05T23:41:14.9561349Z     ok 6 - rejects untrusted capabilities and malformed provider acknowledgements
verify	Test (includes calendar, Signal, Timeline, and suite truth gates)	2026-09-05T23:41:14.9561815Z       ---
verify	Test (includes calendar, Signal, Timeline, and suite truth gates)	2026-09-05T23:41:14.9562052Z       duration_ms: 0.615258
verify	Test (includes calendar, Signal, Timeline, and suite truth gates)	2026-09-05T23:41:14.9562327Z       type: 'test'
verify	Test (includes calendar, Signal, Timeline, and suite truth gates)	2026-09-05T23:41:14.9562571Z       ...
verify	Test (includes calendar, Signal, Timeline, and suite truth gates)	2026-09-05T23:41:14.9563027Z     # Subtest: aborts without treating cancellation as expiry or minting a new URI
verify	Test (includes calendar, Signal, Timeline, and suite truth gates)	2026-09-05T23:41:14.9563697Z     ok 7 - aborts without treating cancellation as expiry or minting a new URI
verify	Test (includes calendar, Signal, Timeline, and suite truth gates)	2026-09-05T23:41:14.9564157Z       ---
verify	Test (includes calendar, Signal, Timeline, and suite truth gates)	2026-09-05T23:41:14.9564404Z       duration_ms: 0.335645
verify	Test (includes calendar, Signal, Timeline, and suite truth gates)	2026-09-05T23:41:14.9564681Z       type: 'test'
verify	Test (includes calendar, Signal, Timeline, and suite truth gates)	2026-09-05T23:41:14.9564933Z       ...
verify	Test (includes calendar, Signal, Timeline, and suite truth gates)	2026-09-05T23:41:14.9565307Z     # Subtest: does not advance when Google acknowledges no new bytes
verify	Test (includes calendar, Signal, Timeline, and suite truth gates)	2026-09-05T23:41:14.9565866Z     ok 8 - does not advance when Google acknowledges no new bytes
verify	Test (includes calendar, Signal, Timeline, and suite truth gates)	2026-09-05T23:41:14.9566271Z       ---
verify	Test (includes calendar, Signal, Timeline, and suite truth gates)	2026-09-05T23:41:14.9566500Z       duration_ms: 0.417647
verify	Test (includes calendar, Signal, Timeline, and suite truth gates)	2026-09-05T23:41:14.9566779Z       type: 'test'
verify	Test (includes calendar, Signal, Timeline, and suite truth gates)	2026-09-05T23:41:14.9567164Z       ...
verify	Test (includes calendar, Signal, Timeline, and suite truth gates)	2026-09-05T23:41:14.9581147Z     # Subtest: probes for a file id if the final data PUT only acknowledges bytes
verify	Test (includes calendar, Signal, Timeline, and suite truth gates)	2026-09-05T23:41:14.9581841Z     ok 9 - probes for a file id if the final data PUT only acknowledges bytes
verify	Test (includes calendar, Signal, Timeline, and suite truth gates)	2026-09-05T23:41:14.9582302Z       ---
verify	Test (includes calendar, Signal, Timeline, and suite truth gates)	2026-09-05T23:41:14.9582562Z       duration_ms: 0.539676
verify	Test (includes calendar, Signal, Timeline, and suite truth gates)	2026-09-05T23:41:14.9582867Z       type: 'test'
verify	Test (includes calendar, Signal, Timeline, and suite truth gates)	2026-09-05T23:41:14.9583113Z       ...
verify	Test (includes calendar, Signal, Timeline, and suite truth gates)	2026-09-05T23:41:14.9583334Z     1..9
verify	Test (includes calendar, Signal, Timeline, and suite truth gates)	2026-09-05T23:41:14.9583787Z ok 1 - Drive browser resumable upload
verify	Test (includes calendar, Signal, Timeline, and suite truth gates)	2026-09-05T23:41:14.9584311Z   ---
verify	Test (includes calendar, Signal, Timeline, and suite truth gates)	2026-09-05T23:41:14.9584550Z   duration_ms: 25.842856
verify	Test (includes calendar, Signal, Timeline, and suite truth gates)	2026-09-05T23:41:14.9584835Z   type: 'suite'
verify	Test (includes calendar, Signal, Timeline, and suite truth gates)	2026-09-05T23:41:14.9585074Z   ...
verify	Test (includes calendar, Signal, Timeline, and suite truth gates)	2026-09-05T23:41:14.9731204Z 1..1
verify	Test (includes calendar, Signal, Timeline, and suite truth gates)	2026-09-05T23:41:14.9731517Z # tests 9
verify	Test (includes calendar, Signal, Timeline, and suite truth gates)	2026-09-05T23:41:14.9731762Z # suites 1
verify	Test (includes calendar, Signal, Timeline, and suite truth gates)	2026-09-05T23:41:14.9731993Z # pass 9
verify	Test (includes calendar, Signal, Timeline, and suite truth gates)	2026-09-05T23:41:14.9732228Z # fail 0
verify	Test (includes calendar, Signal, Timeline, and suite truth gates)	2026-09-05T23:41:14.9732540Z # cancelled 0
verify	Test (includes calendar, Signal, Timeline, and suite truth gates)	2026-09-05T23:41:14.9732838Z # skipped 0
verify	Test (includes calendar, Signal, Timeline, and suite truth gates)	2026-09-05T23:41:14.9733283Z # todo 0
verify	Test (includes calendar, Signal, Timeline, and suite truth gates)	2026-09-05T23:41:14.9736068Z # duration_ms 292.002673
verify	Test (includes calendar, Signal, Timeline, and suite truth gates)	2026-09-05T23:41:15.0085801Z TAP version 13
verify	Test (includes calendar, Signal, Timeline, and suite truth gates)	2026-09-05T23:41:15.0375431Z # Subtest: Project Drive permits only Google's exact upload API origin
verify	Test (includes calendar, Signal, Timeline, and suite truth gates)	2026-09-05T23:41:15.0385434Z ok 1 - Project Drive permits only Google's exact upload API origin
verify	Test (includes calendar, Signal, Timeline, and suite truth gates)	2026-09-05T23:41:15.0385990Z   ---
verify	Test (includes calendar, Signal, Timeline, and suite truth gates)	2026-09-05T23:41:15.0386261Z   duration_ms: 0.711039
verify	Test (includes calendar, Signal, Timeline, and suite truth gates)	2026-09-05T23:41:15.0386665Z   type: 'test'
verify	Test (includes calendar, Signal, Timeline, and suite truth gates)	2026-09-05T23:41:15.0386932Z   ...
verify	Test (includes calendar, Signal, Timeline, and suite truth gates)	2026-09-05T23:41:15.0448890Z 1..1
verify	Test (includes calendar, Signal, Timeline, and suite truth gates)	2026-09-05T23:41:15.0449818Z # tests 1
verify	Test (includes calendar, Signal, Timeline, and suite truth gates)	2026-09-05T23:41:15.0450476Z # suites 0
verify	Test (includes calendar, Signal, Timeline, and suite truth gates)	2026-09-05T23:41:15.0450910Z # pass 1
verify	Test (includes calendar, Signal, Timeline, and suite truth gates)	2026-09-05T23:41:15.0452053Z # fail 0
verify	Test (includes calendar, Signal, Timeline, and suite truth gates)	2026-09-05T23:41:15.0452653Z # cancelled 0
verify	Test (includes calendar, Signal, Timeline, and suite truth gates)	2026-09-05T23:41:15.0453099Z # skipped 0
verify	Test (includes calendar, Signal, Timeline, and suite truth gates)	2026-09-05T23:41:15.0454085Z # todo 0
verify	Test (includes calendar, Signal, Timeline, and suite truth gates)	2026-09-05T23:41:15.0454503Z # duration_ms 45.760699
verify	Test (includes calendar, Signal, Timeline, and suite truth gates)	2026-09-05T23:41:15.3586329Z $ node scripts/test-project-drive-ui.mjs
verify	Test (includes calendar, Signal, Timeline, and suite truth gates)	2026-09-05T23:41:15.4297959Z TAP version 13
verify	Test (includes calendar, Signal, Timeline, and suite truth gates)	2026-09-05T23:41:15.6735320Z # Subtest: Drive browser resumable upload
verify	Test (includes calendar, Signal, Timeline, and suite truth gates)	2026-09-05T23:41:15.6759517Z     # Subtest: sends a 9 MiB Blob as one 8 MiB chunk and one remainder
verify	Test (includes calendar, Signal, Timeline, and suite truth gates)	2026-09-05T23:41:15.6789034Z     ok 1 - sends a 9 MiB Blob as one 8 MiB chunk and one remainder
verify	Test (includes calendar, Signal, Timeline, and suite truth gates)	2026-09-05T23:41:15.6818857Z       ---
verify	Test (includes calendar, Signal, Timeline, and suite truth gates)	2026-09-05T23:41:15.6819379Z       duration_ms: 28.995088
verify	Test (includes calendar, Signal, Timeline, and suite truth gates)	2026-09-05T23:41:15.6840262Z       type: 'test'
verify	Test (includes calendar, Signal, Timeline, and suite truth gates)	2026-09-05T23:41:15.6840722Z       ...
verify	Test (includes calendar, Signal, Timeline, and suite truth gates)	2026-09-05T23:41:15.6841324Z     # Subtest: resumes from the exact provider-confirmed partial acknowledgement
verify	Test (includes calendar, Signal, Timeline, and suite truth gates)	2026-09-05T23:41:15.6842064Z     ok 2 - resumes from the exact provider-confirmed partial acknowledgement
verify	Test (includes calendar, Signal, Timeline, and suite truth gates)	2026-09-05T23:41:15.6842585Z       ---
verify	Test (includes calendar, Signal, Timeline, and suite truth gates)	2026-09-05T23:41:15.6842929Z       duration_ms: 2.663771
verify	Test (includes calendar, Signal, Timeline, and suite truth gates)	2026-09-05T23:41:15.6843292Z       type: 'test'
verify	Test (includes calendar, Signal, Timeline, and suite truth gates)	2026-09-05T23:41:15.6843618Z       ...
verify	Test (includes calendar, Signal, Timeline, and suite truth gates)	2026-09-05T23:41:15.6844359Z     # Subtest: probes the same capability after an uncertain network result
verify	Test (includes calendar, Signal, Timeline, and suite truth gates)	2026-09-05T23:41:15.6845037Z     ok 3 - probes the same capability after an uncertain network result
verify	Test (includes calendar, Signal, Timeline, and suite truth gates)	2026-09-05T23:41:15.6845517Z       ---
verify	Test (includes calendar, Signal, Timeline, and suite truth gates)	2026-09-05T23:41:15.6845858Z       duration_ms: 2.525817
verify	Test (includes calendar, Signal, Timeline, and suite truth gates)	2026-09-05T23:41:15.6846256Z       type: 'test'
verify	Test (includes calendar, Signal, Timeline, and suite truth gates)	2026-09-05T23:41:15.6846620Z       ...
verify	Test (includes calendar, Signal, Timeline, and suite truth gates)	2026-09-05T23:41:15.6847162Z     # Subtest: pauses without an offset when both upload and status are ambiguous
verify	Test (includes calendar, Signal, Timeline, and suite truth gates)	2026-09-05T23:41:15.6848084Z     ok 4 - pauses without an offset when both upload and status are ambiguous
verify	Test (includes calendar, Signal, Timeline, and suite truth gates)	2026-09-05T23:41:15.6848938Z       ---
verify	Test (includes calendar, Signal, Timeline, and suite truth gates)	2026-09-05T23:41:15.6849221Z       duration_ms: 0.382034
verify	Test (includes calendar, Signal, Timeline, and suite truth gates)	2026-09-05T23:41:15.6849525Z       type: 'test'
verify	Test (includes calendar, Signal, Timeline, and suite truth gates)	2026-09-05T23:41:15.6849767Z       ...
verify	Test (includes calendar, Signal, Timeline, and suite truth gates)	2026-09-05T23:41:15.6850129Z     # Subtest: reports only a confirmed provider 404 as expired
verify	Test (includes calendar, Signal, Timeline, and suite truth gates)	2026-09-05T23:41:15.6850648Z     ok 5 - reports only a confirmed provider 404 as expired
verify	Test (includes calendar, Signal, Timeline, and suite truth gates)	2026-09-05T23:41:15.6851021Z       ---
verify	Test (includes calendar, Signal, Timeline, and suite truth gates)	2026-09-05T23:41:15.6851275Z       duration_ms: 0.664501
verify	Test (includes calendar, Signal, Timeline, and suite truth gates)	2026-09-05T23:41:15.6851568Z       type: 'test'
verify	Test (includes calendar, Signal, Timeline, and suite truth gates)	2026-09-05T23:41:15.6851816Z       ...
verify	Test (includes calendar, Signal, Timeline, and suite truth gates)	2026-09-05T23:41:15.6852305Z     # Subtest: rejects untrusted capabilities and malformed provider acknowledgements
verify	Test (includes calendar, Signal, Timeline, and suite truth gates)	2026-09-05T23:41:15.6852870Z     ok 6 - rejects untrusted capabilities and malformed provider acknowledgements
verify	Test (includes calendar, Signal, Timeline, and suite truth gates)	2026-09-05T23:41:15.6853202Z       ---
verify	Test (includes calendar, Signal, Timeline, and suite truth gates)	2026-09-05T23:41:15.6853388Z       duration_ms: 0.858256
verify	Test (includes calendar, Signal, Timeline, and suite truth gates)	2026-09-05T23:41:15.6853581Z       type: 'test'
verify	Test (includes calendar, Signal, Timeline, and suite truth gates)	2026-09-05T23:41:15.6853765Z       ...
verify	Test (includes calendar, Signal, Timeline, and suite truth gates)	2026-09-05T23:41:15.6854063Z     # Subtest: aborts without treating cancellation as expiry or minting a new URI
verify	Test (includes calendar, Signal, Timeline, and suite truth gates)	2026-09-05T23:41:15.6854552Z     ok 7 - aborts without treating cancellation as expiry or minting a new URI
verify	Test (includes calendar, Signal, Timeline, and suite truth gates)	2026-09-05T23:41:15.6854875Z       ---
verify	Test (includes calendar, Signal, Timeline, and suite truth gates)	2026-09-05T23:41:15.6855058Z       duration_ms: 0.567007
verify	Test (includes calendar, Signal, Timeline, and suite truth gates)	2026-09-05T23:41:15.6855248Z       type: 'test'
verify	Test (includes calendar, Signal, Timeline, and suite truth gates)	2026-09-05T23:41:15.6855436Z       ...
verify	Test (includes calendar, Signal, Timeline, and suite truth gates)	2026-09-05T23:41:15.6855691Z     # Subtest: does not advance when Google acknowledges no new bytes
verify	Test (includes calendar, Signal, Timeline, and suite truth gates)	2026-09-05T23:41:15.6856078Z     ok 8 - does not advance when Google acknowledges no new bytes
verify	Test (includes calendar, Signal, Timeline, and suite truth gates)	2026-09-05T23:41:15.6856357Z       ---
verify	Test (includes calendar, Signal, Timeline, and suite truth gates)	2026-09-05T23:41:15.6856596Z       duration_ms: 0.504534
verify	Test (includes calendar, Signal, Timeline, and suite truth gates)	2026-09-05T23:41:15.6856888Z       type: 'test'
verify	Test (includes calendar, Signal, Timeline, and suite truth gates)	2026-09-05T23:41:15.6857142Z       ...
verify	Test (includes calendar, Signal, Timeline, and suite truth gates)	2026-09-05T23:41:15.6857608Z     # Subtest: probes for a file id if the final data PUT only acknowledges bytes
verify	Test (includes calendar, Signal, Timeline, and suite truth gates)	2026-09-05T23:41:15.6858543Z     ok 9 - probes for a file id if the final data PUT only acknowledges bytes
verify	Test (includes calendar, Signal, Timeline, and suite truth gates)	2026-09-05T23:41:15.6859046Z       ---
verify	Test (includes calendar, Signal, Timeline, and suite truth gates)	2026-09-05T23:41:15.6859320Z       duration_ms: 0.678771
verify	Test (includes calendar, Signal, Timeline, and suite truth gates)	2026-09-05T23:41:15.6859640Z       type: 'test'
verify	Test (includes calendar, Signal, Timeline, and suite truth gates)	2026-09-05T23:41:15.6859892Z       ...
verify	Test (includes calendar, Signal, Timeline, and suite truth gates)	2026-09-05T23:41:15.6860163Z     1..9
verify	Test (includes calendar, Signal, Timeline, and suite truth gates)	2026-09-05T23:41:15.6860508Z ok 1 - Drive browser resumable upload
verify	Test (includes calendar, Signal, Timeline, and suite truth gates)	2026-09-05T23:41:15.6860852Z   ---
verify	Test (includes calendar, Signal, Timeline, and suite truth gates)	2026-09-05T23:41:15.6861105Z   duration_ms: 39.268969
verify	Test (includes calendar, Signal, Timeline, and suite truth gates)	2026-09-05T23:41:15.6861417Z   type: 'suite'
verify	Test (includes calendar, Signal, Timeline, and suite truth gates)	2026-09-05T23:41:15.6861685Z   ...
verify	Test (includes calendar, Signal, Timeline, and suite truth gates)	2026-09-05T23:41:15.8599979Z # Subtest: first consent and separate board setup both disclose future file ownership and visibility
verify	Test (includes calendar, Signal, Timeline, and suite truth gates)	2026-09-05T23:41:15.8609320Z ok 2 - first consent and separate board setup both disclose future file ownership and visibility
verify	Test (includes calendar, Signal, Timeline, and suite truth gates)	2026-09-05T23:41:15.8644142Z   ---
verify	Test (includes calendar, Signal, Timeline, and suite truth gates)	2026-09-05T23:41:15.8678942Z   duration_ms: 9.54159
verify	Test (includes calendar, Signal, Timeline, and suite truth gates)	2026-09-05T23:41:15.8711870Z   type: 'test'
verify	Test (includes calendar, Signal, Timeline, and suite truth gates)	2026-09-05T23:41:15.8712339Z   ...
verify	Test (includes calendar, Signal, Timeline, and suite truth gates)	2026-09-05T23:41:15.8739155Z # Subtest: reloaded claims block new intake regardless of file metadata; refresh errors never mean empty
verify	Test (includes calendar, Signal, Timeline, and suite truth gates)	2026-09-05T23:41:15.8769069Z ok 3 - reloaded claims block new intake regardless of file metadata; refresh errors never mean empty
verify	Test (includes calendar, Signal, Timeline, and suite truth gates)	2026-09-05T23:41:15.8798823Z   ---
verify	Test (includes calendar, Signal, Timeline, and suite truth gates)	2026-09-05T23:41:15.8799455Z   duration_ms: 0.215989
verify	Test (includes calendar, Signal, Timeline, and suite truth gates)	2026-09-05T23:41:15.8822700Z   type: 'test'
verify	Test (includes calendar, Signal, Timeline, and suite truth gates)	2026-09-05T23:41:15.8825556Z   ...
verify	Test (includes calendar, Signal, Timeline, and suite truth gates)	2026-09-05T23:41:15.8827185Z # Subtest: uploader reload check offers completion inspection, never reselect/resume/remove/native controls
verify	Test (includes calendar, Signal, Timeline, and suite truth gates)	2026-09-05T23:41:15.8842815Z ok 4 - uploader reload check offers completion inspection, never reselect/resume/remove/native controls
verify	Test (includes calendar, Signal, Timeline, and suite truth gates)	2026-09-05T23:41:15.8885284Z   ---
verify	Test (includes calendar, Signal, Timeline, and suite truth gates)	2026-09-05T23:41:15.8885817Z   duration_ms: 0.73215
verify	Test (includes calendar, Signal, Timeline, and suite truth gates)	2026-09-05T23:41:15.8886278Z   type: 'test'
verify	Test (includes calendar, Signal, Timeline, and suite truth gates)	2026-09-05T23:41:15.8886762Z   ...
verify	Test (includes calendar, Signal, Timeline, and suite truth gates)	2026-09-05T23:41:15.8887673Z # Subtest: a non-uploader sees only saved-state refresh; a pending check disables repeated clicks
verify	Test (includes calendar, Signal, Timeline, and suite truth gates)	2026-09-05T23:41:15.8888869Z ok 5 - a non-uploader sees only saved-state refresh; a pending check disables repeated clicks
verify	Test (includes calendar, Signal, Timeline, and suite truth gates)	2026-09-05T23:41:15.8889602Z   ---
verify	Test (includes calendar, Signal, Timeline, and suite truth gates)	2026-09-05T23:41:15.8890052Z   duration_ms: 0.940889
verify	Test (includes calendar, Signal, Timeline, and suite truth gates)	2026-09-05T23:41:15.8890562Z   type: 'test'
verify	Test (includes calendar, Signal, Timeline, and suite truth gates)	2026-09-05T23:41:15.8890989Z   ...
verify	Test (includes calendar, Signal, Timeline, and suite truth gates)	2026-09-05T23:41:15.8891797Z # Subtest: handover blocked/error/empty states expose no executable target or misleading success
verify	Test (includes calendar, Signal, Timeline, and suite truth gates)	2026-09-05T23:41:15.8892921Z ok 6 - handover blocked/error/empty states expose no executable target or misleading success
verify	Test (includes calendar, Signal, Timeline, and suite truth gates)	2026-09-05T23:41:15.8893643Z   ---
verify	Test (includes calendar, Signal, Timeline, and suite truth gates)	2026-09-05T23:41:15.8894034Z   duration_ms: 4.429076
verify	Test (includes calendar, Signal, Timeline, and suite truth gates)	2026-09-05T23:41:15.8894439Z   type: 'test'
verify	Test (includes calendar, Signal, Timeline, and suite truth gates)	2026-09-05T23:41:15.8894820Z   ...
verify	Test (includes calendar, Signal, Timeline, and suite truth gates)	2026-09-05T23:41:15.8895513Z # Subtest: a choice is not preselected and a journal continuation still requires confirmation
verify	Test (includes calendar, Signal, Timeline, and suite truth gates)	2026-09-05T23:41:15.8896482Z ok 7 - a choice is not preselected and a journal continuation still requires confirmation
verify	Test (includes calendar, Signal, Timeline, and suite truth gates)	2026-09-05T23:41:15.8897182Z   ---
verify	Test (includes calendar, Signal, Timeline, and suite truth gates)	2026-09-05T23:41:15.8897615Z   duration_ms: 1.159872
verify	Test (includes calendar, Signal, Timeline, and suite truth gates)	2026-09-05T23:41:15.8898008Z   type: 'test'
verify	Test (includes calendar, Signal, Timeline, and suite truth gates)	2026-09-05T23:41:15.8898536Z   ...
verify	Test (includes calendar, Signal, Timeline, and suite truth gates)	2026-09-05T23:41:15.9009084Z # Subtest: UI rollout is off by default and accepts only the literal true
verify	Test (includes calendar, Signal, Timeline, and suite truth gates)	2026-09-05T23:41:15.9029570Z ok 8 - UI rollout is off by default and accepts only the literal true
verify	Test (includes calendar, Signal, Timeline, and suite truth gates)	2026-09-05T23:41:15.9038877Z   ---
verify	Test (includes calendar, Signal, Timeline, and suite truth gates)	2026-09-05T23:41:15.9047039Z   duration_ms: 0.858507
verify	Test (includes calendar, Signal, Timeline, and suite truth gates)	2026-09-05T23:41:15.9047498Z   type: 'test'
verify	Test (includes calendar, Signal, Timeline, and suite truth gates)	2026-09-05T23:41:15.9048176Z   ...
verify	Test (includes calendar, Signal, Timeline, and suite truth gates)	2026-09-05T23:41:15.9049075Z # Subtest: board folder links exclude roots, credentials, query strings and foreign hosts
verify	Test (includes calendar, Signal, Timeline, and suite truth gates)	2026-09-05T23:41:15.9050140Z ok 9 - board folder links exclude roots, credentials, query strings and foreign hosts
verify	Test (includes calendar, Signal, Timeline, and suite truth gates)	2026-09-05T23:41:15.9050863Z   ---
verify	Test (includes calendar, Signal, Timeline, and suite truth gates)	2026-09-05T23:41:15.9051274Z   duration_ms: 0.3115
verify	Test (includes calendar, Signal, Timeline, and suite truth gates)	2026-09-05T23:41:15.9051709Z   type: 'test'
verify	Test (includes calendar, Signal, Timeline, and suite truth gates)	2026-09-05T23:41:15.9052110Z   ...
verify	Test (includes calendar, Signal, Timeline, and suite truth gates)	2026-09-05T23:41:16.1203807Z # Subtest: direct Drive path confirms before success and never sends native bytes
verify	Test (includes calendar, Signal, Timeline, and suite truth gates)	2026-09-05T23:41:16.1260070Z ok 10 - direct Drive path confirms before success and never sends native bytes
verify	Test (includes calendar, Signal, Timeline, and suite truth gates)	2026-09-05T23:41:16.1265565Z   ---
verify	Test (includes calendar, Signal, Timeline, and suite truth gates)	2026-09-05T23:41:16.1265978Z   duration_ms: 2.309819
verify	Test (includes calendar, Signal, Timeline, and suite truth gates)	2026-09-05T23:41:16.1266437Z   type: 'test'
verify	Test (includes calendar, Signal, Timeline, and suite truth gates)	2026-09-05T23:41:16.1266881Z   ...
verify	Test (includes calendar, Signal, Timeline, and suite truth gates)	2026-09-05T23:41:16.1267579Z # Subtest: fallback requires an explicit user choice and native completion is labelled
verify	Test (includes calendar, Signal, Timeline, and suite truth gates)	2026-09-05T23:41:16.1268685Z ok 11 - fallback requires an explicit user choice and native completion is labelled
verify	Test (includes calendar, Signal, Timeline, and suite truth gates)	2026-09-05T23:41:16.1269338Z   ---
verify	Test (includes calendar, Signal, Timeline, and suite truth gates)	2026-09-05T23:41:16.1269762Z   duration_ms: 0.482933
verify	Test (includes calendar, Signal, Timeline, and suite truth gates)	2026-09-05T23:41:16.1270230Z   type: 'test'
verify	Test (includes calendar, Signal, Timeline, and suite truth gates)	2026-09-05T23:41:16.1270620Z   ...
verify	Test (includes calendar, Signal, Timeline, and suite truth gates)	2026-09-05T23:41:16.1271321Z # Subtest: ambiguous byte transfer retries the same claim; no native fallback
verify	Test (includes calendar, Signal, Timeline, and suite truth gates)	2026-09-05T23:41:16.1272244Z ok 12 - ambiguous byte transfer retries the same claim; no native fallback
verify	Test (includes calendar, Signal, Timeline, and suite truth gates)	2026-09-05T23:41:16.1272852Z   ---
verify	Test (includes calendar, Signal, Timeline, and suite truth gates)	2026-09-05T23:41:16.1273250Z   duration_ms: 0.447801
verify	Test (includes calendar, Signal, Timeline, and suite truth gates)	2026-09-05T23:41:16.1273709Z   type: 'test'
verify	Test (includes calendar, Signal, Timeline, and suite truth gates)	2026-09-05T23:41:16.1274139Z   ...
verify	Test (includes calendar, Signal, Timeline, and suite truth gates)	2026-09-05T23:41:16.1274801Z # Subtest: a lost create reply cannot turn a later fallback into a second upload
verify	Test (includes calendar, Signal, Timeline, and suite truth gates)	2026-09-05T23:41:16.1275790Z ok 13 - a lost create reply cannot turn a later fallback into a second upload
verify	Test (includes calendar, Signal, Timeline, and suite truth gates)	2026-09-05T23:41:16.1276653Z   ---
verify	Test (includes calendar, Signal, Timeline, and suite truth gates)	2026-09-05T23:41:16.1277095Z   duration_ms: 0.419078
verify	Test (includes calendar, Signal, Timeline, and suite truth gates)	2026-09-05T23:41:16.1277477Z   type: 'test'
verify	Test (includes calendar, Signal, Timeline, and suite truth gates)	2026-09-05T23:41:16.1277861Z   ...
verify	Test (includes calendar, Signal, Timeline, and suite truth gates)	2026-09-05T23:41:16.1279871Z # Subtest: lost finalize response is recovered by the server's adopted result
verify	Test (includes calendar, Signal, Timeline, and suite truth gates)	2026-09-05T23:41:16.1281708Z ok 14 - lost finalize response is recovered by the server's adopted result
verify	Test (includes calendar, Signal, Timeline, and suite truth gates)	2026-09-05T23:41:16.1282417Z   ---
verify	Test (includes calendar, Signal, Timeline, and suite truth gates)	2026-09-05T23:41:16.1282818Z   duration_ms: 0.492327
verify	Test (includes calendar, Signal, Timeline, and suite truth gates)	2026-09-05T23:41:16.1283249Z   type: 'test'
verify	Test (includes calendar, Signal, Timeline, and suite truth gates)	2026-09-05T23:41:16.1283874Z   ...
verify	Test (includes calendar, Signal, Timeline, and suite truth gates)	2026-09-05T23:41:16.1284568Z # Subtest: stop during session mint prevents bytes and keeps the delegated claim retryable
verify	Test (includes calendar, Signal, Timeline, and suite truth gates)	2026-09-05T23:41:16.1285522Z ok 15 - stop during session mint prevents bytes and keeps the delegated claim retryable
verify	Test (includes calendar, Signal, Timeline, and suite truth gates)	2026-09-05T23:41:16.1286190Z   ---
verify	Test (includes calendar, Signal, Timeline, and suite truth gates)	2026-09-05T23:41:16.1286571Z   duration_ms: 0.386951
verify	Test (includes calendar, Signal, Timeline, and suite truth gates)	2026-09-05T23:41:16.1286991Z   type: 'test'
verify	Test (includes calendar, Signal, Timeline, and suite truth gates)	2026-09-05T23:41:16.1287371Z   ...
verify	Test (includes calendar, Signal, Timeline, and suite truth gates)	2026-09-05T23:41:16.1287978Z # Subtest: double retry is serialized; disposal prevents later UI delivery
verify	Test (includes calendar, Signal, Timeline, and suite truth gates)	2026-09-05T23:41:16.1289001Z ok 16 - double retry is serialized; disposal prevents later UI delivery
verify	Test (includes calendar, Signal, Timeline, and suite truth gates)	2026-09-05T23:41:16.1290231Z   ---
verify	Test (includes calendar, Signal, Timeline, and suite truth gates)	2026-09-05T23:41:16.1290670Z   duration_ms: 0.402153
verify	Test (includes calendar, Signal, Timeline, and suite truth gates)	2026-09-05T23:41:16.1291074Z   type: 'test'
verify	Test (includes calendar, Signal, Timeline, and suite truth gates)	2026-09-05T23:41:16.1291677Z   ...
verify	Test (includes calendar, Signal, Timeline, and suite truth gates)	2026-09-05T23:41:16.1292307Z # Subtest: expired or malformed sessions never silently remint in the browser
verify	Test (includes calendar, Signal, Timeline, and suite truth gates)	2026-09-05T23:41:16.1293150Z ok 17 - expired or malformed sessions never silently remint in the browser
verify	Test (includes calendar, Signal, Timeline, and suite truth gates)	2026-09-05T23:41:16.1293713Z   ---
verify	Test (includes calendar, Signal, Timeline, and suite truth gates)	2026-09-05T23:41:16.1294127Z   duration_ms: 0.583391
verify	Test (includes calendar, Signal, Timeline, and suite truth gates)	2026-09-05T23:41:16.1294539Z   type: 'test'
verify	Test (includes calendar, Signal, Timeline, and suite truth gates)	2026-09-05T23:41:16.1294903Z   ...
verify	Test (includes calendar, Signal, Timeline, and suite truth gates)	2026-09-05T23:41:16.1295626Z # Subtest: cancel before fallback sends nothing; an uncertain native result is not retried
verify	Test (includes calendar, Signal, Timeline, and suite truth gates)	2026-09-05T23:41:16.1296706Z ok 18 - cancel before fallback sends nothing; an uncertain native result is not retried
verify	Test (includes calendar, Signal, Timeline, and suite truth gates)	2026-09-05T23:41:16.1297376Z   ---
verify	Test (includes calendar, Signal, Timeline, and suite truth gates)	2026-09-05T23:41:16.1297770Z   duration_ms: 0.491445
verify	Test (includes calendar, Signal, Timeline, and suite truth gates)	2026-09-05T23:41:16.1298459Z   type: 'test'
verify	Test (includes calendar, Signal, Timeline, and suite truth gates)	2026-09-05T23:41:16.1298863Z   ...
verify	Test (includes calendar, Signal, Timeline, and suite truth gates)	2026-09-05T23:41:16.2180499Z # Subtest: only original-uploader, exact-task, unmounted pending claims are checked, once each
verify	Test (includes calendar, Signal, Timeline, and suite truth gates)	2026-09-05T23:41:16.2239516Z ok 19 - only original-uploader, exact-task, unmounted pending claims are checked, once each
verify	Test (includes calendar, Signal, Timeline, and suite truth gates)	2026-09-05T23:41:16.2280919Z   ---
verify	Test (includes calendar, Signal, Timeline, and suite truth gates)	2026-09-05T23:41:16.2306036Z   duration_ms: 1.934975
verify	Test (includes calendar, Signal, Timeline, and suite truth gates)	2026-09-05T23:41:16.2306628Z   type: 'test'
verify	Test (includes calendar, Signal, Timeline, and suite truth gates)	2026-09-05T23:41:16.2307058Z   ...
verify	Test (includes calendar, Signal, Timeline, and suite truth gates)	2026-09-05T23:41:16.2307845Z # Subtest: complete always re-reads canonical Resources and only reports sanitized state
verify	Test (includes calendar, Signal, Timeline, and suite truth gates)	2026-09-05T23:41:16.2309216Z ok 20 - complete always re-reads canonical Resources and only reports sanitized state
verify	Test (includes calendar, Signal, Timeline, and suite truth gates)	2026-09-05T23:41:16.2309925Z   ---
verify	Test (includes calendar, Signal, Timeline, and suite truth gates)	2026-09-05T23:41:16.2310349Z   duration_ms: 0.37285
verify	Test (includes calendar, Signal, Timeline, and suite truth gates)	2026-09-05T23:41:16.2312888Z   type: 'test'
verify	Test (includes calendar, Signal, Timeline, and suite truth gates)	2026-09-05T23:41:16.2314863Z   ...
verify	Test (includes calendar, Signal, Timeline, and suite truth gates)	2026-09-05T23:41:16.2316325Z # Subtest: pending always re-reads canonical Resources and only reports sanitized state
verify	Test (includes calendar, Signal, Timeline, and suite truth gates)	2026-09-05T23:41:16.2317405Z ok 21 - pending always re-reads canonical Resources and only reports sanitized state
verify	Test (includes calendar, Signal, Timeline, and suite truth gates)	2026-09-05T23:41:16.2318119Z   ---
verify	Test (includes calendar, Signal, Timeline, and suite truth gates)	2026-09-05T23:41:16.2318715Z   duration_ms: 0.164643
verify	Test (includes calendar, Signal, Timeline, and suite truth gates)	2026-09-05T23:41:16.2319183Z   type: 'test'
verify	Test (includes calendar, Signal, Timeline, and suite truth gates)	2026-09-05T23:41:16.2319599Z   ...
verify	Test (includes calendar, Signal, Timeline, and suite truth gates)	2026-09-05T23:41:16.2320355Z # Subtest: unavailable always re-reads canonical Resources and only reports sanitized state
verify	Test (includes calendar, Signal, Timeline, and suite truth gates)	2026-09-05T23:41:16.2321451Z ok 22 - unavailable always re-reads canonical Resources and only reports sanitized state
verify	Test (includes calendar, Signal, Timeline, and suite truth gates)	2026-09-05T23:41:16.2322197Z   ---
verify	Test (includes calendar, Signal, Timeline, and suite truth gates)	2026-09-05T23:41:16.2322663Z   duration_ms: 0.269337
verify	Test (includes calendar, Signal, Timeline, and suite truth gates)	2026-09-05T23:41:16.2324516Z   type: 'test'
verify	Test (includes calendar, Signal, Timeline, and suite truth gates)	2026-09-05T23:41:16.2324986Z   ...
verify	Test (includes calendar, Signal, Timeline, and suite truth gates)	2026-09-05T23:41:16.2325737Z # Subtest: disabled always re-reads canonical Resources and only reports sanitized state
verify	Test (includes calendar, Signal, Timeline, and suite truth gates)	2026-09-05T23:41:16.2326769Z ok 23 - disabled always re-reads canonical Resources and only reports sanitized state
verify	Test (includes calendar, Signal, Timeline, and suite truth gates)	2026-09-05T23:41:16.2327493Z   ---
verify	Test (includes calendar, Signal, Timeline, and suite truth gates)	2026-09-05T23:41:16.2327927Z   duration_ms: 0.161007
verify	Test (includes calendar, Signal, Timeline, and suite truth gates)	2026-09-05T23:41:16.2328557Z   type: 'test'
verify	Test (includes calendar, Signal, Timeline, and suite truth gates)	2026-09-05T23:41:16.2328955Z   ...
verify	Test (includes calendar, Signal, Timeline, and suite truth gates)	2026-09-05T23:41:16.2329922Z # Subtest: review always re-reads canonical Resources and only reports sanitized state
verify	Test (includes calendar, Signal, Timeline, and suite truth gates)	2026-09-05T23:41:16.2330862Z ok 24 - review always re-reads canonical Resources and only reports sanitized state
verify	Test (includes calendar, Signal, Timeline, and suite truth gates)	2026-09-05T23:41:16.2331540Z   ---
verify	Test (includes calendar, Signal, Timeline, and suite truth gates)	2026-09-05T23:41:16.2331972Z   duration_ms: 0.147979
verify	Test (includes calendar, Signal, Timeline, and suite truth gates)	2026-09-05T23:41:16.2332403Z   type: 'test'
verify	Test (includes calendar, Signal, Timeline, and suite truth gates)	2026-09-05T23:41:16.2332819Z   ...
verify	Test (includes calendar, Signal, Timeline, and suite truth gates)	2026-09-05T23:41:16.2333611Z # Subtest: double click is serialized and a failed canonical read cannot be presented as completion
verify	Test (includes calendar, Signal, Timeline, and suite truth gates)	2026-09-05T23:41:16.2335005Z ok 25 - double click is serialized and a failed canonical read cannot be presented as completion
verify	Test (includes calendar, Signal, Timeline, and suite truth gates)	2026-09-05T23:41:16.2335735Z   ---
verify	Test (includes calendar, Signal, Timeline, and suite truth gates)	2026-09-05T23:41:16.2336149Z   duration_ms: 0.464626
verify	Test (includes calendar, Signal, Timeline, and suite truth gates)	2026-09-05T23:41:16.2336584Z   type: 'test'
verify	Test (includes calendar, Signal, Timeline, and suite truth gates)	2026-09-05T23:41:16.2336991Z   ...
verify	Test (includes calendar, Signal, Timeline, and suite truth gates)	2026-09-05T23:41:16.2337629Z # Subtest: task disposal stops later claims, refresh and stale UI updates
verify	Test (includes calendar, Signal, Timeline, and suite truth gates)	2026-09-05T23:41:16.2338668Z ok 26 - task disposal stops later claims, refresh and stale UI updates
verify	Test (includes calendar, Signal, Timeline, and suite truth gates)	2026-09-05T23:41:16.2339314Z   ---
verify	Test (includes calendar, Signal, Timeline, and suite truth gates)	2026-09-05T23:41:16.2339736Z   duration_ms: 0.323868
verify	Test (includes calendar, Signal, Timeline, and suite truth gates)	2026-09-05T23:41:16.2340171Z   type: 'test'
verify	Test (includes calendar, Signal, Timeline, and suite truth gates)	2026-09-05T23:41:16.2340570Z   ...
verify	Test (includes calendar, Signal, Timeline, and suite truth gates)	2026-09-05T23:41:16.2341249Z # Subtest: a lost response re-reads saved rows without a second probe or fallback
verify	Test (includes calendar, Signal, Timeline, and suite truth gates)	2026-09-05T23:41:16.2342163Z ok 27 - a lost response re-reads saved rows without a second probe or fallback
verify	Test (includes calendar, Signal, Timeline, and suite truth gates)	2026-09-05T23:41:16.2342805Z   ---
verify	Test (includes calendar, Signal, Timeline, and suite truth gates)	2026-09-05T23:41:16.2343215Z   duration_ms: 0.451096
verify	Test (includes calendar, Signal, Timeline, and suite truth gates)	2026-09-05T23:41:16.2343655Z   type: 'test'
verify	Test (includes calendar, Signal, Timeline, and suite truth gates)	2026-09-05T23:41:16.2344053Z   ...
verify	Test (includes calendar, Signal, Timeline, and suite truth gates)	2026-09-05T23:41:22.8138999Z # Subtest: handover choices require server owner + exact current active scope, and expose only scoped identities
verify	Test (includes calendar, Signal, Timeline, and suite truth gates)	2026-09-05T23:41:22.8142294Z ok 28 - handover choices require server owner + exact current active scope, and expose only scoped identities
verify	Test (includes calendar, Signal, Timeline, and suite truth gates)	2026-09-05T23:41:22.8142937Z   ---
verify	Test (includes calendar, Signal, Timeline, and suite truth gates)	2026-09-05T23:41:22.8143215Z   duration_ms: 4618.257959
verify	Test (includes calendar, Signal, Timeline, and suite truth gates)	2026-09-05T23:41:22.8143520Z   type: 'test'
verify	Test (includes calendar, Signal, Timeline, and suite truth gates)	2026-09-05T23:41:22.8143762Z   ...
verify	Test (includes calendar, Signal, Timeline, and suite truth gates)	2026-09-05T23:41:22.8144478Z # Subtest: stale actor/source ownership, wrong capability, foreign project and archive fail closed
verify	Test (includes calendar, Signal, Timeline, and suite truth gates)	2026-09-05T23:41:22.8145764Z ok 29 - stale actor/source ownership, wrong capability, foreign project and archive fail closed
verify	Test (includes calendar, Signal, Timeline, and suite truth gates)	2026-09-05T23:41:22.8146295Z   ---
verify	Test (includes calendar, Signal, Timeline, and suite truth gates)	2026-09-05T23:41:22.8146540Z   duration_ms: 276.344961
verify	Test (includes calendar, Signal, Timeline, and suite truth gates)	2026-09-05T23:41:22.8146821Z   type: 'test'
verify	Test (includes calendar, Signal, Timeline, and suite truth gates)	2026-09-05T23:41:22.8147084Z   ...
verify	Test (includes calendar, Signal, Timeline, and suite truth gates)	2026-09-05T23:41:22.8148229Z # Subtest: pending receipts block handover without leaking a bearer capability; foreign receipts do not
verify	Test (includes calendar, Signal, Timeline, and suite truth gates)	2026-09-05T23:41:22.8149609Z ok 30 - pending receipts block handover without leaking a bearer capability; foreign receipts do not
verify	Test (includes calendar, Signal, Timeline, and suite truth gates)	2026-09-05T23:41:22.8150286Z   ---
verify	Test (includes calendar, Signal, Timeline, and suite truth gates)	2026-09-05T23:41:22.8150548Z   duration_ms: 246.96344
verify	Test (includes calendar, Signal, Timeline, and suite truth gates)	2026-09-05T23:41:22.8150838Z   type: 'test'
verify	Test (includes calendar, Signal, Timeline, and suite truth gates)	2026-09-05T23:41:22.8151208Z   ...
verify	Test (includes calendar, Signal, Timeline, and suite truth gates)	2026-09-05T23:41:22.8170052Z # Subtest: handover continuation retains the existing journal target and operation; manual attention has no retry
verify	Test (includes calendar, Signal, Timeline, and suite truth gates)	2026-09-05T23:41:22.8171303Z ok 31 - handover continuation retains the existing journal target and operation; manual attention has no retry
verify	Test (includes calendar, Signal, Timeline, and suite truth gates)	2026-09-05T23:41:22.8172045Z   ---
verify	Test (includes calendar, Signal, Timeline, and suite truth gates)	2026-09-05T23:41:22.8172651Z   duration_ms: 243.143625
verify	Test (includes calendar, Signal, Timeline, and suite truth gates)	2026-09-05T23:41:22.8173373Z   type: 'test'
verify	Test (includes calendar, Signal, Timeline, and suite truth gates)	2026-09-05T23:41:22.8173793Z   ...
verify	Test (includes calendar, Signal, Timeline, and suite truth gates)	2026-09-05T23:41:22.8174542Z # Subtest: the backend revalidates a role lost between UI allow-list and execution
verify	Test (includes calendar, Signal, Timeline, and suite truth gates)	2026-09-05T23:41:22.8175531Z ok 32 - the backend revalidates a role lost between UI allow-list and execution
verify	Test (includes calendar, Signal, Timeline, and suite truth gates)	2026-09-05T23:41:22.8176595Z   ---
verify	Test (includes calendar, Signal, Timeline, and suite truth gates)	2026-09-05T23:41:22.8177035Z   duration_ms: 204.270093
verify	Test (includes calendar, Signal, Timeline, and suite truth gates)	2026-09-05T23:41:22.8177495Z   type: 'test'
verify	Test (includes calendar, Signal, Timeline, and suite truth gates)	2026-09-05T23:41:22.8177898Z   ...
verify	Test (includes calendar, Signal, Timeline, and suite truth gates)	2026-09-05T23:41:22.8178846Z # Subtest: a retired target connection cannot redirect a saved operation to its replacement
verify	Test (includes calendar, Signal, Timeline, and suite truth gates)	2026-09-05T23:41:22.8179980Z ok 33 - a retired target connection cannot redirect a saved operation to its replacement
verify	Test (includes calendar, Signal, Timeline, and suite truth gates)	2026-09-05T23:41:22.8186025Z   ---
verify	Test (includes calendar, Signal, Timeline, and suite truth gates)	2026-09-05T23:41:22.8186386Z   duration_ms: 219.023877
verify	Test (includes calendar, Signal, Timeline, and suite truth gates)	2026-09-05T23:41:22.8186830Z   type: 'test'
verify	Test (includes calendar, Signal, Timeline, and suite truth gates)	2026-09-05T23:41:22.8187394Z   ...
verify	Test (includes calendar, Signal, Timeline, and suite truth gates)	2026-09-05T23:41:25.0749831Z # Subtest: only Google's current named-user email and role prove access
verify	Test (includes calendar, Signal, Timeline, and suite truth gates)	2026-09-05T23:41:25.0751029Z ok 34 - only Google's current named-user email and role prove access
verify	Test (includes calendar, Signal, Timeline, and suite truth gates)	2026-09-05T23:41:25.0754633Z   ---
verify	Test (includes calendar, Signal, Timeline, and suite truth gates)	2026-09-05T23:41:25.0755384Z   duration_ms: 2.120659
verify	Test (includes calendar, Signal, Timeline, and suite truth gates)	2026-09-05T23:41:25.0756860Z   type: 'test'
verify	Test (includes calendar, Signal, Timeline, and suite truth gates)	2026-09-05T23:41:25.0757196Z   ...
verify	Test (includes calendar, Signal, Timeline, and suite truth gates)	2026-09-05T23:41:25.0757801Z # Subtest: an empty live list never becomes complete membership coverage
verify	Test (includes calendar, Signal, Timeline, and suite truth gates)	2026-09-05T23:41:25.0759831Z ok 35 - an empty live list never becomes complete membership coverage
verify	Test (includes calendar, Signal, Timeline, and suite truth gates)	2026-09-05T23:41:25.0760445Z   ---
verify	Test (includes calendar, Signal, Timeline, and suite truth gates)	2026-09-05T23:41:25.0760913Z   duration_ms: 0.114038
verify	Test (includes calendar, Signal, Timeline, and suite truth gates)	2026-09-05T23:41:25.0761221Z   type: 'test'
verify	Test (includes calendar, Signal, Timeline, and suite truth gates)	2026-09-05T23:41:25.0761469Z   ...
verify	Test (includes calendar, Signal, Timeline, and suite truth gates)	2026-09-05T23:41:25.0762066Z # Subtest: status is project scoped, sanitized, race aware and fails closed on provider errors
verify	Test (includes calendar, Signal, Timeline, and suite truth gates)	2026-09-05T23:41:25.0762954Z ok 36 - status is project scoped, sanitized, race aware and fails closed on provider errors
verify	Test (includes calendar, Signal, Timeline, and suite truth gates)	2026-09-05T23:41:25.0763497Z   ---
verify	Test (includes calendar, Signal, Timeline, and suite truth gates)	2026-09-05T23:41:25.0764217Z   duration_ms: 4233.451987
verify	Test (includes calendar, Signal, Timeline, and suite truth gates)	2026-09-05T23:41:25.0764804Z   type: 'test'
verify	Test (includes calendar, Signal, Timeline, and suite truth gates)	2026-09-05T23:41:25.0765082Z   ...
verify	Test (includes calendar, Signal, Timeline, and suite truth gates)	2026-09-05T23:41:25.0765571Z # Subtest: pending permission removal: none
verify	Test (includes calendar, Signal, Timeline, and suite truth gates)	2026-09-05T23:41:25.0766295Z ok 37 - pending permission removal: none
verify	Test (includes calendar, Signal, Timeline, and suite truth gates)	2026-09-05T23:41:25.0766641Z   ---
verify	Test (includes calendar, Signal, Timeline, and suite truth gates)	2026-09-05T23:41:25.0766895Z   duration_ms: 439.492457
verify	Test (includes calendar, Signal, Timeline, and suite truth gates)	2026-09-05T23:41:25.0767186Z   type: 'test'
verify	Test (includes calendar, Signal, Timeline, and suite truth gates)	2026-09-05T23:41:25.0767439Z   ...
verify	Test (includes calendar, Signal, Timeline, and suite truth gates)	2026-09-05T23:41:25.0767787Z # Subtest: pending permission removal: current
verify	Test (includes calendar, Signal, Timeline, and suite truth gates)	2026-09-05T23:41:25.0768249Z ok 38 - pending permission removal: current
verify	Test (includes calendar, Signal, Timeline, and suite truth gates)	2026-09-05T23:41:25.0768759Z   ---
verify	Test (includes calendar, Signal, Timeline, and suite truth gates)	2026-09-05T23:41:25.0769011Z   duration_ms: 238.238777
verify	Test (includes calendar, Signal, Timeline, and suite truth gates)	2026-09-05T23:41:25.0769298Z   type: 'test'
verify	Test (includes calendar, Signal, Timeline, and suite truth gates)	2026-09-05T23:41:25.0769783Z   ...
verify	Test (includes calendar, Signal, Timeline, and suite truth gates)	2026-09-05T23:41:25.0770154Z # Subtest: pending permission removal: previous
verify	Test (includes calendar, Signal, Timeline, and suite truth gates)	2026-09-05T23:41:25.0770648Z ok 39 - pending permission removal: previous
verify	Test (includes calendar, Signal, Timeline, and suite truth gates)	2026-09-05T23:41:25.0771003Z   ---
verify	Test (includes calendar, Signal, Timeline, and suite truth gates)	2026-09-05T23:41:25.0771258Z   duration_ms: 217.218852
verify	Test (includes calendar, Signal, Timeline, and suite truth gates)	2026-09-05T23:41:25.0771550Z   type: 'test'
verify	Test (includes calendar, Signal, Timeline, and suite truth gates)	2026-09-05T23:41:25.0771787Z   ...
verify	Test (includes calendar, Signal, Timeline, and suite truth gates)	2026-09-05T23:41:25.0772128Z # Subtest: pending permission removal: both
verify	Test (includes calendar, Signal, Timeline, and suite truth gates)	2026-09-05T23:41:25.0772582Z ok 40 - pending permission removal: both
verify	Test (includes calendar, Signal, Timeline, and suite truth gates)	2026-09-05T23:41:25.0772913Z   ---
verify	Test (includes calendar, Signal, Timeline, and suite truth gates)	2026-09-05T23:41:25.0773164Z   duration_ms: 211.320403
verify	Test (includes calendar, Signal, Timeline, and suite truth gates)	2026-09-05T23:41:25.0773439Z   type: 'test'
verify	Test (includes calendar, Signal, Timeline, and suite truth gates)	2026-09-05T23:41:25.0773675Z   ...
verify	Test (includes calendar, Signal, Timeline, and suite truth gates)	2026-09-05T23:41:25.0774074Z # Subtest: pending permission removal: unavailable-current
verify	Test (includes calendar, Signal, Timeline, and suite truth gates)	2026-09-05T23:41:25.0774589Z ok 41 - pending permission removal: unavailable-current
verify	Test (includes calendar, Signal, Timeline, and suite truth gates)	2026-09-05T23:41:25.0774927Z   ---
verify	Test (includes calendar, Signal, Timeline, and suite truth gates)	2026-09-05T23:41:25.0775135Z   duration_ms: 209.579993
verify	Test (includes calendar, Signal, Timeline, and suite truth gates)	2026-09-05T23:41:25.0775393Z   type: 'test'
verify	Test (includes calendar, Signal, Timeline, and suite truth gates)	2026-09-05T23:41:25.0775614Z   ...
verify	Test (includes calendar, Signal, Timeline, and suite truth gates)	2026-09-05T23:41:25.0775965Z # Subtest: pending permission removal: unavailable-both
verify	Test (includes calendar, Signal, Timeline, and suite truth gates)	2026-09-05T23:41:25.0776469Z ok 42 - pending permission removal: unavailable-both
verify	Test (includes calendar, Signal, Timeline, and suite truth gates)	2026-09-05T23:41:25.0776811Z   ---
verify	Test (includes calendar, Signal, Timeline, and suite truth gates)	2026-09-05T23:41:25.0777015Z   duration_ms: 216.590594
verify	Test (includes calendar, Signal, Timeline, and suite truth gates)	2026-09-05T23:41:25.0777260Z   type: 'test'
verify	Test (includes calendar, Signal, Timeline, and suite truth gates)	2026-09-05T23:41:25.0777470Z   ...
verify	Test (includes calendar, Signal, Timeline, and suite truth gates)	2026-09-05T23:41:25.0777774Z # Subtest: pending permission removal: stale-email
verify	Test (includes calendar, Signal, Timeline, and suite truth gates)	2026-09-05T23:41:25.0778195Z ok 43 - pending permission removal: stale-email
verify	Test (includes calendar, Signal, Timeline, and suite truth gates)	2026-09-05T23:41:25.0778941Z   ---
verify	Test (includes calendar, Signal, Timeline, and suite truth gates)	2026-09-05T23:41:25.0779148Z   duration_ms: 250.150836
verify	Test (includes calendar, Signal, Timeline, and suite truth gates)	2026-09-05T23:41:25.0779659Z   type: 'test'
verify	Test (includes calendar, Signal, Timeline, and suite truth gates)	2026-09-05T23:41:25.0779986Z   ...
verify	Test (includes calendar, Signal, Timeline, and suite truth gates)	2026-09-05T23:41:25.0780326Z # Subtest: pending permission removal: removed-member
verify	Test (includes calendar, Signal, Timeline, and suite truth gates)	2026-09-05T23:41:25.0781108Z ok 44 - pending permission removal: removed-member
verify	Test (includes calendar, Signal, Timeline, and suite truth gates)	2026-09-05T23:41:25.0781489Z   ---
verify	Test (includes calendar, Signal, Timeline, and suite truth gates)	2026-09-05T23:41:25.0781709Z   duration_ms: 230.98028
verify	Test (includes calendar, Signal, Timeline, and suite truth gates)	2026-09-05T23:41:25.0782198Z   type: 'test'
verify	Test (includes calendar, Signal, Timeline, and suite truth gates)	2026-09-05T23:41:25.0782414Z   ...
verify	Test (includes calendar, Signal, Timeline, and suite truth gates)	2026-09-05T23:41:25.0783077Z # Subtest: pending permission removal: other-project
verify	Test (includes calendar, Signal, Timeline, and suite truth gates)	2026-09-05T23:41:25.0783685Z ok 45 - pending permission removal: other-project
verify	Test (includes calendar, Signal, Timeline, and suite truth gates)	2026-09-05T23:41:25.0784008Z   ---
verify	Test (includes calendar, Signal, Timeline, and suite truth gates)	2026-09-05T23:41:25.0784223Z   duration_ms: 203.913507
verify	Test (includes calendar, Signal, Timeline, and suite truth gates)	2026-09-05T23:41:25.0784478Z   type: 'test'
verify	Test (includes calendar, Signal, Timeline, and suite truth gates)	2026-09-05T23:41:25.0784885Z   ...
verify	Test (includes calendar, Signal, Timeline, and suite truth gates)	2026-09-05T23:41:25.0785434Z # Subtest: pending permission removal: non-pending
verify	Test (includes calendar, Signal, Timeline, and suite truth gates)	2026-09-05T23:41:25.0791005Z ok 46 - pending permission removal: non-pending
verify	Test (includes calendar, Signal, Timeline, and suite truth gates)	2026-09-05T23:41:25.0805353Z   ---
verify	Test (includes calendar, Signal, Timeline, and suite truth gates)	2026-09-05T23:41:25.0805795Z   duration_ms: 167.240794
verify	Test (includes calendar, Signal, Timeline, and suite truth gates)	2026-09-05T23:41:25.0806295Z   type: 'test'
verify	Test (includes calendar, Signal, Timeline, and suite truth gates)	2026-09-05T23:41:25.0806766Z   ...
verify	Test (includes calendar, Signal, Timeline, and suite truth gates)	2026-09-05T23:41:25.0807357Z # Subtest: pending permission removal: invalid-generation
verify	Test (includes calendar, Signal, Timeline, and suite truth gates)	2026-09-05T23:41:25.0808670Z ok 47 - pending permission removal: invalid-generation
verify	Test (includes calendar, Signal, Timeline, and suite truth gates)	2026-09-05T23:41:25.0809238Z   ---
verify	Test (includes calendar, Signal, Timeline, and suite truth gates)	2026-09-05T23:41:25.0809539Z   duration_ms: 175.299764
verify	Test (includes calendar, Signal, Timeline, and suite truth gates)	2026-09-05T23:41:25.0809793Z   type: 'test'
verify	Test (includes calendar, Signal, Timeline, and suite truth gates)	2026-09-05T23:41:25.0810019Z   ...
verify	Test (includes calendar, Signal, Timeline, and suite truth gates)	2026-09-05T23:41:25.0810379Z # Subtest: pending permission removal: orphan-generation
verify	Test (includes calendar, Signal, Timeline, and suite truth gates)	2026-09-05T23:41:25.0810907Z ok 48 - pending permission removal: orphan-generation
verify	Test (includes calendar, Signal, Timeline, and suite truth gates)	2026-09-05T23:41:25.0811277Z   ---
verify	Test (includes calendar, Signal, Timeline, and suite truth gates)	2026-09-05T23:41:25.0811486Z   duration_ms: 177.131122
verify	Test (includes calendar, Signal, Timeline, and suite truth gates)	2026-09-05T23:41:25.0811738Z   type: 'test'
verify	Test (includes calendar, Signal, Timeline, and suite truth gates)	2026-09-05T23:41:25.0811975Z   ...
verify	Test (includes calendar, Signal, Timeline, and suite truth gates)	2026-09-05T23:41:25.0812353Z # Subtest: pending permission removal: previous-no-current
verify	Test (includes calendar, Signal, Timeline, and suite truth gates)	2026-09-05T23:41:25.0812886Z ok 49 - pending permission removal: previous-no-current
verify	Test (includes calendar, Signal, Timeline, and suite truth gates)	2026-09-05T23:41:25.0813256Z   ---
verify	Test (includes calendar, Signal, Timeline, and suite truth gates)	2026-09-05T23:41:25.0813491Z   duration_ms: 173.37087
verify	Test (includes calendar, Signal, Timeline, and suite truth gates)	2026-09-05T23:41:25.0813730Z   type: 'test'
verify	Test (includes calendar, Signal, Timeline, and suite truth gates)	2026-09-05T23:41:25.0813937Z   ...
verify	Test (includes calendar, Signal, Timeline, and suite truth gates)	2026-09-05T23:41:25.0814357Z # Subtest: pending permission removal: appears-during-failed-live-read
verify	Test (includes calendar, Signal, Timeline, and suite truth gates)	2026-09-05T23:41:25.0814981Z ok 50 - pending permission removal: appears-during-failed-live-read
verify	Test (includes calendar, Signal, Timeline, and suite truth gates)	2026-09-05T23:41:25.0815421Z   ---
verify	Test (includes calendar, Signal, Timeline, and suite truth gates)	2026-09-05T23:41:25.0815649Z   duration_ms: 175.38551
verify	Test (includes calendar, Signal, Timeline, and suite truth gates)	2026-09-05T23:41:25.0815888Z   type: 'test'
verify	Test (includes calendar, Signal, Timeline, and suite truth gates)	2026-09-05T23:41:25.0816095Z   ...
verify	Test (includes calendar, Signal, Timeline, and suite truth gates)	2026-09-05T23:41:25.0816490Z # Subtest: pending permission removal: cleared-during-live-read
verify	Test (includes calendar, Signal, Timeline, and suite truth gates)	2026-09-05T23:41:25.0817059Z ok 51 - pending permission removal: cleared-during-live-read
verify	Test (includes calendar, Signal, Timeline, and suite truth gates)	2026-09-05T23:41:25.0817437Z   ---
verify	Test (includes calendar, Signal, Timeline, and suite truth gates)	2026-09-05T23:41:25.0817658Z   duration_ms: 189.178115
verify	Test (includes calendar, Signal, Timeline, and suite truth gates)	2026-09-05T23:41:25.0817921Z   type: 'test'
verify	Test (includes calendar, Signal, Timeline, and suite truth gates)	2026-09-05T23:41:25.0818126Z   ...
verify	Test (includes calendar, Signal, Timeline, and suite truth gates)	2026-09-05T23:41:25.0818623Z # Subtest: pending permission removal: retired-during-live-read
verify	Test (includes calendar, Signal, Timeline, and suite truth gates)	2026-09-05T23:41:25.0819172Z ok 52 - pending permission removal: retired-during-live-read
verify	Test (includes calendar, Signal, Timeline, and suite truth gates)	2026-09-05T23:41:25.0819553Z   ---
verify	Test (includes calendar, Signal, Timeline, and suite truth gates)	2026-09-05T23:41:25.0819780Z   duration_ms: 177.249006
verify	Test (includes calendar, Signal, Timeline, and suite truth gates)	2026-09-05T23:41:25.0820045Z   type: 'test'
verify	Test (includes calendar, Signal, Timeline, and suite truth gates)	2026-09-05T23:41:25.0820268Z   ...
verify	Test (includes calendar, Signal, Timeline, and suite truth gates)	2026-09-05T23:41:25.0820803Z # Subtest: pending receipts do not grant project management or turn a failed receipt read into zero
verify	Test (includes calendar, Signal, Timeline, and suite truth gates)	2026-09-05T23:41:25.0821668Z ok 53 - pending receipts do not grant project management or turn a failed receipt read into zero
verify	Test (includes calendar, Signal, Timeline, and suite truth gates)	2026-09-05T23:41:25.0822189Z   ---
verify	Test (includes calendar, Signal, Timeline, and suite truth gates)	2026-09-05T23:41:25.0822401Z   duration_ms: 175.8597
verify	Test (includes calendar, Signal, Timeline, and suite truth gates)	2026-09-05T23:41:25.0822641Z   type: 'test'
verify	Test (includes calendar, Signal, Timeline, and suite truth gates)	2026-09-05T23:41:25.0822859Z   ...
verify	Test (includes calendar, Signal, Timeline, and suite truth gates)	2026-09-05T23:41:27.0564922Z # Subtest: original member uploader adopts provider completion into exactly the same resource; repeated checks are read-only
verify	Test (includes calendar, Signal, Timeline, and suite truth gates)	2026-09-05T23:41:27.0566395Z ok 54 - original member uploader adopts provider completion into exactly the same resource; repeated checks are read-only
verify	Test (includes calendar, Signal, Timeline, and suite truth gates)	2026-09-05T23:41:27.0567226Z   ---
verify	Test (includes calendar, Signal, Timeline, and suite truth gates)	2026-09-05T23:41:27.0567510Z   duration_ms: 4335.179212
verify	Test (includes calendar, Signal, Timeline, and suite truth gates)	2026-09-05T23:41:27.0567914Z   type: 'test'
verify	Test (includes calendar, Signal, Timeline, and suite truth gates)	2026-09-05T23:41:27.0568181Z   ...
verify	Test (includes calendar, Signal, Timeline, and suite truth gates)	2026-09-05T23:41:27.0569009Z # Subtest: expired capability adopts the exact marker in its original historical generation
verify	Test (includes calendar, Signal, Timeline, and suite truth gates)	2026-09-05T23:41:27.0569962Z ok 55 - expired capability adopts the exact marker in its original historical generation
verify	Test (includes calendar, Signal, Timeline, and suite truth gates)	2026-09-05T23:41:27.0570580Z   ---
verify	Test (includes calendar, Signal, Timeline, and suite truth gates)	2026-09-05T23:41:27.0570852Z   duration_ms: 329.783367
verify	Test (includes calendar, Signal, Timeline, and suite truth gates)	2026-09-05T23:41:27.0571243Z   type: 'test'
verify	Test (includes calendar, Signal, Timeline, and suite truth gates)	2026-09-05T23:41:27.0571501Z   ...
verify	Test (includes calendar, Signal, Timeline, and suite truth gates)	2026-09-05T23:41:27.0572098Z # Subtest: incomplete keeps the claim and cannot mint, upload bytes, fall back or delete
verify	Test (includes calendar, Signal, Timeline, and suite truth gates)	2026-09-05T23:41:27.0572980Z ok 56 - incomplete keeps the claim and cannot mint, upload bytes, fall back or delete
verify	Test (includes calendar, Signal, Timeline, and suite truth gates)	2026-09-05T23:41:27.0573551Z   ---
verify	Test (includes calendar, Signal, Timeline, and suite truth gates)	2026-09-05T23:41:27.0581525Z   duration_ms: 243.641064
verify	Test (includes calendar, Signal, Timeline, and suite truth gates)	2026-09-05T23:41:27.0581926Z   type: 'test'
verify	Test (includes calendar, Signal, Timeline, and suite truth gates)	2026-09-05T23:41:27.0582591Z   ...
verify	Test (includes calendar, Signal, Timeline, and suite truth gates)	2026-09-05T23:41:27.0583198Z # Subtest: expired-empty keeps the claim and cannot mint, upload bytes, fall back or delete
verify	Test (includes calendar, Signal, Timeline, and suite truth gates)	2026-09-05T23:41:27.0584152Z ok 57 - expired-empty keeps the claim and cannot mint, upload bytes, fall back or delete
verify	Test (includes calendar, Signal, Timeline, and suite truth gates)	2026-09-05T23:41:27.0584805Z   ---
verify	Test (includes calendar, Signal, Timeline, and suite truth gates)	2026-09-05T23:41:27.0585076Z   duration_ms: 217.86797
verify	Test (includes calendar, Signal, Timeline, and suite truth gates)	2026-09-05T23:41:27.0585450Z   type: 'test'
verify	Test (includes calendar, Signal, Timeline, and suite truth gates)	2026-09-05T23:41:27.0585710Z   ...
verify	Test (includes calendar, Signal, Timeline, and suite truth gates)	2026-09-05T23:41:27.0586356Z # Subtest: undelegated keeps the claim and cannot mint, upload bytes, fall back or delete
verify	Test (includes calendar, Signal, Timeline, and suite truth gates)	2026-09-05T23:41:27.0587529Z ok 58 - undelegated keeps the claim and cannot mint, upload bytes, fall back or delete
verify	Test (includes calendar, Signal, Timeline, and suite truth gates)	2026-09-05T23:41:27.0588118Z   ---
verify	Test (includes calendar, Signal, Timeline, and suite truth gates)	2026-09-05T23:41:27.0588603Z   duration_ms: 201.999475
verify	Test (includes calendar, Signal, Timeline, and suite truth gates)	2026-09-05T23:41:27.0588920Z   type: 'test'
verify	Test (includes calendar, Signal, Timeline, and suite truth gates)	2026-09-05T23:41:27.0589172Z   ...
verify	Test (includes calendar, Signal, Timeline, and suite truth gates)	2026-09-05T23:41:27.0589776Z # Subtest: provider-failure keeps the claim and cannot mint, upload bytes, fall back or delete
verify	Test (includes calendar, Signal, Timeline, and suite truth gates)	2026-09-05T23:41:27.0590680Z ok 59 - provider-failure keeps the claim and cannot mint, upload bytes, fall back or delete
verify	Test (includes calendar, Signal, Timeline, and suite truth gates)	2026-09-05T23:41:27.0591211Z   ---
verify	Test (includes calendar, Signal, Timeline, and suite truth gates)	2026-09-05T23:41:27.0591459Z   duration_ms: 216.102699
verify	Test (includes calendar, Signal, Timeline, and suite truth gates)	2026-09-05T23:41:27.0591753Z   type: 'test'
verify	Test (includes calendar, Signal, Timeline, and suite truth gates)	2026-09-05T23:41:27.0591993Z   ...
verify	Test (includes calendar, Signal, Timeline, and suite truth gates)	2026-09-05T23:41:27.0592459Z # Subtest: other-member is refused before any credential/provider call
verify	Test (includes calendar, Signal, Timeline, and suite truth gates)	2026-09-05T23:41:27.0593134Z ok 60 - other-member is refused before any credential/provider call
verify	Test (includes calendar, Signal, Timeline, and suite truth gates)	2026-09-05T23:41:27.0593568Z   ---
verify	Test (includes calendar, Signal, Timeline, and suite truth gates)	2026-09-05T23:41:27.0593825Z   duration_ms: 198.248382
verify	Test (includes calendar, Signal, Timeline, and suite truth gates)	2026-09-05T23:41:27.0594117Z   type: 'test'
verify	Test (includes calendar, Signal, Timeline, and suite truth gates)	2026-09-05T23:41:27.0594375Z   ...
verify	Test (includes calendar, Signal, Timeline, and suite truth gates)	2026-09-05T23:41:27.0594869Z # Subtest: owner-not-uploader is refused before any credential/provider call
verify	Test (includes calendar, Signal, Timeline, and suite truth gates)	2026-09-05T23:41:27.0595565Z ok 61 - owner-not-uploader is refused before any credential/provider call
verify	Test (includes calendar, Signal, Timeline, and suite truth gates)	2026-09-05T23:41:27.0596033Z   ---
verify	Test (includes calendar, Signal, Timeline, and suite truth gates)	2026-09-05T23:41:27.0596280Z   duration_ms: 230.067513
verify	Test (includes calendar, Signal, Timeline, and suite truth gates)	2026-09-05T23:41:27.0596558Z   type: 'test'
verify	Test (includes calendar, Signal, Timeline, and suite truth gates)	2026-09-05T23:41:27.0596810Z   ...
verify	Test (includes calendar, Signal, Timeline, and suite truth gates)	2026-09-05T23:41:27.0597282Z # Subtest: wrong-project is refused before any credential/provider call
verify	Test (includes calendar, Signal, Timeline, and suite truth gates)	2026-09-05T23:41:27.0597965Z ok 62 - wrong-project is refused before any credential/provider call
verify	Test (includes calendar, Signal, Timeline, and suite truth gates)	2026-09-05T23:41:27.0598633Z   ---
verify	Test (includes calendar, Signal, Timeline, and suite truth gates)	2026-09-05T23:41:27.0598891Z   duration_ms: 219.439104
verify	Test (includes calendar, Signal, Timeline, and suite truth gates)	2026-09-05T23:41:27.0599177Z   type: 'test'
verify	Test (includes calendar, Signal, Timeline, and suite truth gates)	2026-09-05T23:41:27.0599422Z   ...
verify	Test (includes calendar, Signal, Timeline, and suite truth gates)	2026-09-05T23:41:27.0599880Z # Subtest: wrong-task is refused before any credential/provider call
verify	Test (includes calendar, Signal, Timeline, and suite truth gates)	2026-09-05T23:41:27.0600516Z ok 63 - wrong-task is refused before any credential/provider call
verify	Test (includes calendar, Signal, Timeline, and suite truth gates)	2026-09-05T23:41:27.0600940Z   ---
verify	Test (includes calendar, Signal, Timeline, and suite truth gates)	2026-09-05T23:41:27.0601196Z   duration_ms: 195.21541
verify	Test (includes calendar, Signal, Timeline, and suite truth gates)	2026-09-05T23:41:27.0601489Z   type: 'test'
verify	Test (includes calendar, Signal, Timeline, and suite truth gates)	2026-09-05T23:41:27.0601725Z   ...
verify	Test (includes calendar, Signal, Timeline, and suite truth gates)	2026-09-05T23:41:27.0602144Z # Subtest: removed is refused before any credential/provider call
verify	Test (includes calendar, Signal, Timeline, and suite truth gates)	2026-09-05T23:41:27.0602759Z ok 64 - removed is refused before any credential/provider call
verify	Test (includes calendar, Signal, Timeline, and suite truth gates)	2026-09-05T23:41:27.0603160Z   ---
verify	Test (includes calendar, Signal, Timeline, and suite truth gates)	2026-09-05T23:41:27.0603403Z   duration_ms: 167.423754
verify	Test (includes calendar, Signal, Timeline, and suite truth gates)	2026-09-05T23:41:27.0603704Z   type: 'test'
verify	Test (includes calendar, Signal, Timeline, and suite truth gates)	2026-09-05T23:41:27.0603959Z   ...
verify	Test (includes calendar, Signal, Timeline, and suite truth gates)	2026-09-05T23:41:27.0604388Z # Subtest: archived is refused before any credential/provider call
verify	Test (includes calendar, Signal, Timeline, and suite truth gates)	2026-09-05T23:41:27.0605005Z ok 65 - archived is refused before any credential/provider call
verify	Test (includes calendar, Signal, Timeline, and suite truth gates)	2026-09-05T23:41:27.0605407Z   ---
verify	Test (includes calendar, Signal, Timeline, and suite truth gates)	2026-09-05T23:41:27.0605647Z   duration_ms: 171.432769
verify	Test (includes calendar, Signal, Timeline, and suite truth gates)	2026-09-05T23:41:27.0605937Z   type: 'test'
verify	Test (includes calendar, Signal, Timeline, and suite truth gates)	2026-09-05T23:41:27.0606176Z   ...
verify	Test (includes calendar, Signal, Timeline, and suite truth gates)	2026-09-05T23:41:27.0606621Z # Subtest: capability is refused before any credential/provider call
verify	Test (includes calendar, Signal, Timeline, and suite truth gates)	2026-09-05T23:41:27.0607188Z ok 66 - capability is refused before any credential/provider call
verify	Test (includes calendar, Signal, Timeline, and suite truth gates)	2026-09-05T23:41:27.0607585Z   ---
verify	Test (includes calendar, Signal, Timeline, and suite truth gates)	2026-09-05T23:41:27.0607825Z   duration_ms: 168.825906
verify	Test (includes calendar, Signal, Timeline, and suite truth gates)	2026-09-05T23:41:27.0608101Z   type: 'test'
verify	Test (includes calendar, Signal, Timeline, and suite truth gates)	2026-09-05T23:41:27.0608771Z   ...
verify	Test (includes calendar, Signal, Timeline, and suite truth gates)	2026-09-05T23:41:27.0609238Z # Subtest: moved-task is refused before any credential/provider call
verify	Test (includes calendar, Signal, Timeline, and suite truth gates)	2026-09-05T23:41:27.0609820Z ok 67 - moved-task is refused before any credential/provider call
verify	Test (includes calendar, Signal, Timeline, and suite truth gates)	2026-09-05T23:41:27.0610216Z   ---
verify	Test (includes calendar, Signal, Timeline, and suite truth gates)	2026-09-05T23:41:27.0610442Z   duration_ms: 172.629696
verify	Test (includes calendar, Signal, Timeline, and suite truth gates)	2026-09-05T23:41:27.0610908Z   type: 'test'
verify	Test (includes calendar, Signal, Timeline, and suite truth gates)	2026-09-05T23:41:27.0611164Z   ...
verify	Test (includes calendar, Signal, Timeline, and suite truth gates)	2026-09-05T23:41:27.0611669Z # Subtest: member-a deletion/erasure fence before provider work prevents adoption
verify	Test (includes calendar, Signal, Timeline, and suite truth gates)	2026-09-05T23:41:27.0612417Z ok 68 - member-a deletion/erasure fence before provider work prevents adoption
verify	Test (includes calendar, Signal, Timeline, and suite truth gates)	2026-09-05T23:41:27.0612905Z   ---
verify	Test (includes calendar, Signal, Timeline, and suite truth gates)	2026-09-05T23:41:27.0613149Z   duration_ms: 171.625663
verify	Test (includes calendar, Signal, Timeline, and suite truth gates)	2026-09-05T23:41:27.0613431Z   type: 'test'
verify	Test (includes calendar, Signal, Timeline, and suite truth gates)	2026-09-05T23:41:27.0613671Z   ...
verify	Test (includes calendar, Signal, Timeline, and suite truth gates)	2026-09-05T23:41:27.0614446Z # Subtest: member-a deletion/erasure fence during provider work prevents adoption
verify	Test (includes calendar, Signal, Timeline, and suite truth gates)	2026-09-05T23:41:27.0615198Z ok 69 - member-a deletion/erasure fence during provider work prevents adoption
verify	Test (includes calendar, Signal, Timeline, and suite truth gates)	2026-09-05T23:41:27.0615671Z   ---
verify	Test (includes calendar, Signal, Timeline, and suite truth gates)	2026-09-05T23:41:27.0615928Z   duration_ms: 191.171688
verify	Test (includes calendar, Signal, Timeline, and suite truth gates)	2026-09-05T23:41:27.0616216Z   type: 'test'
verify	Test (includes calendar, Signal, Timeline, and suite truth gates)	2026-09-05T23:41:27.0616461Z   ...
verify	Test (includes calendar, Signal, Timeline, and suite truth gates)	2026-09-05T23:41:27.0616976Z # Subtest: owner deletion/erasure fence before provider work prevents adoption
verify	Test (includes calendar, Signal, Timeline, and suite truth gates)	2026-09-05T23:41:27.0617707Z ok 70 - owner deletion/erasure fence before provider work prevents adoption
verify	Test (includes calendar, Signal, Timeline, and suite truth gates)	2026-09-05T23:41:27.0618175Z   ---
verify	Test (includes calendar, Signal, Timeline, and suite truth gates)	2026-09-05T23:41:27.0618683Z   duration_ms: 173.742083
verify	Test (includes calendar, Signal, Timeline, and suite truth gates)	2026-09-05T23:41:27.0618972Z   type: 'test'
verify	Test (includes calendar, Signal, Timeline, and suite truth gates)	2026-09-05T23:41:27.0619216Z   ...
verify	Test (includes calendar, Signal, Timeline, and suite truth gates)	2026-09-05T23:41:27.0619715Z # Subtest: owner deletion/erasure fence during provider work prevents adoption
verify	Test (includes calendar, Signal, Timeline, and suite truth gates)	2026-09-05T23:41:27.0620435Z ok 71 - owner deletion/erasure fence during provider work prevents adoption
verify	Test (includes calendar, Signal, Timeline, and suite truth gates)	2026-09-05T23:41:27.0620894Z   ---
verify	Test (includes calendar, Signal, Timeline, and suite truth gates)	2026-09-05T23:41:27.0621144Z   duration_ms: 182.680426
verify	Test (includes calendar, Signal, Timeline, and suite truth gates)	2026-09-05T23:41:27.0621436Z   type: 'test'
verify	Test (includes calendar, Signal, Timeline, and suite truth gates)	2026-09-05T23:41:27.0621677Z   ...
verify	Test (includes calendar, Signal, Timeline, and suite truth gates)	2026-09-05T23:41:27.0622183Z # Subtest: project deletion/erasure fence before provider work prevents adoption
verify	Test (includes calendar, Signal, Timeline, and suite truth gates)	2026-09-05T23:41:27.0622948Z ok 72 - project deletion/erasure fence before provider work prevents adoption
verify	Test (includes calendar, Signal, Timeline, and suite truth gates)	2026-09-05T23:41:27.0623416Z   ---
verify	Test (includes calendar, Signal, Timeline, and suite truth gates)	2026-09-05T23:41:27.0623654Z   duration_ms: 166.815381
verify	Test (includes calendar, Signal, Timeline, and suite truth gates)	2026-09-05T23:41:27.0623936Z   type: 'test'
verify	Test (includes calendar, Signal, Timeline, and suite truth gates)	2026-09-05T23:41:27.0624174Z   ...
verify	Test (includes calendar, Signal, Timeline, and suite truth gates)	2026-09-05T23:41:27.0624693Z # Subtest: project deletion/erasure fence during provider work prevents adoption
verify	Test (includes calendar, Signal, Timeline, and suite truth gates)	2026-09-05T23:41:27.0625502Z ok 73 - project deletion/erasure fence during provider work prevents adoption
verify	Test (includes calendar, Signal, Timeline, and suite truth gates)	2026-09-05T23:41:27.0625985Z   ---
verify	Test (includes calendar, Signal, Timeline, and suite truth gates)	2026-09-05T23:41:27.0626224Z   duration_ms: 133.989163
verify	Test (includes calendar, Signal, Timeline, and suite truth gates)	2026-09-05T23:41:27.0626516Z   type: 'test'
verify	Test (includes calendar, Signal, Timeline, and suite truth gates)	2026-09-05T23:41:27.0626774Z   ...
verify	Test (includes calendar, Signal, Timeline, and suite truth gates)	2026-09-05T23:41:27.0627355Z # Subtest: remove-uploader between provider read and completion fails the final transaction
verify	Test (includes calendar, Signal, Timeline, and suite truth gates)	2026-09-05T23:41:27.0628233Z ok 74 - remove-uploader between provider read and completion fails the final transaction
verify	Test (includes calendar, Signal, Timeline, and suite truth gates)	2026-09-05T23:41:27.0628954Z   ---
verify	Test (includes calendar, Signal, Timeline, and suite truth gates)	2026-09-05T23:41:27.0629202Z   duration_ms: 129.671179
verify	Test (includes calendar, Signal, Timeline, and suite truth gates)	2026-09-05T23:41:27.0629488Z   type: 'test'
verify	Test (includes calendar, Signal, Timeline, and suite truth gates)	2026-09-05T23:41:27.0629734Z   ...
verify	Test (includes calendar, Signal, Timeline, and suite truth gates)	2026-09-05T23:41:27.0630136Z # Subtest: archive between provider read and completion fails the final transaction
verify	Test (includes calendar, Signal, Timeline, and suite truth gates)	2026-09-05T23:41:27.0630625Z ok 75 - archive between provider read and completion fails the final transaction
verify	Test (includes calendar, Signal, Timeline, and suite truth gates)	2026-09-05T23:41:27.0630928Z   ---
verify	Test (includes calendar, Signal, Timeline, and suite truth gates)	2026-09-05T23:41:27.0631103Z   duration_ms: 137.999731
verify	Test (includes calendar, Signal, Timeline, and suite truth gates)	2026-09-05T23:41:27.0631288Z   type: 'test'
verify	Test (includes calendar, Signal, Timeline, and suite truth gates)	2026-09-05T23:41:27.0631443Z   ...
verify	Test (includes calendar, Signal, Timeline, and suite truth gates)	2026-09-05T23:41:27.0632105Z # Subtest: move-task between provider read and completion fails the final transaction
verify	Test (includes calendar, Signal, Timeline, and suite truth gates)	2026-09-05T23:41:27.0632857Z ok 76 - move-task between provider read and completion fails the final transaction
verify	Test (includes calendar, Signal, Timeline, and suite truth gates)	2026-09-05T23:41:27.0633260Z   ---
verify	Test (includes calendar, Signal, Timeline, and suite truth gates)	2026-09-05T23:41:27.0633503Z   duration_ms: 128.031928
verify	Test (includes calendar, Signal, Timeline, and suite truth gates)	2026-09-05T23:41:27.0633847Z   type: 'test'
verify	Test (includes calendar, Signal, Timeline, and suite truth gates)	2026-09-05T23:41:27.0634127Z   ...
verify	Test (includes calendar, Signal, Timeline, and suite truth gates)	2026-09-05T23:41:27.0634667Z # Subtest: demote-storage-owner between provider read and completion fails the final transaction
verify	Test (includes calendar, Signal, Timeline, and suite truth gates)	2026-09-05T23:41:27.0635426Z ok 77 - demote-storage-owner between provider read and completion fails the final transaction
verify	Test (includes calendar, Signal, Timeline, and suite truth gates)	2026-09-05T23:41:27.0635857Z   ---
verify	Test (includes calendar, Signal, Timeline, and suite truth gates)	2026-09-05T23:41:27.0636094Z   duration_ms: 127.983321
verify	Test (includes calendar, Signal, Timeline, and suite truth gates)	2026-09-05T23:41:27.0636340Z   type: 'test'
verify	Test (includes calendar, Signal, Timeline, and suite truth gates)	2026-09-05T23:41:27.0636594Z   ...
verify	Test (includes calendar, Signal, Timeline, and suite truth gates)	2026-09-05T23:41:27.0637035Z # Subtest: replace-session between provider read and completion fails the final transaction
verify	Test (includes calendar, Signal, Timeline, and suite truth gates)	2026-09-05T23:41:27.0637955Z ok 78 - replace-session between provider read and completion fails the final transaction
verify	Test (includes calendar, Signal, Timeline, and suite truth gates)	2026-09-05T23:41:27.0638795Z   ---
verify	Test (includes calendar, Signal, Timeline, and suite truth gates)	2026-09-05T23:41:27.0639051Z   duration_ms: 131.106618
verify	Test (includes calendar, Signal, Timeline, and suite truth gates)	2026-09-05T23:41:27.0639330Z   type: 'test'
verify	Test (includes calendar, Signal, Timeline, and suite truth gates)	2026-09-05T23:41:27.0639549Z   ...
verify	Test (includes calendar, Signal, Timeline, and suite truth gates)	2026-09-05T23:41:27.0640086Z # Subtest: advance-lease between provider read and completion fails the final transaction
verify	Test (includes calendar, Signal, Timeline, and suite truth gates)	2026-09-05T23:41:27.0640747Z ok 79 - advance-lease between provider read and completion fails the final transaction
verify	Test (includes calendar, Signal, Timeline, and suite truth gates)	2026-09-05T23:41:27.0641248Z   ---
verify	Test (includes calendar, Signal, Timeline, and suite truth gates)	2026-09-05T23:41:27.0641417Z   duration_ms: 135.594555
verify	Test (includes calendar, Signal, Timeline, and suite truth gates)	2026-09-05T23:41:27.0641603Z   type: 'test'
verify	Test (includes calendar, Signal, Timeline, and suite truth gates)	2026-09-05T23:41:27.0641767Z   ...
verify	Test (includes calendar, Signal, Timeline, and suite truth gates)	2026-09-05T23:41:27.0642137Z # Subtest: replace-uploader between provider read and completion fails the final transaction
verify	Test (includes calendar, Signal, Timeline, and suite truth gates)	2026-09-05T23:41:27.0642719Z ok 80 - replace-uploader between provider read and completion fails the final transaction
verify	Test (includes calendar, Signal, Timeline, and suite truth gates)	2026-09-05T23:41:27.0643058Z   ---
verify	Test (includes calendar, Signal, Timeline, and suite truth gates)	2026-09-05T23:41:27.0643223Z   duration_ms: 131.053794
verify	Test (includes calendar, Signal, Timeline, and suite truth gates)	2026-09-05T23:41:27.0643409Z   type: 'test'
verify	Test (includes calendar, Signal, Timeline, and suite truth gates)	2026-09-05T23:41:27.0643566Z   ...
verify	Test (includes calendar, Signal, Timeline, and suite truth gates)	2026-09-05T23:41:27.0643813Z # Subtest: duplicate-marker is not completion evidence
verify	Test (includes calendar, Signal, Timeline, and suite truth gates)	2026-09-05T23:41:27.0644128Z ok 81 - duplicate-marker is not completion evidence
verify	Test (includes calendar, Signal, Timeline, and suite truth gates)	2026-09-05T23:41:27.0644360Z   ---
verify	Test (includes calendar, Signal, Timeline, and suite truth gates)	2026-09-05T23:41:27.0644528Z   duration_ms: 151.319397
verify	Test (includes calendar, Signal, Timeline, and suite truth gates)	2026-09-05T23:41:27.0644716Z   type: 'test'
verify	Test (includes calendar, Signal, Timeline, and suite truth gates)	2026-09-05T23:41:27.0644872Z   ...
verify	Test (includes calendar, Signal, Timeline, and suite truth gates)	2026-09-05T23:41:27.0645093Z # Subtest: wrong-parent is not completion evidence
verify	Test (includes calendar, Signal, Timeline, and suite truth gates)	2026-09-05T23:41:27.0645405Z ok 82 - wrong-parent is not completion evidence
verify	Test (includes calendar, Signal, Timeline, and suite truth gates)	2026-09-05T23:41:27.0645630Z   ---
verify	Test (includes calendar, Signal, Timeline, and suite truth gates)	2026-09-05T23:41:27.0645783Z   duration_ms: 131.022584
verify	Test (includes calendar, Signal, Timeline, and suite truth gates)	2026-09-05T23:41:27.0645968Z   type: 'test'
verify	Test (includes calendar, Signal, Timeline, and suite truth gates)	2026-09-05T23:41:27.0646122Z   ...
verify	Test (includes calendar, Signal, Timeline, and suite truth gates)	2026-09-05T23:41:27.0646339Z # Subtest: wrong-marker is not completion evidence
verify	Test (includes calendar, Signal, Timeline, and suite truth gates)	2026-09-05T23:41:27.0646634Z ok 83 - wrong-marker is not completion evidence
verify	Test (includes calendar, Signal, Timeline, and suite truth gates)	2026-09-05T23:41:27.0646852Z   ---
verify	Test (includes calendar, Signal, Timeline, and suite truth gates)	2026-09-05T23:41:27.0647002Z   duration_ms: 126.683186
verify	Test (includes calendar, Signal, Timeline, and suite truth gates)	2026-09-05T23:41:27.0647180Z   type: 'test'
verify	Test (includes calendar, Signal, Timeline, and suite truth gates)	2026-09-05T23:41:27.0647340Z   ...
verify	Test (includes calendar, Signal, Timeline, and suite truth gates)	2026-09-05T23:41:27.0647553Z # Subtest: wrong-size is not completion evidence
verify	Test (includes calendar, Signal, Timeline, and suite truth gates)	2026-09-05T23:41:27.0647844Z ok 84 - wrong-size is not completion evidence
verify	Test (includes calendar, Signal, Timeline, and suite truth gates)	2026-09-05T23:41:27.0648068Z   ---
verify	Test (includes calendar, Signal, Timeline, and suite truth gates)	2026-09-05T23:41:27.0660836Z   duration_ms: 128.31096
verify	Test (includes calendar, Signal, Timeline, and suite truth gates)	2026-09-05T23:41:27.0661169Z   type: 'test'
verify	Test (includes calendar, Signal, Timeline, and suite truth gates)	2026-09-05T23:41:27.0661394Z   ...
verify	Test (includes calendar, Signal, Timeline, and suite truth gates)	2026-09-05T23:41:27.0661779Z # Subtest: overlapping recovery checks share the existing CAS and persist one canonical row
verify	Test (includes calendar, Signal, Timeline, and suite truth gates)	2026-09-05T23:41:27.0662346Z ok 85 - overlapping recovery checks share the existing CAS and persist one canonical row
verify	Test (includes calendar, Signal, Timeline, and suite truth gates)	2026-09-05T23:41:27.0662683Z   ---
verify	Test (includes calendar, Signal, Timeline, and suite truth gates)	2026-09-05T23:41:27.0662854Z   duration_ms: 141.42264
verify	Test (includes calendar, Signal, Timeline, and suite truth gates)	2026-09-05T23:41:27.0663056Z   type: 'test'
verify	Test (includes calendar, Signal, Timeline, and suite truth gates)	2026-09-05T23:41:27.0663222Z   ...
verify	Test (includes calendar, Signal, Timeline, and suite truth gates)	2026-09-05T23:41:27.0663602Z # Subtest: an original-tab finalize can win during recovery without a second row or lost completion
verify	Test (includes calendar, Signal, Timeline, and suite truth gates)	2026-09-05T23:41:27.0664166Z ok 86 - an original-tab finalize can win during recovery without a second row or lost completion
verify	Test (includes calendar, Signal, Timeline, and suite truth gates)	2026-09-05T23:41:27.0664502Z   ---
verify	Test (includes calendar, Signal, Timeline, and suite truth gates)	2026-09-05T23:41:27.0664664Z   duration_ms: 130.050218
verify	Test (includes calendar, Signal, Timeline, and suite truth gates)	2026-09-05T23:41:27.0664864Z   type: 'test'
verify	Test (includes calendar, Signal, Timeline, and suite truth gates)	2026-09-05T23:41:27.0665025Z   ...
verify	Test (includes calendar, Signal, Timeline, and suite truth gates)	2026-09-05T23:41:27.1175021Z # Subtest: review and flag-off status return before the DB/provider/auth graph is imported
verify	Test (includes calendar, Signal, Timeline, and suite truth gates)	2026-09-05T23:41:27.1175991Z ok 87 - review and flag-off status return before the DB/provider/auth graph is imported
verify	Test (includes calendar, Signal, Timeline, and suite truth gates)	2026-09-05T23:41:27.1176521Z   ---
verify	Test (includes calendar, Signal, Timeline, and suite truth gates)	2026-09-05T23:41:27.1176818Z   duration_ms: 501.117721
verify	Test (includes calendar, Signal, Timeline, and suite truth gates)	2026-09-05T23:41:27.1177138Z   type: 'test'
verify	Test (includes calendar, Signal, Timeline, and suite truth gates)	2026-09-05T23:41:27.1177394Z   ...
verify	Test (includes calendar, Signal, Timeline, and suite truth gates)	2026-09-05T23:41:27.1177946Z # Subtest: status action proves explicit project authority before and after its read
verify	Test (includes calendar, Signal, Timeline, and suite truth gates)	2026-09-05T23:41:27.1178886Z ok 88 - status action proves explicit project authority before and after its read
verify	Test (includes calendar, Signal, Timeline, and suite truth gates)	2026-09-05T23:41:27.1179398Z   ---
verify	Test (includes calendar, Signal, Timeline, and suite truth gates)	2026-09-05T23:41:27.1179652Z   duration_ms: 0.628578
verify	Test (includes calendar, Signal, Timeline, and suite truth gates)	2026-09-05T23:41:27.1179938Z   type: 'test'
verify	Test (includes calendar, Signal, Timeline, and suite truth gates)	2026-09-05T23:41:27.1180200Z   ...
verify	Test (includes calendar, Signal, Timeline, and suite truth gates)	2026-09-05T23:41:27.1180681Z # Subtest: review fixtures have no production dependency or fetch path
verify	Test (includes calendar, Signal, Timeline, and suite truth gates)	2026-09-05T23:41:27.1181721Z ok 89 - review fixtures have no production dependency or fetch path
verify	Test (includes calendar, Signal, Timeline, and suite truth gates)	2026-09-05T23:41:27.1182155Z   ---
verify	Test (includes calendar, Signal, Timeline, and suite truth gates)	2026-09-05T23:41:27.1182406Z   duration_ms: 0.511976
verify	Test (includes calendar, Signal, Timeline, and suite truth gates)	2026-09-05T23:41:27.1182691Z   type: 'test'
verify	Test (includes calendar, Signal, Timeline, and suite truth gates)	2026-09-05T23:41:27.1182942Z   ...
verify	Test (includes calendar, Signal, Timeline, and suite truth gates)	2026-09-05T23:41:27.1183418Z # Subtest: Resources keeps one Attach intake and truthful Drive provenance
verify	Test (includes calendar, Signal, Timeline, and suite truth gates)	2026-09-05T23:41:27.1184124Z ok 90 - Resources keeps one Attach intake and truthful Drive provenance
verify	Test (includes calendar, Signal, Timeline, and suite truth gates)	2026-09-05T23:41:27.1184844Z   ---
verify	Test (includes calendar, Signal, Timeline, and suite truth gates)	2026-09-05T23:41:27.1185098Z   duration_ms: 0.621498
verify	Test (includes calendar, Signal, Timeline, and suite truth gates)	2026-09-05T23:41:27.1185395Z   type: 'test'
verify	Test (includes calendar, Signal, Timeline, and suite truth gates)	2026-09-05T23:41:27.1185637Z   ...
verify	Test (includes calendar, Signal, Timeline, and suite truth gates)	2026-09-05T23:41:27.1186212Z # Subtest: handover actions reauthorize explicit project and expose no provider data or errors
verify	Test (includes calendar, Signal, Timeline, and suite truth gates)	2026-09-05T23:41:27.1187086Z ok 91 - handover actions reauthorize explicit project and expose no provider data or errors
verify	Test (includes calendar, Signal, Timeline, and suite truth gates)	2026-09-05T23:41:27.1187621Z   ---
verify	Test (includes calendar, Signal, Timeline, and suite truth gates)	2026-09-05T23:41:27.1187862Z   duration_ms: 0.397127
verify	Test (includes calendar, Signal, Timeline, and suite truth gates)	2026-09-05T23:41:27.1188146Z   type: 'test'
verify	Test (includes calendar, Signal, Timeline, and suite truth gates)	2026-09-05T23:41:27.1188566Z   ...
verify	Test (includes calendar, Signal, Timeline, and suite truth gates)	2026-09-05T23:41:27.1188795Z 1..91
verify	Test (includes calendar, Signal, Timeline, and suite truth gates)	2026-09-05T23:41:27.1189015Z # tests 99
verify	Test (includes calendar, Signal, Timeline, and suite truth gates)	2026-09-05T23:41:27.1189247Z # suites 1
verify	Test (includes calendar, Signal, Timeline, and suite truth gates)	2026-09-05T23:41:27.1189479Z # pass 99
verify	Test (includes calendar, Signal, Timeline, and suite truth gates)	2026-09-05T23:41:27.1189706Z # fail 0
verify	Test (includes calendar, Signal, Timeline, and suite truth gates)	2026-09-05T23:41:27.1189953Z # cancelled 0
verify	Test (includes calendar, Signal, Timeline, and suite truth gates)	2026-09-05T23:41:27.1190218Z # skipped 0
verify	Test (includes calendar, Signal, Timeline, and suite truth gates)	2026-09-05T23:41:27.1190457Z # todo 0
verify	Test (includes calendar, Signal, Timeline, and suite truth gates)	2026-09-05T23:41:27.1190720Z # duration_ms 11706.72344
verify	Test (includes calendar, Signal, Timeline, and suite truth gates)	2026-09-05T23:41:27.1416208Z $ node --test src/server/instrumentation-call-site-contract.test.mjs scripts/db/waiting-migration.test.mjs scripts/db/backup-restore.test.mjs scripts/db/integrity-check.test.mjs src/server/operational-log-contract.test.mjs && node scripts/check-module-boundaries.mjs && node --test src/server/tenant-scope-rules.test.mjs src/app/api/internal/partner-stats/partner-stats-boundary.test.mjs && node scripts/check-ambient-workspace-ratchet.mjs && node scripts/check-route-manifest.mjs && node scripts/check-frame-headers.mjs && node scripts/check-suite-switcher-contract.mjs && node scripts/check-tap-target-scale.mjs && node scripts/check-marketing-waitlist-contract.mjs && node scripts/check-suiteloader-identity.mjs && node scripts/check-first-contact-language.mjs && node --test src/server/cross-tenant-isolation.test.mjs src/server/tenant-scope.test.mjs src/server/tasks-security-regression.test.mjs src/server/notes-extract-contract.test.mjs src/server/outbox-contract.test.mjs src/server/planning-security-contract.test.mjs src/server/planning-catalog-contract.test.mjs src/server/suite-context-contract.test.mjs src/server/suite-navigation-contract.test.mjs src/server/projects/active-project-contract.test.mjs src/server/actions/project-authz-contract.test.mjs src/server/projects/route-authz-contract.test.mjs src/server/app-gate-contract.test.mjs src/server/app-gate-parity.test.mjs src/app/p/published-wedding-noindex.test.mjs src/server/published-surface-revalidation.test.mjs src/server/public-surface-analytics-contract.test.mjs src/components/app/detail-panel/assignee-roster-contract.test.mjs src/server/stripe-contract.test.mjs src/server/share-revocation-contract.test.mjs src/modules/timeline/server/qualified-view-security.test.mjs src/modules/timeline/server/timeline-provisioning-contract.test.mjs src/modules/timeline/components/artifact/timeline-artifact-contract.test.mjs src/modules/timeline/components/artifact/timeline-artifact-layout.test.mjs src/modules/signal/server/analytics/production-entry-contract.test.mjs && node --import tsx --test src/lib/account/instrumentation/event-schema.test.ts src/lib/account/instrumentation/emitter.test.ts src/lib/account/instrumentation/call-site.test.ts src/server/cross-product-assertion.test.ts src/server/security-membership-regression.test.ts src/server/venue-never-a-collaborator.test.ts src/server/notes-extract-idempotency.test.ts src/server/cross-tenant-negative.test.ts src/server/share-token-security.test.ts src/server/invitation-code-security.test.ts src/server/attachment-upload-security.test.ts src/lib/venue-access-term.test.ts src/lib/venue-edition-term.vectors.test.ts src/server/db/couple-access-term.test.ts src/lib/comp-notes.test.ts && node --import tsx --import ./src/test/register-server-only.mjs --test src/components/redeem/redeem-expiry-date.test.ts src/lib/image/metadata.test.ts src/lib/keepsake/keepsake.test.ts src/lib/tasks/dayparts.test.ts src/lib/tasks/anchor-due.test.ts src/lib/project-truth-fixture.test.ts src/lib/public-task.test.ts src/lib/public-board-lanes.test.ts src/components/hybrid/planning.test.ts src/components/hybrid/fixtures.test.ts src/lib/sentry-scrub.test.ts src/server/operational-log.test.ts src/lib/projects/project-ref.test.ts src/lib/projects/project-url.test.ts src/lib/projects/route-snapshot.test.ts src/lib/projects/active-project-machine.test.ts src/lib/projects/unsaved-work.test.ts src/lib/projects/project-chooser.test.ts src/lib/planning/context.test.ts src/lib/planning/vocabulary.test.ts src/lib/planning/dates.test.ts src/lib/planning/input.test.ts src/lib/planning/flags-analytics.test.ts src/lib/planning/sponsorship.test.ts src/lib/planning/duplication.test.ts src/server/account-erasure.test.ts src/server/account-export.test.ts src/server/account-unified-export.test.ts src/app/api/account/export/route.test.ts src/server/db/tenant.test.ts src/server/db/retry.test.ts src/server/db/outbox.test.ts src/server/db/planning-period-migration.test.ts src/server/db/apply-template.test.ts src/server/db/comp-redemption.test.ts src/server/db/venue-welcome.test.ts src/app/app/home/home-data.test.tsx src/server/onboarding-completion.test.ts src/server/onboarding-callers.test.tsx src/lib/onboarding/retained-submission.test.ts src/lib/template-anchor.test.ts src/lib/wedding-template-contract.test.ts src/lib/board-config.test.ts src/lib/board-columns.test.ts src/lib/money.test.ts src/lib/board-colors.test.ts src/lib/board-lanes.test.ts src/lib/tags.test.ts src/lib/entitlements-shared/edition.test.ts src/server/premium-p1-integrity.test.ts src/server/premium-p1-storage.test.ts src/server/invite-lifecycle-contract.test.ts src/components/primitives/context-actions.test.ts src/lib/personality.test.ts src/lib/tips.test.ts src/server/milestones.test.ts scripts/seed-wedding.test.ts scripts/timeline-production-smoke-fixture.test.ts && node --import tsx --test src/modules/timeline/server/timeline-auth-policy.test.ts src/modules/timeline/lib/roadmap/anchor.test.ts src/modules/timeline/lib/roadmap/needs-attention.test.ts src/modules/timeline/lib/freshness.test.ts src/modules/timeline/lib/reserved-slugs.test.ts src/modules/timeline/lib/provision-slug.test.ts src/modules/timeline/lib/adopt-timeline.test.ts src/modules/timeline/lib/audience-timeline.test.ts src/modules/timeline/lib/template-anchor.test.ts src/modules/timeline/lib/owner-artifact.test.ts src/modules/timeline/lib/project-switcher-model.test.ts src/modules/timeline/components/artifact/timeline-artifact-model.test.ts src/modules/timeline/lib/qualified-view.test.ts src/modules/timeline/lib/viewer-count.test.ts src/modules/timeline/server/qualified-view-store.test.ts src/modules/timeline/server/sync/tasks-milestone-source.test.ts src/modules/timeline/timeline-public-url-contract.test.ts src/modules/timeline/timeline-shared-metadata-contract.test.ts src/modules/notes/server/demo/notes-fixtures.test.ts src/modules/notes/lib/notes-copy.test.ts src/modules/notes/lib/notes-view-model.test.ts src/modules/notes/server/extraction/extraction-contract.test.ts src/modules/notes/lib/timeline-promotion.test.ts src/modules/notes/lib/notes-hybrid.test.ts src/modules/notes/server/notes-auth.test.ts src/modules/notes/server/tasks-personalization.test.ts src/modules/signal/server/signal-auth-policy.test.ts src/modules/signal/lib/briefing/calendar-time.test.ts src/modules/signal/lib/briefing/triggers.test.ts src/modules/signal/lib/briefing/voice.test.ts src/modules/signal/lib/briefing/prose.test.ts src/modules/signal/lib/briefing/tasks-db-source.test.ts src/modules/signal/lib/briefing/build.test.ts src/modules/signal/lib/briefing/wedding-briefing-selectivity.test.ts src/modules/signal/server/briefing/signal-build-for-user.test.ts src/modules/signal/signal-public-url-contract.test.ts src/modules/signal/signal-suite-context.test.ts && node --import tsx --import ./src/test/register-server-only.mjs --test src/server/crypto/secret-box.test.ts src/server/connections/google-oauth-state.test.ts src/server/provider-token-custody.test.ts src/server/attachment-client-upload-security.test.ts src/server/upload-limit-contract.test.ts src/server/project-drive-hard-rules.test.ts src/server/cross-tenant-digest-mentions.test.ts src/server/projects/catalog.test.ts src/server/projects/capabilities.test.ts src/server/projects/resolve.test.ts src/server/projects/service-lifecycle.test.ts src/app/app/task/task-deep-link-contract.test.ts src/modules/timeline/server/unpublished-timeline-boundary.test.ts src/modules/timeline/server/sync/milestone-safety-regression.test.ts src/modules/timeline/server/sync/sync-generation-regression.test.ts src/modules/timeline/server/sync/tasks-workspace-context.test.ts src/modules/timeline/server/provision-workspace.resolver.test.ts src/modules/timeline/server/actions/connect-suite-workspace-security.test.ts src/modules/timeline/server/db/binding-write-gates.test.ts src/modules/timeline/server/db/milestone-date-history.test.ts src/app/api/cron/analytics-snapshots/route.test.ts src/modules/timeline/server/archived-project-readonly.test.ts src/modules/timeline/server/couple-artifact-boundary.test.ts src/app/app/theme-resolver.test.ts src/server/actions/preferences-theme-allow-list.test.ts src/components/app/settings/sections/appearance-radiogroup.test.ts && node --import tsx --import ./src/test/register-gate-runtime.mjs --test src/server/app-gate-runtime.test.mjs && pnpm test:billing && pnpm test:venue-issuance && pnpm test:sponsored-use && pnpm test:home-scope && pnpm test:invite-arrival && pnpm test:notes-recovery && pnpm test:module-lifecycle && pnpm test:recipient-golden && pnpm test:sponsored-wedding-date && pnpm test:event-designation && pnpm test:event-export && pnpm test:project-recovery
verify	Test (includes calendar, Signal, Timeline, and suite truth gates)	2026-09-05T23:41:27.1796130Z TAP version 13
verify	Test (includes calendar, Signal, Timeline, and suite truth gates)	2026-09-05T23:41:27.6181599Z # Subtest: backup and restore
verify	Test (includes calendar, Signal, Timeline, and suite truth gates)	2026-09-05T23:41:27.6186276Z     # Subtest: restores every row, including blobs, into a fresh database
verify	Test (includes calendar, Signal, Timeline, and suite truth gates)	2026-09-05T23:41:27.6186979Z     ok 1 - restores every row, including blobs, into a fresh database
verify	Test (includes calendar, Signal, Timeline, and suite truth gates)	2026-09-05T23:41:27.6187443Z       ---
verify	Test (includes calendar, Signal, Timeline, and suite truth gates)	2026-09-05T23:41:27.6187716Z       duration_ms: 68.839361
verify	Test (includes calendar, Signal, Timeline, and suite truth gates)	2026-09-05T23:41:27.6188015Z       type: 'test'
verify	Test (includes calendar, Signal, Timeline, and suite truth gates)	2026-09-05T23:41:27.6188564Z       ...
verify	Test (includes calendar, Signal, Timeline, and suite truth gates)	2026-09-05T23:41:27.6190065Z     # Subtest: restores the triggers, so the invariant survives the restore
verify	Test (includes calendar, Signal, Timeline, and suite truth gates)	2026-09-05T23:41:27.6191325Z     ok 2 - restores the triggers, so the invariant survives the restore
verify	Test (includes calendar, Signal, Timeline, and suite truth gates)	2026-09-05T23:41:27.6191796Z       ---
verify	Test (includes calendar, Signal, Timeline, and suite truth gates)	2026-09-05T23:41:27.6192157Z       duration_ms: 72.74621
verify	Test (includes calendar, Signal, Timeline, and suite truth gates)	2026-09-05T23:41:27.6192521Z       type: 'test'
verify	Test (includes calendar, Signal, Timeline, and suite truth gates)	2026-09-05T23:41:27.6192783Z       ...
verify	Test (includes calendar, Signal, Timeline, and suite truth gates)	2026-09-05T23:41:27.6193208Z     # Subtest: FAILS when a row is missing from the restore
verify	Test (includes calendar, Signal, Timeline, and suite truth gates)	2026-09-05T23:41:27.6194925Z     ok 3 - FAILS when a row is missing from the restore
verify	Test (includes calendar, Signal, Timeline, and suite truth gates)	2026-09-05T23:41:27.6197539Z       ---
verify	Test (includes calendar, Signal, Timeline, and suite truth gates)	2026-09-05T23:41:27.6197812Z       duration_ms: 57.742316
verify	Test (includes calendar, Signal, Timeline, and suite truth gates)	2026-09-05T23:41:27.6198222Z       type: 'test'
verify	Test (includes calendar, Signal, Timeline, and suite truth gates)	2026-09-05T23:41:27.6198623Z       ...
verify	Test (includes calendar, Signal, Timeline, and suite truth gates)	2026-09-05T23:41:27.6199473Z     # Subtest: FAILS when a value is altered but the row count is right
verify	Test (includes calendar, Signal, Timeline, and suite truth gates)	2026-09-05T23:41:27.6200436Z     ok 4 - FAILS when a value is altered but the row count is right
verify	Test (includes calendar, Signal, Timeline, and suite truth gates)	2026-09-05T23:41:27.6200885Z       ---
verify	Test (includes calendar, Signal, Timeline, and suite truth gates)	2026-09-05T23:41:27.6201255Z       duration_ms: 42.149754
verify	Test (includes calendar, Signal, Timeline, and suite truth gates)	2026-09-05T23:41:27.6201568Z       type: 'test'
verify	Test (includes calendar, Signal, Timeline, and suite truth gates)	2026-09-05T23:41:27.6201882Z       ...
verify	Test (includes calendar, Signal, Timeline, and suite truth gates)	2026-09-05T23:41:27.6202253Z     # Subtest: refuses to restore anywhere but a local file
verify	Test (includes calendar, Signal, Timeline, and suite truth gates)	2026-09-05T23:41:27.6202781Z     ok 5 - refuses to restore anywhere but a local file
verify	Test (includes calendar, Signal, Timeline, and suite truth gates)	2026-09-05T23:41:27.6203181Z       ---
verify	Test (includes calendar, Signal, Timeline, and suite truth gates)	2026-09-05T23:41:27.6203449Z       duration_ms: 0.822424
verify	Test (includes calendar, Signal, Timeline, and suite truth gates)	2026-09-05T23:41:27.6203773Z       type: 'test'
verify	Test (includes calendar, Signal, Timeline, and suite truth gates)	2026-09-05T23:41:27.6204026Z       ...
verify	Test (includes calendar, Signal, Timeline, and suite truth gates)	2026-09-05T23:41:27.6204386Z     # Subtest: hashes a table by its set of rows, not by their order
verify	Test (includes calendar, Signal, Timeline, and suite truth gates)	2026-09-05T23:41:27.6205369Z     ok 6 - hashes a table by its set of rows, not by their order
verify	Test (includes calendar, Signal, Timeline, and suite truth gates)	2026-09-05T23:41:27.6205738Z       ---
verify	Test (includes calendar, Signal, Timeline, and suite truth gates)	2026-09-05T23:41:27.6205968Z       duration_ms: 0.192704
verify	Test (includes calendar, Signal, Timeline, and suite truth gates)	2026-09-05T23:41:27.6206294Z       type: 'test'
verify	Test (includes calendar, Signal, Timeline, and suite truth gates)	2026-09-05T23:41:27.6206539Z       ...
verify	Test (includes calendar, Signal, Timeline, and suite truth gates)	2026-09-05T23:41:27.6207028Z     # Subtest: does not record the database URL anywhere in the manifest
verify	Test (includes calendar, Signal, Timeline, and suite truth gates)	2026-09-05T23:41:27.6208811Z     ok 7 - does not record the database URL anywhere in the manifest
verify	Test (includes calendar, Signal, Timeline, and suite truth gates)	2026-09-05T23:41:27.6209529Z       ---
verify	Test (includes calendar, Signal, Timeline, and suite truth gates)	2026-09-05T23:41:27.6209788Z       duration_ms: 0.801784
verify	Test (includes calendar, Signal, Timeline, and suite truth gates)	2026-09-05T23:41:27.6210128Z       type: 'test'
verify	Test (includes calendar, Signal, Timeline, and suite truth gates)	2026-09-05T23:41:27.6210378Z       ...
verify	Test (includes calendar, Signal, Timeline, and suite truth gates)	2026-09-05T23:41:27.6210659Z     1..7
verify	Test (includes calendar, Signal, Timeline, and suite truth gates)	2026-09-05T23:41:27.6210930Z ok 1 - backup and restore
verify	Test (includes calendar, Signal, Timeline, and suite truth gates)	2026-09-05T23:41:27.6211325Z   ---
verify	Test (includes calendar, Signal, Timeline, and suite truth gates)	2026-09-05T23:41:27.6211553Z   duration_ms: 298.590196
verify	Test (includes calendar, Signal, Timeline, and suite truth gates)	2026-09-05T23:41:27.6211886Z   type: 'suite'
verify	Test (includes calendar, Signal, Timeline, and suite truth gates)	2026-09-05T23:41:27.6212135Z   ...
verify	Test (includes calendar, Signal, Timeline, and suite truth gates)	2026-09-05T23:41:27.6311288Z # Subtest: data-integrity checks
verify	Test (includes calendar, Signal, Timeline, and suite truth gates)	2026-09-05T23:41:27.6311889Z     # Subtest: every check is valid SQL against the migrated production schema
verify	Test (includes calendar, Signal, Timeline, and suite truth gates)	2026-09-05T23:41:27.6312471Z     ok 1 - every check is valid SQL against the migrated production schema
verify	Test (includes calendar, Signal, Timeline, and suite truth gates)	2026-09-05T23:41:27.6312916Z       ---
verify	Test (includes calendar, Signal, Timeline, and suite truth gates)	2026-09-05T23:41:27.6313182Z       duration_ms: 2.914964
verify	Test (includes calendar, Signal, Timeline, and suite truth gates)	2026-09-05T23:41:27.6313474Z       type: 'test'
verify	Test (includes calendar, Signal, Timeline, and suite truth gates)	2026-09-05T23:41:27.6313737Z       ...
verify	Test (includes calendar, Signal, Timeline, and suite truth gates)	2026-09-05T23:41:27.6314121Z     # Subtest: a freshly migrated, empty database violates nothing
verify	Test (includes calendar, Signal, Timeline, and suite truth gates)	2026-09-05T23:41:27.6314667Z     ok 2 - a freshly migrated, empty database violates nothing
verify	Test (includes calendar, Signal, Timeline, and suite truth gates)	2026-09-05T23:41:27.6315069Z       ---
verify	Test (includes calendar, Signal, Timeline, and suite truth gates)	2026-09-05T23:41:27.6315307Z       duration_ms: 1.809171
verify	Test (includes calendar, Signal, Timeline, and suite truth gates)	2026-09-05T23:41:27.6315599Z       type: 'test'
verify	Test (includes calendar, Signal, Timeline, and suite truth gates)	2026-09-05T23:41:27.6315834Z       ...
verify	Test (includes calendar, Signal, Timeline, and suite truth gates)	2026-09-05T23:41:27.6316165Z     # Subtest: a correctly-built workspace violates nothing
verify	Test (includes calendar, Signal, Timeline, and suite truth gates)	2026-09-05T23:41:27.6316644Z     ok 3 - a correctly-built workspace violates nothing
verify	Test (includes calendar, Signal, Timeline, and suite truth gates)	2026-09-05T23:41:27.6317011Z       ---
verify	Test (includes calendar, Signal, Timeline, and suite truth gates)	2026-09-05T23:41:27.6317246Z       duration_ms: 7.127023
verify	Test (includes calendar, Signal, Timeline, and suite truth gates)	2026-09-05T23:41:27.6317527Z       type: 'test'
verify	Test (includes calendar, Signal, Timeline, and suite truth gates)	2026-09-05T23:41:27.6317782Z       ...
verify	Test (includes calendar, Signal, Timeline, and suite truth gates)	2026-09-05T23:41:27.6318142Z     # Subtest: catches a workspace whose owner user does not exist
verify	Test (includes calendar, Signal, Timeline, and suite truth gates)	2026-09-05T23:41:27.6318809Z     ok 4 - catches a workspace whose owner user does not exist
verify	Test (includes calendar, Signal, Timeline, and suite truth gates)	2026-09-05T23:41:27.6319203Z       ---
verify	Test (includes calendar, Signal, Timeline, and suite truth gates)	2026-09-05T23:41:27.6319434Z       duration_ms: 3.39971
verify	Test (includes calendar, Signal, Timeline, and suite truth gates)	2026-09-05T23:41:27.6319708Z       type: 'test'
verify	Test (includes calendar, Signal, Timeline, and suite truth gates)	2026-09-05T23:41:27.6320025Z       ...
verify	Test (includes calendar, Signal, Timeline, and suite truth gates)	2026-09-05T23:41:27.6320382Z     # Subtest: catches a workspace with no owner membership row
verify	Test (includes calendar, Signal, Timeline, and suite truth gates)	2026-09-05T23:41:27.6320880Z     ok 5 - catches a workspace with no owner membership row
verify	Test (includes calendar, Signal, Timeline, and suite truth gates)	2026-09-05T23:41:27.6321266Z       ---
verify	Test (includes calendar, Signal, Timeline, and suite truth gates)	2026-09-05T23:41:27.6321497Z       duration_ms: 1.532222
verify	Test (includes calendar, Signal, Timeline, and suite truth gates)	2026-09-05T23:41:27.6321768Z       type: 'test'
verify	Test (includes calendar, Signal, Timeline, and suite truth gates)	2026-09-05T23:41:27.6322000Z       ...
verify	Test (includes calendar, Signal, Timeline, and suite truth gates)	2026-09-05T23:41:27.6322280Z     # Subtest: catches an orphaned task
verify	Test (includes calendar, Signal, Timeline, and suite truth gates)	2026-09-05T23:41:27.6322644Z     ok 6 - catches an orphaned task
verify	Test (includes calendar, Signal, Timeline, and suite truth gates)	2026-09-05T23:41:27.6322945Z       ---
verify	Test (includes calendar, Signal, Timeline, and suite truth gates)	2026-09-05T23:41:27.6323193Z       duration_ms: 1.565822
verify	Test (includes calendar, Signal, Timeline, and suite truth gates)	2026-09-05T23:41:27.6323464Z       type: 'test'
verify	Test (includes calendar, Signal, Timeline, and suite truth gates)	2026-09-05T23:41:27.6323698Z       ...
verify	Test (includes calendar, Signal, Timeline, and suite truth gates)	2026-09-05T23:41:27.6324034Z     # Subtest: catches a share link with no owning workspace
verify	Test (includes calendar, Signal, Timeline, and suite truth gates)	2026-09-05T23:41:27.6324514Z     ok 7 - catches a share link with no owning workspace
verify	Test (includes calendar, Signal, Timeline, and suite truth gates)	2026-09-05T23:41:27.6324870Z       ---
verify	Test (includes calendar, Signal, Timeline, and suite truth gates)	2026-09-05T23:41:27.6325112Z       duration_ms: 1.876601
verify	Test (includes calendar, Signal, Timeline, and suite truth gates)	2026-09-05T23:41:27.6325383Z       type: 'test'
verify	Test (includes calendar, Signal, Timeline, and suite truth gates)	2026-09-05T23:41:27.6325614Z       ...
verify	Test (includes calendar, Signal, Timeline, and suite truth gates)	2026-09-05T23:41:27.6326036Z     # Subtest: catches an attachment whose workspace disagrees with its task
verify	Test (includes calendar, Signal, Timeline, and suite truth gates)	2026-09-05T23:41:27.6326656Z     ok 8 - catches an attachment whose workspace disagrees with its task
verify	Test (includes calendar, Signal, Timeline, and suite truth gates)	2026-09-05T23:41:27.6327067Z       ---
verify	Test (includes calendar, Signal, Timeline, and suite truth gates)	2026-09-05T23:41:27.6327307Z       duration_ms: 1.576538
verify	Test (includes calendar, Signal, Timeline, and suite truth gates)	2026-09-05T23:41:27.6327575Z       type: 'test'
verify	Test (includes calendar, Signal, Timeline, and suite truth gates)	2026-09-05T23:41:27.6327805Z       ...
verify	Test (includes calendar, Signal, Timeline, and suite truth gates)	2026-09-05T23:41:27.6328181Z     # Subtest: catches a comment whose workspace disagrees with its task
verify	Test (includes calendar, Signal, Timeline, and suite truth gates)	2026-09-05T23:41:27.6328987Z     ok 9 - catches a comment whose workspace disagrees with its task
verify	Test (includes calendar, Signal, Timeline, and suite truth gates)	2026-09-05T23:41:27.6329612Z       ---
verify	Test (includes calendar, Signal, Timeline, and suite truth gates)	2026-09-05T23:41:27.6329845Z       duration_ms: 1.777734
verify	Test (includes calendar, Signal, Timeline, and suite truth gates)	2026-09-05T23:41:27.6330136Z       type: 'test'
verify	Test (includes calendar, Signal, Timeline, and suite truth gates)	2026-09-05T23:41:27.6330369Z       ...
verify	Test (includes calendar, Signal, Timeline, and suite truth gates)	2026-09-05T23:41:27.6330744Z     # Subtest: catches an activity row with a null workspace
verify	Test (includes calendar, Signal, Timeline, and suite truth gates)	2026-09-05T23:41:27.6331242Z     ok 10 - catches an activity row with a null workspace
verify	Test (includes calendar, Signal, Timeline, and suite truth gates)	2026-09-05T23:41:27.6331608Z       ---
verify	Test (includes calendar, Signal, Timeline, and suite truth gates)	2026-09-05T23:41:27.6331970Z       duration_ms: 1.747961
verify	Test (includes calendar, Signal, Timeline, and suite truth gates)	2026-09-05T23:41:27.6332251Z       type: 'test'
verify	Test (includes calendar, Signal, Timeline, and suite truth gates)	2026-09-05T23:41:27.6332485Z       ...
verify	Test (includes calendar, Signal, Timeline, and suite truth gates)	2026-09-05T23:41:27.6332916Z     # Subtest: catches a sponsorship pointing at a workspace that does not exist
verify	Test (includes calendar, Signal, Timeline, and suite truth gates)	2026-09-05T23:41:27.6333570Z     ok 11 - catches a sponsorship pointing at a workspace that does not exist
verify	Test (includes calendar, Signal, Timeline, and suite truth gates)	2026-09-05T23:41:27.6334020Z       ---
verify	Test (includes calendar, Signal, Timeline, and suite truth gates)	2026-09-05T23:41:27.6334246Z       duration_ms: 1.806067
verify	Test (includes calendar, Signal, Timeline, and suite truth gates)	2026-09-05T23:41:27.6334519Z       type: 'test'
verify	Test (includes calendar, Signal, Timeline, and suite truth gates)	2026-09-05T23:41:27.6334757Z       ...
verify	Test (includes calendar, Signal, Timeline, and suite truth gates)	2026-09-05T23:41:27.6335205Z     # Subtest: catches two venues both holding an active sponsorship on one workspace
verify	Test (includes calendar, Signal, Timeline, and suite truth gates)	2026-09-05T23:41:27.6335902Z     ok 12 - catches two venues both holding an active sponsorship on one workspace
verify	Test (includes calendar, Signal, Timeline, and suite truth gates)	2026-09-05T23:41:27.6336361Z       ---
verify	Test (includes calendar, Signal, Timeline, and suite truth gates)	2026-09-05T23:41:27.6336585Z       duration_ms: 2.825302
verify	Test (includes calendar, Signal, Timeline, and suite truth gates)	2026-09-05T23:41:27.6336860Z       type: 'test'
verify	Test (includes calendar, Signal, Timeline, and suite truth gates)	2026-09-05T23:41:27.6337085Z       ...
verify	Test (includes calendar, Signal, Timeline, and suite truth gates)	2026-09-05T23:41:27.6337461Z     # Subtest: catches an invite to a workspace that no longer exists
verify	Test (includes calendar, Signal, Timeline, and suite truth gates)	2026-09-05T23:41:27.6338011Z     ok 13 - catches an invite to a workspace that no longer exists
verify	Test (includes calendar, Signal, Timeline, and suite truth gates)	2026-09-05T23:41:27.6338534Z       ---
verify	Test (includes calendar, Signal, Timeline, and suite truth gates)	2026-09-05T23:41:27.6338769Z       duration_ms: 1.19228
verify	Test (includes calendar, Signal, Timeline, and suite truth gates)	2026-09-05T23:41:27.6339039Z       type: 'test'
verify	Test (includes calendar, Signal, Timeline, and suite truth gates)	2026-09-05T23:41:27.6339280Z       ...
verify	Test (includes calendar, Signal, Timeline, and suite truth gates)	2026-09-05T23:41:27.6339657Z     # Subtest: catches an entitlement attached to a missing workspace
verify	Test (includes calendar, Signal, Timeline, and suite truth gates)	2026-09-05T23:41:27.6340191Z     ok 14 - catches an entitlement attached to a missing workspace
verify	Test (includes calendar, Signal, Timeline, and suite truth gates)	2026-09-05T23:41:27.6340584Z       ---
verify	Test (includes calendar, Signal, Timeline, and suite truth gates)	2026-09-05T23:41:27.6340816Z       duration_ms: 1.180333
verify	Test (includes calendar, Signal, Timeline, and suite truth gates)	2026-09-05T23:41:27.6341092Z       type: 'test'
verify	Test (includes calendar, Signal, Timeline, and suite truth gates)	2026-09-05T23:41:27.6341333Z       ...
verify	Test (includes calendar, Signal, Timeline, and suite truth gates)	2026-09-05T23:41:27.6341773Z     # Subtest: catches a workspace pointing at a planning period that does not exist
verify	Test (includes calendar, Signal, Timeline, and suite truth gates)	2026-09-05T23:41:27.6342451Z     ok 15 - catches a workspace pointing at a planning period that does not exist
verify	Test (includes calendar, Signal, Timeline, and suite truth gates)	2026-09-05T23:41:27.6342914Z       ---
verify	Test (includes calendar, Signal, Timeline, and suite truth gates)	2026-09-05T23:41:27.6343180Z       duration_ms: 1.154605
verify	Test (includes calendar, Signal, Timeline, and suite truth gates)	2026-09-05T23:41:27.6343449Z       type: 'test'
verify	Test (includes calendar, Signal, Timeline, and suite truth gates)	2026-09-05T23:41:27.6343685Z       ...
verify	Test (includes calendar, Signal, Timeline, and suite truth gates)	2026-09-05T23:41:27.6344042Z     # Subtest: catches a membership row naming a deleted user
verify	Test (includes calendar, Signal, Timeline, and suite truth gates)	2026-09-05T23:41:27.6344536Z     ok 16 - catches a membership row naming a deleted user
verify	Test (includes calendar, Signal, Timeline, and suite truth gates)	2026-09-05T23:41:27.6344893Z       ---
verify	Test (includes calendar, Signal, Timeline, and suite truth gates)	2026-09-05T23:41:27.6345125Z       duration_ms: 1.186281
verify	Test (includes calendar, Signal, Timeline, and suite truth gates)	2026-09-05T23:41:27.6345389Z       type: 'test'
verify	Test (includes calendar, Signal, Timeline, and suite truth gates)	2026-09-05T23:41:27.6345620Z       ...
verify	Test (includes calendar, Signal, Timeline, and suite truth gates)	2026-09-05T23:41:27.6345959Z     # Subtest: catches a published workspace with no slug
verify	Test (includes calendar, Signal, Timeline, and suite truth gates)	2026-09-05T23:41:27.6346404Z     ok 17 - catches a published workspace with no slug
verify	Test (includes calendar, Signal, Timeline, and suite truth gates)	2026-09-05T23:41:27.6346641Z       ---
verify	Test (includes calendar, Signal, Timeline, and suite truth gates)	2026-09-05T23:41:27.6346809Z       duration_ms: 2.408916
verify	Test (includes calendar, Signal, Timeline, and suite truth gates)	2026-09-05T23:41:27.6346988Z       type: 'test'
verify	Test (includes calendar, Signal, Timeline, and suite truth gates)	2026-09-05T23:41:27.6347147Z       ...
verify	Test (includes calendar, Signal, Timeline, and suite truth gates)	2026-09-05T23:41:27.6347451Z     # Subtest: warns, without failing the run, on an expired share link left unrevoked
verify	Test (includes calendar, Signal, Timeline, and suite truth gates)	2026-09-05T23:41:27.6347954Z     ok 18 - warns, without failing the run, on an expired share link left unrevoked
verify	Test (includes calendar, Signal, Timeline, and suite truth gates)	2026-09-05T23:41:27.6348985Z       ---
verify	Test (includes calendar, Signal, Timeline, and suite truth gates)	2026-09-05T23:41:27.6349226Z       duration_ms: 1.531
verify	Test (includes calendar, Signal, Timeline, and suite truth gates)	2026-09-05T23:41:27.6349546Z       type: 'test'
verify	Test (includes calendar, Signal, Timeline, and suite truth gates)	2026-09-05T23:41:27.6349767Z       ...
verify	Test (includes calendar, Signal, Timeline, and suite truth gates)	2026-09-05T23:41:27.6350112Z     # Subtest: refuses to run a check whose SQL is not a SELECT
verify	Test (includes calendar, Signal, Timeline, and suite truth gates)	2026-09-05T23:41:27.6350596Z     ok 19 - refuses to run a check whose SQL is not a SELECT
verify	Test (includes calendar, Signal, Timeline, and suite truth gates)	2026-09-05T23:41:27.6350948Z       ---
verify	Test (includes calendar, Signal, Timeline, and suite truth gates)	2026-09-05T23:41:27.6351180Z       duration_ms: 0.508772
verify	Test (includes calendar, Signal, Timeline, and suite truth gates)	2026-09-05T23:41:27.6351478Z       type: 'test'
verify	Test (includes calendar, Signal, Timeline, and suite truth gates)	2026-09-05T23:41:27.6351723Z       ...
verify	Test (includes calendar, Signal, Timeline, and suite truth gates)	2026-09-05T23:41:27.6352273Z     # Subtest: reports the accumulated damage as a failing run
verify	Test (includes calendar, Signal, Timeline, and suite truth gates)	2026-09-05T23:41:27.6352795Z     ok 20 - reports the accumulated damage as a failing run
verify	Test (includes calendar, Signal, Timeline, and suite truth gates)	2026-09-05T23:41:27.6353182Z       ---
verify	Test (includes calendar, Signal, Timeline, and suite truth gates)	2026-09-05T23:41:27.6353420Z       duration_ms: 1.251217
verify	Test (includes calendar, Signal, Timeline, and suite truth gates)	2026-09-05T23:41:27.6353722Z       type: 'test'
verify	Test (includes calendar, Signal, Timeline, and suite truth gates)	2026-09-05T23:41:27.6353975Z       ...
verify	Test (includes calendar, Signal, Timeline, and suite truth gates)	2026-09-05T23:41:27.6354205Z     1..20
verify	Test (includes calendar, Signal, Timeline, and suite truth gates)	2026-09-05T23:41:27.6354484Z ok 2 - data-integrity checks
verify	Test (includes calendar, Signal, Timeline, and suite truth gates)	2026-09-05T23:41:27.6354773Z   ---
verify	Test (includes calendar, Signal, Timeline, and suite truth gates)	2026-09-05T23:41:27.6355186Z   duration_ms: 209.85571
verify	Test (includes calendar, Signal, Timeline, and suite truth gates)	2026-09-05T23:41:27.6355471Z   type: 'suite'
verify	Test (includes calendar, Signal, Timeline, and suite truth gates)	2026-09-05T23:41:27.6355736Z   ...
verify	Test (includes calendar, Signal, Timeline, and suite truth gates)	2026-09-05T23:41:27.6356089Z # Subtest: 0024 splits into its three statements
verify	Test (includes calendar, Signal, Timeline, and suite truth gates)	2026-09-05T23:41:27.6356553Z ok 3 - 0024 splits into its three statements
verify	Test (includes calendar, Signal, Timeline, and suite truth gates)	2026-09-05T23:41:27.6356909Z   ---
verify	Test (includes calendar, Signal, Timeline, and suite truth gates)	2026-09-05T23:41:27.6357154Z   duration_ms: 0.875493
verify	Test (includes calendar, Signal, Timeline, and suite truth gates)	2026-09-05T23:41:27.6357435Z   type: 'test'
verify	Test (includes calendar, Signal, Timeline, and suite truth gates)	2026-09-05T23:41:27.6357678Z   ...
verify	Test (includes calendar, Signal, Timeline, and suite truth gates)	2026-09-05T23:41:27.6358189Z # Subtest: 0024 moves waiting rows and seeds or amends configs, with data present
verify	Test (includes calendar, Signal, Timeline, and suite truth gates)	2026-09-05T23:41:27.6359281Z ok 4 - 0024 moves waiting rows and seeds or amends configs, with data present
verify	Test (includes calendar, Signal, Timeline, and suite truth gates)	2026-09-05T23:41:27.6359747Z   ---
verify	Test (includes calendar, Signal, Timeline, and suite truth gates)	2026-09-05T23:41:27.6360002Z   duration_ms: 3.903574
verify	Test (includes calendar, Signal, Timeline, and suite truth gates)	2026-09-05T23:41:27.6360279Z   type: 'test'
verify	Test (includes calendar, Signal, Timeline, and suite truth gates)	2026-09-05T23:41:27.6360521Z   ...
verify	Test (includes calendar, Signal, Timeline, and suite truth gates)	2026-09-05T23:41:27.6361026Z # Subtest: 0025 adds completed_at and backfills only provable done transitions
verify	Test (includes calendar, Signal, Timeline, and suite truth gates)	2026-09-05T23:41:27.6361741Z ok 5 - 0025 adds completed_at and backfills only provable done transitions
verify	Test (includes calendar, Signal, Timeline, and suite truth gates)	2026-09-05T23:41:27.6362196Z   ---
verify	Test (includes calendar, Signal, Timeline, and suite truth gates)	2026-09-05T23:41:27.6362445Z   duration_ms: 1.047617
verify	Test (includes calendar, Signal, Timeline, and suite truth gates)	2026-09-05T23:41:27.6362715Z   type: 'test'
verify	Test (includes calendar, Signal, Timeline, and suite truth gates)	2026-09-05T23:41:27.6362955Z   ...
verify	Test (includes calendar, Signal, Timeline, and suite truth gates)	2026-09-05T23:41:27.6363444Z # Subtest: every wired kind belongs to its product in the frozen contract
verify	Test (includes calendar, Signal, Timeline, and suite truth gates)	2026-09-05T23:41:27.6364110Z ok 6 - every wired kind belongs to its product in the frozen contract
verify	Test (includes calendar, Signal, Timeline, and suite truth gates)	2026-09-05T23:41:27.6364534Z   ---
verify	Test (includes calendar, Signal, Timeline, and suite truth gates)	2026-09-05T23:41:27.6364787Z   duration_ms: 1.098462
verify	Test (includes calendar, Signal, Timeline, and suite truth gates)	2026-09-05T23:41:27.6365061Z   type: 'test'
verify	Test (includes calendar, Signal, Timeline, and suite truth gates)	2026-09-05T23:41:27.6365311Z   ...
verify	Test (includes calendar, Signal, Timeline, and suite truth gates)	2026-09-05T23:41:27.6365804Z # Subtest: the subject handed to the emitter is the Clerk id, per the contract
verify	Test (includes calendar, Signal, Timeline, and suite truth gates)	2026-09-05T23:41:27.6366514Z ok 7 - the subject handed to the emitter is the Clerk id, per the contract
verify	Test (includes calendar, Signal, Timeline, and suite truth gates)	2026-09-05T23:41:27.6366958Z   ---
verify	Test (includes calendar, Signal, Timeline, and suite truth gates)	2026-09-05T23:41:27.6367197Z   duration_ms: 0.245983
verify	Test (includes calendar, Signal, Timeline, and suite truth gates)	2026-09-05T23:41:27.6367476Z   type: 'test'
verify	Test (includes calendar, Signal, Timeline, and suite truth gates)	2026-09-05T23:41:27.6367712Z   ...
verify	Test (includes calendar, Signal, Timeline, and suite truth gates)	2026-09-05T23:41:27.6368161Z # Subtest: Notes emits only on a real insert, not on the replay reconcile
verify	Test (includes calendar, Signal, Timeline, and suite truth gates)	2026-09-05T23:41:27.6368955Z ok 8 - Notes emits only on a real insert, not on the replay reconcile
verify	Test (includes calendar, Signal, Timeline, and suite truth gates)	2026-09-05T23:41:27.6369385Z   ---
verify	Test (includes calendar, Signal, Timeline, and suite truth gates)	2026-09-05T23:41:27.6369617Z   duration_ms: 0.292462
verify	Test (includes calendar, Signal, Timeline, and suite truth gates)	2026-09-05T23:41:27.6369897Z   type: 'test'
verify	Test (includes calendar, Signal, Timeline, and suite truth gates)	2026-09-05T23:41:27.6370132Z   ...
verify	Test (includes calendar, Signal, Timeline, and suite truth gates)	2026-09-05T23:41:27.6370583Z # Subtest: Notes emits the edit only after the compare-and-swap succeeded
verify	Test (includes calendar, Signal, Timeline, and suite truth gates)	2026-09-05T23:41:27.6371223Z ok 9 - Notes emits the edit only after the compare-and-swap succeeded
verify	Test (includes calendar, Signal, Timeline, and suite truth gates)	2026-09-05T23:41:27.6371649Z   ---
verify	Test (includes calendar, Signal, Timeline, and suite truth gates)	2026-09-05T23:41:27.6371884Z   duration_ms: 0.153858
verify	Test (includes calendar, Signal, Timeline, and suite truth gates)	2026-09-05T23:41:27.6372158Z   type: 'test'
verify	Test (includes calendar, Signal, Timeline, and suite truth gates)	2026-09-05T23:41:27.6372406Z   ...
verify	Test (includes calendar, Signal, Timeline, and suite truth gates)	2026-09-05T23:41:27.6372773Z # Subtest: task completion is classified, never assumed
verify	Test (includes calendar, Signal, Timeline, and suite truth gates)	2026-09-05T23:41:27.6373308Z ok 10 - task completion is classified, never assumed
verify	Test (includes calendar, Signal, Timeline, and suite truth gates)	2026-09-05T23:41:27.6373676Z   ---
verify	Test (includes calendar, Signal, Timeline, and suite truth gates)	2026-09-05T23:41:27.6373912Z   duration_ms: 0.197953
verify	Test (includes calendar, Signal, Timeline, and suite truth gates)	2026-09-05T23:41:27.6374178Z   type: 'test'
verify	Test (includes calendar, Signal, Timeline, and suite truth gates)	2026-09-05T23:41:27.6374408Z   ...
verify	Test (includes calendar, Signal, Timeline, and suite truth gates)	2026-09-05T23:41:27.6374921Z # Subtest: the update path diffs against a pre-read rather than trusting the patch
verify	Test (includes calendar, Signal, Timeline, and suite truth gates)	2026-09-05T23:41:27.6375670Z ok 11 - the update path diffs against a pre-read rather than trusting the patch
verify	Test (includes calendar, Signal, Timeline, and suite truth gates)	2026-09-05T23:41:27.6376132Z   ---
verify	Test (includes calendar, Signal, Timeline, and suite truth gates)	2026-09-05T23:41:27.6376378Z   duration_ms: 0.151624
verify	Test (includes calendar, Signal, Timeline, and suite truth gates)	2026-09-05T23:41:27.6376643Z   type: 'test'
verify	Test (includes calendar, Signal, Timeline, and suite truth gates)	2026-09-05T23:41:27.6376876Z   ...
verify	Test (includes calendar, Signal, Timeline, and suite truth gates)	2026-09-05T23:41:27.6377441Z # Subtest: the six write paths that needed a subject resolve one without a serial round-trip
verify	Test (includes calendar, Signal, Timeline, and suite truth gates)	2026-09-05T23:41:27.6378640Z ok 12 - the six write paths that needed a subject resolve one without a serial round-trip
verify	Test (includes calendar, Signal, Timeline, and suite truth gates)	2026-09-05T23:41:27.6379429Z   ---
verify	Test (includes calendar, Signal, Timeline, and suite truth gates)	2026-09-05T23:41:27.6379679Z   duration_ms: 0.269618
verify	Test (includes calendar, Signal, Timeline, and suite truth gates)	2026-09-05T23:41:27.6379967Z   type: 'test'
verify	Test (includes calendar, Signal, Timeline, and suite truth gates)	2026-09-05T23:41:27.6380218Z   ...
verify	Test (includes calendar, Signal, Timeline, and suite truth gates)	2026-09-05T23:41:27.6380687Z # Subtest: Timeline proves a canonical workspace rather than a slug
verify	Test (includes calendar, Signal, Timeline, and suite truth gates)	2026-09-05T23:41:27.6381339Z ok 13 - Timeline proves a canonical workspace rather than a slug
verify	Test (includes calendar, Signal, Timeline, and suite truth gates)	2026-09-05T23:41:27.6381778Z   ---
verify	Test (includes calendar, Signal, Timeline, and suite truth gates)	2026-09-05T23:41:27.6382043Z   duration_ms: 0.185894
verify	Test (includes calendar, Signal, Timeline, and suite truth gates)	2026-09-05T23:41:27.6382500Z   type: 'test'
verify	Test (includes calendar, Signal, Timeline, and suite truth gates)	2026-09-05T23:41:27.6382753Z   ...
verify	Test (includes calendar, Signal, Timeline, and suite truth gates)	2026-09-05T23:41:27.6383154Z # Subtest: the emit helper cannot throw into a write path
verify	Test (includes calendar, Signal, Timeline, and suite truth gates)	2026-09-05T23:41:27.6383686Z ok 14 - the emit helper cannot throw into a write path
verify	Test (includes calendar, Signal, Timeline, and suite truth gates)	2026-09-05T23:41:27.6384060Z   ---
verify	Test (includes calendar, Signal, Timeline, and suite truth gates)	2026-09-05T23:41:27.6384298Z   duration_ms: 0.316717
verify	Test (includes calendar, Signal, Timeline, and suite truth gates)	2026-09-05T23:41:27.6384580Z   type: 'test'
verify	Test (includes calendar, Signal, Timeline, and suite truth gates)	2026-09-05T23:41:27.6384823Z   ...
verify	Test (includes calendar, Signal, Timeline, and suite truth gates)	2026-09-05T23:41:27.6385358Z # Subtest: the event id is bucketed by venue-local day, which is what makes autosave safe
verify	Test (includes calendar, Signal, Timeline, and suite truth gates)	2026-09-05T23:41:27.6386164Z ok 15 - the event id is bucketed by venue-local day, which is what makes autosave safe
verify	Test (includes calendar, Signal, Timeline, and suite truth gates)	2026-09-05T23:41:27.6386646Z   ---
verify	Test (includes calendar, Signal, Timeline, and suite truth gates)	2026-09-05T23:41:27.6386889Z   duration_ms: 1.09736
verify	Test (includes calendar, Signal, Timeline, and suite truth gates)	2026-09-05T23:41:27.6387164Z   type: 'test'
verify	Test (includes calendar, Signal, Timeline, and suite truth gates)	2026-09-05T23:41:27.6387403Z   ...
verify	Test (includes calendar, Signal, Timeline, and suite truth gates)	2026-09-05T23:41:27.6387838Z # Subtest: no raw identifier is placed on the event by a call site
verify	Test (includes calendar, Signal, Timeline, and suite truth gates)	2026-09-05T23:41:27.6388754Z ok 16 - no raw identifier is placed on the event by a call site
verify	Test (includes calendar, Signal, Timeline, and suite truth gates)	2026-09-05T23:41:27.6389172Z   ---
verify	Test (includes calendar, Signal, Timeline, and suite truth gates)	2026-09-05T23:41:27.6389413Z   duration_ms: 0.185013
verify	Test (includes calendar, Signal, Timeline, and suite truth gates)	2026-09-05T23:41:27.6389683Z   type: 'test'
verify	Test (includes calendar, Signal, Timeline, and suite truth gates)	2026-09-05T23:41:27.6389915Z   ...
verify	Test (includes calendar, Signal, Timeline, and suite truth gates)	2026-09-05T23:41:27.6390371Z # Subtest: the transport is one file, so landing ingest touches no call site
verify	Test (includes calendar, Signal, Timeline, and suite truth gates)	2026-09-05T23:41:27.6391028Z ok 17 - the transport is one file, so landing ingest touches no call site
verify	Test (includes calendar, Signal, Timeline, and suite truth gates)	2026-09-05T23:41:27.6391469Z   ---
verify	Test (includes calendar, Signal, Timeline, and suite truth gates)	2026-09-05T23:41:27.6391708Z   duration_ms: 0.114328
verify	Test (includes calendar, Signal, Timeline, and suite truth gates)	2026-09-05T23:41:27.6391986Z   type: 'test'
verify	Test (includes calendar, Signal, Timeline, and suite truth gates)	2026-09-05T23:41:27.6392237Z   ...
verify	Test (includes calendar, Signal, Timeline, and suite truth gates)	2026-09-05T23:41:27.6392653Z # Subtest: the flag and retention match the frozen contract
verify	Test (includes calendar, Signal, Timeline, and suite truth gates)	2026-09-05T23:41:27.6393204Z ok 18 - the flag and retention match the frozen contract
verify	Test (includes calendar, Signal, Timeline, and suite truth gates)	2026-09-05T23:41:27.6393593Z   ---
verify	Test (includes calendar, Signal, Timeline, and suite truth gates)	2026-09-05T23:41:27.6393847Z   duration_ms: 0.10853
verify	Test (includes calendar, Signal, Timeline, and suite truth gates)	2026-09-05T23:41:27.6394123Z   type: 'test'
verify	Test (includes calendar, Signal, Timeline, and suite truth gates)	2026-09-05T23:41:27.6394364Z   ...
verify	Test (includes calendar, Signal, Timeline, and suite truth gates)	2026-09-05T23:41:27.6394840Z # Subtest: Signal measures a deliberate gesture, not an automatic landing
verify	Test (includes calendar, Signal, Timeline, and suite truth gates)	2026-09-05T23:41:27.6395532Z ok 19 - Signal measures a deliberate gesture, not an automatic landing
verify	Test (includes calendar, Signal, Timeline, and suite truth gates)	2026-09-05T23:41:27.6395983Z   ---
verify	Test (includes calendar, Signal, Timeline, and suite truth gates)	2026-09-05T23:41:27.6396234Z   duration_ms: 0.169561
verify	Test (includes calendar, Signal, Timeline, and suite truth gates)	2026-09-05T23:41:27.6396517Z   type: 'test'
verify	Test (includes calendar, Signal, Timeline, and suite truth gates)	2026-09-05T23:41:27.6396765Z   ...
verify	Test (includes calendar, Signal, Timeline, and suite truth gates)	2026-09-05T23:41:27.6397221Z # Subtest: demo and review sessions are excluded from Signal attribution
verify	Test (includes calendar, Signal, Timeline, and suite truth gates)	2026-09-05T23:41:27.6397897Z ok 20 - demo and review sessions are excluded from Signal attribution
verify	Test (includes calendar, Signal, Timeline, and suite truth gates)	2026-09-05T23:41:27.6398569Z   ---
verify	Test (includes calendar, Signal, Timeline, and suite truth gates)	2026-09-05T23:41:27.6398823Z   duration_ms: 0.078095
verify	Test (includes calendar, Signal, Timeline, and suite truth gates)	2026-09-05T23:41:27.6399091Z   type: 'test'
verify	Test (includes calendar, Signal, Timeline, and suite truth gates)	2026-09-05T23:41:27.6399320Z   ...
verify	Test (includes calendar, Signal, Timeline, and suite truth gates)	2026-09-05T23:41:27.6399790Z # Subtest: acknowledgement stays unmapped, and the contract says exactly why
verify	Test (includes calendar, Signal, Timeline, and suite truth gates)	2026-09-05T23:41:27.6400471Z ok 21 - acknowledgement stays unmapped, and the contract says exactly why
verify	Test (includes calendar, Signal, Timeline, and suite truth gates)	2026-09-05T23:41:27.6400885Z   ---
verify	Test (includes calendar, Signal, Timeline, and suite truth gates)	2026-09-05T23:41:27.6401159Z   duration_ms: 0.062211
verify	Test (includes calendar, Signal, Timeline, and suite truth gates)	2026-09-05T23:41:27.6401464Z   type: 'test'
verify	Test (includes calendar, Signal, Timeline, and suite truth gates)	2026-09-05T23:41:27.6401700Z   ...
verify	Test (includes calendar, Signal, Timeline, and suite truth gates)	2026-09-05T23:41:27.6402011Z # Subtest: operational-log contract
verify	Test (includes calendar, Signal, Timeline, and suite truth gates)	2026-09-05T23:41:27.6402482Z     # Subtest: finds server-scope logging sites at all
verify	Test (includes calendar, Signal, Timeline, and suite truth gates)	2026-09-05T23:41:27.6402954Z     ok 1 - finds server-scope logging sites at all
verify	Test (includes calendar, Signal, Timeline, and suite truth gates)	2026-09-05T23:41:27.6403349Z       ---
verify	Test (includes calendar, Signal, Timeline, and suite truth gates)	2026-09-05T23:41:27.6403584Z       duration_ms: 23.63052
verify	Test (includes calendar, Signal, Timeline, and suite truth gates)	2026-09-05T23:41:27.6403888Z       type: 'test'
verify	Test (includes calendar, Signal, Timeline, and suite truth gates)	2026-09-05T23:41:27.6404155Z       ...
verify	Test (includes calendar, Signal, Timeline, and suite truth gates)	2026-09-05T23:41:27.6404613Z     # Subtest: records every server-scope file that logs (RULE 1: the ratchet)
verify	Test (includes calendar, Signal, Timeline, and suite truth gates)	2026-09-05T23:41:27.6405284Z     ok 2 - records every server-scope file that logs (RULE 1: the ratchet)
verify	Test (includes calendar, Signal, Timeline, and suite truth gates)	2026-09-05T23:41:27.6405937Z       ---
verify	Test (includes calendar, Signal, Timeline, and suite truth gates)	2026-09-05T23:41:27.6406199Z       duration_ms: 19.313316
verify	Test (includes calendar, Signal, Timeline, and suite truth gates)	2026-09-05T23:41:27.6406532Z       type: 'test'
verify	Test (includes calendar, Signal, Timeline, and suite truth gates)	2026-09-05T23:41:27.6406772Z       ...
verify	Test (includes calendar, Signal, Timeline, and suite truth gates)	2026-09-05T23:41:27.6407236Z     # Subtest: refuses a log line that carries content or a credential (RULE 2)
verify	Test (includes calendar, Signal, Timeline, and suite truth gates)	2026-09-05T23:41:27.6407955Z     ok 3 - refuses a log line that carries content or a credential (RULE 2)
verify	Test (includes calendar, Signal, Timeline, and suite truth gates)	2026-09-05T23:41:27.6408560Z       ---
verify	Test (includes calendar, Signal, Timeline, and suite truth gates)	2026-09-05T23:41:27.6408840Z       duration_ms: 16.402999
verify	Test (includes calendar, Signal, Timeline, and suite truth gates)	2026-09-05T23:41:27.6409364Z       type: 'test'
verify	Test (includes calendar, Signal, Timeline, and suite truth gates)	2026-09-05T23:41:27.6409632Z       ...
verify	Test (includes calendar, Signal, Timeline, and suite truth gates)	2026-09-05T23:41:27.6410031Z     # Subtest: RULE 2 fires on the lines it is meant to fire on
verify	Test (includes calendar, Signal, Timeline, and suite truth gates)	2026-09-05T23:41:27.6410562Z     ok 4 - RULE 2 fires on the lines it is meant to fire on
verify	Test (includes calendar, Signal, Timeline, and suite truth gates)	2026-09-05T23:41:27.6410978Z       ---
verify	Test (includes calendar, Signal, Timeline, and suite truth gates)	2026-09-05T23:41:27.6411240Z       duration_ms: 0.211021
verify	Test (includes calendar, Signal, Timeline, and suite truth gates)	2026-09-05T23:41:27.6411572Z       type: 'test'
verify	Test (includes calendar, Signal, Timeline, and suite truth gates)	2026-09-05T23:41:27.6411839Z       ...
verify	Test (includes calendar, Signal, Timeline, and suite truth gates)	2026-09-05T23:41:27.6412269Z     # Subtest: a waiver only exempts a site when it is actually written down
verify	Test (includes calendar, Signal, Timeline, and suite truth gates)	2026-09-05T23:41:27.6412928Z     ok 5 - a waiver only exempts a site when it is actually written down
verify	Test (includes calendar, Signal, Timeline, and suite truth gates)	2026-09-05T23:41:27.6413384Z       ---
verify	Test (includes calendar, Signal, Timeline, and suite truth gates)	2026-09-05T23:41:27.6413640Z       duration_ms: 0.15535
verify	Test (includes calendar, Signal, Timeline, and suite truth gates)	2026-09-05T23:41:27.6413939Z       type: 'test'
verify	Test (includes calendar, Signal, Timeline, and suite truth gates)	2026-09-05T23:41:27.6414213Z       ...
verify	Test (includes calendar, Signal, Timeline, and suite truth gates)	2026-09-05T23:41:27.6414672Z     # Subtest: the ratchet is a ratchet: a count below the record is fine, above is not
verify	Test (includes calendar, Signal, Timeline, and suite truth gates)	2026-09-05T23:41:27.6415379Z     ok 6 - the ratchet is a ratchet: a count below the record is fine, above is not
verify	Test (includes calendar, Signal, Timeline, and suite truth gates)	2026-09-05T23:41:27.6415858Z       ---
verify	Test (includes calendar, Signal, Timeline, and suite truth gates)	2026-09-05T23:41:27.6416122Z       duration_ms: 0.198904
verify	Test (includes calendar, Signal, Timeline, and suite truth gates)	2026-09-05T23:41:27.6416431Z       type: 'test'
verify	Test (includes calendar, Signal, Timeline, and suite truth gates)	2026-09-05T23:41:27.6416669Z       ...
verify	Test (includes calendar, Signal, Timeline, and suite truth gates)	2026-09-05T23:41:27.6417033Z     # Subtest: the sanctioned sink exists and is the only exempt file
verify	Test (includes calendar, Signal, Timeline, and suite truth gates)	2026-09-05T23:41:27.6417577Z     ok 7 - the sanctioned sink exists and is the only exempt file
verify	Test (includes calendar, Signal, Timeline, and suite truth gates)	2026-09-05T23:41:27.6417968Z       ---
verify	Test (includes calendar, Signal, Timeline, and suite truth gates)	2026-09-05T23:41:27.6418204Z       duration_ms: 0.30484
verify	Test (includes calendar, Signal, Timeline, and suite truth gates)	2026-09-05T23:41:27.6418641Z       type: 'test'
verify	Test (includes calendar, Signal, Timeline, and suite truth gates)	2026-09-05T23:41:27.6418916Z       ...
verify	Test (includes calendar, Signal, Timeline, and suite truth gates)	2026-09-05T23:41:27.6419376Z     # Subtest: the audit log and the operational log are documented as different things
verify	Test (includes calendar, Signal, Timeline, and suite truth gates)	2026-09-05T23:41:27.6419900Z     ok 8 - the audit log and the operational log are documented as different things
verify	Test (includes calendar, Signal, Timeline, and suite truth gates)	2026-09-05T23:41:27.6420232Z       ---
verify	Test (includes calendar, Signal, Timeline, and suite truth gates)	2026-09-05T23:41:27.6420396Z       duration_ms: 0.212584
verify	Test (includes calendar, Signal, Timeline, and suite truth gates)	2026-09-05T23:41:27.6420585Z       type: 'test'
verify	Test (includes calendar, Signal, Timeline, and suite truth gates)	2026-09-05T23:41:27.6420759Z       ...
verify	Test (includes calendar, Signal, Timeline, and suite truth gates)	2026-09-05T23:41:27.6420916Z     1..8
verify	Test (includes calendar, Signal, Timeline, and suite truth gates)	2026-09-05T23:41:27.6421116Z ok 22 - operational-log contract
verify	Test (includes calendar, Signal, Timeline, and suite truth gates)	2026-09-05T23:41:27.6421314Z   ---
verify	Test (includes calendar, Signal, Timeline, and suite truth gates)	2026-09-05T23:41:27.6421474Z   duration_ms: 61.561045
verify	Test (includes calendar, Signal, Timeline, and suite truth gates)	2026-09-05T23:41:27.6421668Z   type: 'suite'
verify	Test (includes calendar, Signal, Timeline, and suite truth gates)	2026-09-05T23:41:27.6421832Z   ...
verify	Test (includes calendar, Signal, Timeline, and suite truth gates)	2026-09-05T23:41:27.6421976Z 1..22
verify	Test (includes calendar, Signal, Timeline, and suite truth gates)	2026-09-05T23:41:27.6422168Z # tests 54
verify	Test (includes calendar, Signal, Timeline, and suite truth gates)	2026-09-05T23:41:27.6422325Z # suites 3
verify	Test (includes calendar, Signal, Timeline, and suite truth gates)	2026-09-05T23:41:27.6422475Z # pass 54
verify	Test (includes calendar, Signal, Timeline, and suite truth gates)	2026-09-05T23:41:27.6422622Z # fail 0
verify	Test (includes calendar, Signal, Timeline, and suite truth gates)	2026-09-05T23:41:27.6422783Z # cancelled 0
verify	Test (includes calendar, Signal, Timeline, and suite truth gates)	2026-09-05T23:41:27.6422948Z # skipped 0
verify	Test (includes calendar, Signal, Timeline, and suite truth gates)	2026-09-05T23:41:27.6423100Z # todo 0
verify	Test (includes calendar, Signal, Timeline, and suite truth gates)	2026-09-05T23:41:27.6423273Z # duration_ms 466.343892
verify	Test (includes calendar, Signal, Timeline, and suite truth gates)	2026-09-05T23:41:27.8304358Z [module-boundaries] ok
verify	Test (includes calendar, Signal, Timeline, and suite truth gates)	2026-09-05T23:41:27.8693622Z TAP version 13
verify	Test (includes calendar, Signal, Timeline, and suite truth gates)	2026-09-05T23:41:27.9009671Z # Subtest: the response carries four aggregate numbers and nothing else
verify	Test (includes calendar, Signal, Timeline, and suite truth gates)	2026-09-05T23:41:27.9029217Z ok 1 - the response carries four aggregate numbers and nothing else
verify	Test (includes calendar, Signal, Timeline, and suite truth gates)	2026-09-05T23:41:27.9039004Z   ---
verify	Test (includes calendar, Signal, Timeline, and suite truth gates)	2026-09-05T23:41:27.9039535Z   duration_ms: 0.855673
verify	Test (includes calendar, Signal, Timeline, and suite truth gates)	2026-09-05T23:41:27.9040046Z   type: 'test'
verify	Test (includes calendar, Signal, Timeline, and suite truth gates)	2026-09-05T23:41:27.9040454Z   ...
verify	Test (includes calendar, Signal, Timeline, and suite truth gates)	2026-09-05T23:41:27.9041132Z # Subtest: the entitlements read projects two timestamps and no identity column
verify	Test (includes calendar, Signal, Timeline, and suite truth gates)	2026-09-05T23:41:27.9042101Z ok 2 - the entitlements read projects two timestamps and no identity column
verify	Test (includes calendar, Signal, Timeline, and suite truth gates)	2026-09-05T23:41:27.9042737Z   ---
verify	Test (includes calendar, Signal, Timeline, and suite truth gates)	2026-09-05T23:41:27.9043138Z   duration_ms: 0.197011
verify	Test (includes calendar, Signal, Timeline, and suite truth gates)	2026-09-05T23:41:27.9043584Z   type: 'test'
verify	Test (includes calendar, Signal, Timeline, and suite truth gates)	2026-09-05T23:41:27.9043978Z   ...
verify	Test (includes calendar, Signal, Timeline, and suite truth gates)	2026-09-05T23:41:27.9044564Z # Subtest: no couple-content table is reachable from this route
verify	Test (includes calendar, Signal, Timeline, and suite truth gates)	2026-09-05T23:41:27.9045830Z ok 3 - no couple-content table is reachable from this route
verify	Test (includes calendar, Signal, Timeline, and suite truth gates)	2026-09-05T23:41:27.9046408Z   ---
verify	Test (includes calendar, Signal, Timeline, and suite truth gates)	2026-09-05T23:41:27.9046812Z   duration_ms: 0.823555
verify	Test (includes calendar, Signal, Timeline, and suite truth gates)	2026-09-05T23:41:27.9047265Z   type: 'test'
verify	Test (includes calendar, Signal, Timeline, and suite truth gates)	2026-09-05T23:41:27.9047660Z   ...
verify	Test (includes calendar, Signal, Timeline, and suite truth gates)	2026-09-05T23:41:27.9048441Z # Subtest: authorisation fails closed when the shared secret is unset
verify	Test (includes calendar, Signal, Timeline, and suite truth gates)	2026-09-05T23:41:27.9049302Z ok 4 - authorisation fails closed when the shared secret is unset
verify	Test (includes calendar, Signal, Timeline, and suite truth gates)	2026-09-05T23:41:27.9050156Z   ---
verify	Test (includes calendar, Signal, Timeline, and suite truth gates)	2026-09-05T23:41:27.9050563Z   duration_ms: 0.132896
verify	Test (includes calendar, Signal, Timeline, and suite truth gates)	2026-09-05T23:41:27.9051007Z   type: 'test'
verify	Test (includes calendar, Signal, Timeline, and suite truth gates)	2026-09-05T23:41:27.9051408Z   ...
verify	Test (includes calendar, Signal, Timeline, and suite truth gates)	2026-09-05T23:41:27.9052171Z # Subtest: the sponsor scope is derived from this sponsor's own codes, never from the caller
verify	Test (includes calendar, Signal, Timeline, and suite truth gates)	2026-09-05T23:41:27.9053203Z ok 5 - the sponsor scope is derived from this sponsor's own codes, never from the caller
verify	Test (includes calendar, Signal, Timeline, and suite truth gates)	2026-09-05T23:41:27.9053883Z   ---
verify	Test (includes calendar, Signal, Timeline, and suite truth gates)	2026-09-05T23:41:27.9054286Z   duration_ms: 0.117333
verify	Test (includes calendar, Signal, Timeline, and suite truth gates)	2026-09-05T23:41:27.9054704Z   type: 'test'
verify	Test (includes calendar, Signal, Timeline, and suite truth gates)	2026-09-05T23:41:27.9055121Z   ...
verify	Test (includes calendar, Signal, Timeline, and suite truth gates)	2026-09-05T23:41:27.9055814Z # Subtest: the missing small-cell floor is acknowledged in the route, not forgotten
verify	Test (includes calendar, Signal, Timeline, and suite truth gates)	2026-09-05T23:41:27.9056780Z ok 6 - the missing small-cell floor is acknowledged in the route, not forgotten
verify	Test (includes calendar, Signal, Timeline, and suite truth gates)	2026-09-05T23:41:27.9057438Z   ---
verify	Test (includes calendar, Signal, Timeline, and suite truth gates)	2026-09-05T23:41:27.9057856Z   duration_ms: 0.118755
verify	Test (includes calendar, Signal, Timeline, and suite truth gates)	2026-09-05T23:41:27.9058459Z   type: 'test'
verify	Test (includes calendar, Signal, Timeline, and suite truth gates)	2026-09-05T23:41:27.9058855Z   ...
verify	Test (includes calendar, Signal, Timeline, and suite truth gates)	2026-09-05T23:41:27.9118989Z # Subtest: an unscoped read of a governed table is a violation
verify	Test (includes calendar, Signal, Timeline, and suite truth gates)	2026-09-05T23:41:27.9119553Z ok 7 - an unscoped read of a governed table is a violation
verify	Test (includes calendar, Signal, Timeline, and suite truth gates)	2026-09-05T23:41:27.9119947Z   ---
verify	Test (includes calendar, Signal, Timeline, and suite truth gates)	2026-09-05T23:41:27.9120179Z   duration_ms: 1.294701
verify	Test (includes calendar, Signal, Timeline, and suite truth gates)	2026-09-05T23:41:27.9120472Z   type: 'test'
verify	Test (includes calendar, Signal, Timeline, and suite truth gates)	2026-09-05T23:41:27.9120781Z   ...
verify	Test (includes calendar, Signal, Timeline, and suite truth gates)	2026-09-05T23:41:27.9121109Z # Subtest: a join ON clause is not a tenant predicate
verify	Test (includes calendar, Signal, Timeline, and suite truth gates)	2026-09-05T23:41:27.9128764Z ok 8 - a join ON clause is not a tenant predicate
verify	Test (includes calendar, Signal, Timeline, and suite truth gates)	2026-09-05T23:41:27.9129159Z   ---
verify	Test (includes calendar, Signal, Timeline, and suite truth gates)	2026-09-05T23:41:27.9129401Z   duration_ms: 0.185564
verify	Test (includes calendar, Signal, Timeline, and suite truth gates)	2026-09-05T23:41:27.9129686Z   type: 'test'
verify	Test (includes calendar, Signal, Timeline, and suite truth gates)	2026-09-05T23:41:27.9129921Z   ...
verify	Test (includes calendar, Signal, Timeline, and suite truth gates)	2026-09-05T23:41:27.9130265Z # Subtest: scope in the projection does not count
verify	Test (includes calendar, Signal, Timeline, and suite truth gates)	2026-09-05T23:41:27.9130731Z ok 9 - scope in the projection does not count
verify	Test (includes calendar, Signal, Timeline, and suite truth gates)	2026-09-05T23:41:27.9131080Z   ---
verify	Test (includes calendar, Signal, Timeline, and suite truth gates)	2026-09-05T23:41:27.9131313Z   duration_ms: 0.196209
verify	Test (includes calendar, Signal, Timeline, and suite truth gates)	2026-09-05T23:41:27.9131577Z   type: 'test'
verify	Test (includes calendar, Signal, Timeline, and suite truth gates)	2026-09-05T23:41:27.9131812Z   ...
verify	Test (includes calendar, Signal, Timeline, and suite truth gates)	2026-09-05T23:41:27.9132212Z # Subtest: a weak token outside the predicate does not count
verify	Test (includes calendar, Signal, Timeline, and suite truth gates)	2026-09-05T23:41:27.9132763Z ok 10 - a weak token outside the predicate does not count
verify	Test (includes calendar, Signal, Timeline, and suite truth gates)	2026-09-05T23:41:27.9133138Z   ---
verify	Test (includes calendar, Signal, Timeline, and suite truth gates)	2026-09-05T23:41:27.9133376Z   duration_ms: 0.118945
verify	Test (includes calendar, Signal, Timeline, and suite truth gates)	2026-09-05T23:41:27.9133640Z   type: 'test'
verify	Test (includes calendar, Signal, Timeline, and suite truth gates)	2026-09-05T23:41:27.9133868Z   ...
verify	Test (includes calendar, Signal, Timeline, and suite truth gates)	2026-09-05T23:41:27.9134324Z # Subtest: a workspace predicate is accepted, and the evidence is named
verify	Test (includes calendar, Signal, Timeline, and suite truth gates)	2026-09-05T23:41:27.9134970Z ok 11 - a workspace predicate is accepted, and the evidence is named
verify	Test (includes calendar, Signal, Timeline, and suite truth gates)	2026-09-05T23:41:27.9135383Z   ---
verify	Test (includes calendar, Signal, Timeline, and suite truth gates)	2026-09-05T23:41:27.9135616Z   duration_ms: 0.11509
verify	Test (includes calendar, Signal, Timeline, and suite truth gates)	2026-09-05T23:41:27.9135886Z   type: 'test'
verify	Test (includes calendar, Signal, Timeline, and suite truth gates)	2026-09-05T23:41:27.9136116Z   ...
verify	Test (includes calendar, Signal, Timeline, and suite truth gates)	2026-09-05T23:41:27.9136456Z # Subtest: a strong token inside a join is accepted
verify	Test (includes calendar, Signal, Timeline, and suite truth gates)	2026-09-05T23:41:27.9136922Z ok 12 - a strong token inside a join is accepted
verify	Test (includes calendar, Signal, Timeline, and suite truth gates)	2026-09-05T23:41:27.9137265Z   ---
verify	Test (includes calendar, Signal, Timeline, and suite truth gates)	2026-09-05T23:41:27.9137499Z   duration_ms: 0.114589
verify	Test (includes calendar, Signal, Timeline, and suite truth gates)	2026-09-05T23:41:27.9137760Z   type: 'test'
verify	Test (includes calendar, Signal, Timeline, and suite truth gates)	2026-09-05T23:41:27.9137985Z   ...
verify	Test (includes calendar, Signal, Timeline, and suite truth gates)	2026-09-05T23:41:27.9139369Z # Subtest: a strong token inside a LEFT join is not accepted
verify	Test (includes calendar, Signal, Timeline, and suite truth gates)	2026-09-05T23:41:27.9139920Z ok 13 - a strong token inside a LEFT join is not accepted
verify	Test (includes calendar, Signal, Timeline, and suite truth gates)	2026-09-05T23:41:27.9140283Z   ---
verify	Test (includes calendar, Signal, Timeline, and suite truth gates)	2026-09-05T23:41:27.9140511Z   duration_ms: 0.216579
verify	Test (includes calendar, Signal, Timeline, and suite truth gates)	2026-09-05T23:41:27.9140779Z   type: 'test'
verify	Test (includes calendar, Signal, Timeline, and suite truth gates)	2026-09-05T23:41:27.9141004Z   ...
verify	Test (includes calendar, Signal, Timeline, and suite truth gates)	2026-09-05T23:41:27.9141431Z # Subtest: a left join does not swallow the predicate that follows it
verify	Test (includes calendar, Signal, Timeline, and suite truth gates)	2026-09-05T23:41:27.9142046Z ok 14 - a left join does not swallow the predicate that follows it
verify	Test (includes calendar, Signal, Timeline, and suite truth gates)	2026-09-05T23:41:27.9142442Z   ---
verify	Test (includes calendar, Signal, Timeline, and suite truth gates)	2026-09-05T23:41:27.9142670Z   duration_ms: 0.11542
verify	Test (includes calendar, Signal, Timeline, and suite truth gates)	2026-09-05T23:41:27.9143155Z   type: 'test'
verify	Test (includes calendar, Signal, Timeline, and suite truth gates)	2026-09-05T23:41:27.9143384Z   ...
verify	Test (includes calendar, Signal, Timeline, and suite truth gates)	2026-09-05T23:41:27.9146808Z # Subtest: the by-authorized-id model is accepted inside .where
verify	Test (includes calendar, Signal, Timeline, and suite truth gates)	2026-09-05T23:41:27.9147595Z ok 15 - the by-authorized-id model is accepted inside .where
verify	Test (includes calendar, Signal, Timeline, and suite truth gates)	2026-09-05T23:41:27.9148187Z   ---
verify	Test (includes calendar, Signal, Timeline, and suite truth gates)	2026-09-05T23:41:27.9148804Z   duration_ms: 0.291149
verify	Test (includes calendar, Signal, Timeline, and suite truth gates)	2026-09-05T23:41:27.9149261Z   type: 'test'
verify	Test (includes calendar, Signal, Timeline, and suite truth gates)	2026-09-05T23:41:27.9149663Z   ...
verify	Test (includes calendar, Signal, Timeline, and suite truth gates)	2026-09-05T23:41:27.9150302Z # Subtest: a token is matched as a substring, including in an identifier
verify	Test (includes calendar, Signal, Timeline, and suite truth gates)	2026-09-05T23:41:27.9151394Z ok 16 - a token is matched as a substring, including in an identifier
verify	Test (includes calendar, Signal, Timeline, and suite truth gates)	2026-09-05T23:41:27.9151993Z   ---
verify	Test (includes calendar, Signal, Timeline, and suite truth gates)	2026-09-05T23:41:27.9152382Z   duration_ms: 0.334634
verify	Test (includes calendar, Signal, Timeline, and suite truth gates)	2026-09-05T23:41:27.9152825Z   type: 'test'
verify	Test (includes calendar, Signal, Timeline, and suite truth gates)	2026-09-05T23:41:27.9153219Z   ...
verify	Test (includes calendar, Signal, Timeline, and suite truth gates)	2026-09-05T23:41:27.9153843Z # Subtest: an explicit written waiver is honoured, and only an explicit one
verify	Test (includes calendar, Signal, Timeline, and suite truth gates)	2026-09-05T23:41:27.9158990Z ok 17 - an explicit written waiver is honoured, and only an explicit one
verify	Test (includes calendar, Signal, Timeline, and suite truth gates)	2026-09-05T23:41:27.9159646Z   ---
verify	Test (includes calendar, Signal, Timeline, and suite truth gates)	2026-09-05T23:41:27.9160069Z   duration_ms: 0.455482
verify	Test (includes calendar, Signal, Timeline, and suite truth gates)	2026-09-05T23:41:27.9160510Z   type: 'test'
verify	Test (includes calendar, Signal, Timeline, and suite truth gates)	2026-09-05T23:41:27.9160918Z   ...
verify	Test (includes calendar, Signal, Timeline, and suite truth gates)	2026-09-05T23:41:27.9161618Z # Subtest: a semicolon inside a waiver comment cannot split it from its statement
verify	Test (includes calendar, Signal, Timeline, and suite truth gates)	2026-09-05T23:41:27.9162542Z ok 18 - a semicolon inside a waiver comment cannot split it from its statement
verify	Test (includes calendar, Signal, Timeline, and suite truth gates)	2026-09-05T23:41:27.9163175Z   ---
verify	Test (includes calendar, Signal, Timeline, and suite truth gates)	2026-09-05T23:41:27.9163587Z   duration_ms: 0.770306
verify	Test (includes calendar, Signal, Timeline, and suite truth gates)	2026-09-05T23:41:27.9164035Z   type: 'test'
verify	Test (includes calendar, Signal, Timeline, and suite truth gates)	2026-09-05T23:41:27.9164436Z   ...
verify	Test (includes calendar, Signal, Timeline, and suite truth gates)	2026-09-05T23:41:27.9165079Z # Subtest: a non-read mention of a table name is not a governed read
verify	Test (includes calendar, Signal, Timeline, and suite truth gates)	2026-09-05T23:41:27.9165880Z ok 19 - a non-read mention of a table name is not a governed read
verify	Test (includes calendar, Signal, Timeline, and suite truth gates)	2026-09-05T23:41:27.9166453Z   ---
verify	Test (includes calendar, Signal, Timeline, and suite truth gates)	2026-09-05T23:41:27.9166864Z   duration_ms: 0.090694
verify	Test (includes calendar, Signal, Timeline, and suite truth gates)	2026-09-05T23:41:27.9167313Z   type: 'test'
verify	Test (includes calendar, Signal, Timeline, and suite truth gates)	2026-09-05T23:41:27.9167718Z   ...
verify	Test (includes calendar, Signal, Timeline, and suite truth gates)	2026-09-05T23:41:27.9168213Z # Subtest: an ungoverned table is not scanned
verify	Test (includes calendar, Signal, Timeline, and suite truth gates)	2026-09-05T23:41:27.9169075Z ok 20 - an ungoverned table is not scanned
verify	Test (includes calendar, Signal, Timeline, and suite truth gates)	2026-09-05T23:41:27.9169511Z   ---
verify	Test (includes calendar, Signal, Timeline, and suite truth gates)	2026-09-05T23:41:27.9169810Z   duration_ms: 0.059518
verify	Test (includes calendar, Signal, Timeline, and suite truth gates)	2026-09-05T23:41:27.9170120Z   type: 'test'
verify	Test (includes calendar, Signal, Timeline, and suite truth gates)	2026-09-05T23:41:27.9170407Z   ...
verify	Test (includes calendar, Signal, Timeline, and suite truth gates)	2026-09-05T23:41:27.9170833Z # Subtest: each surface governs its own tables under its own tenant key
verify	Test (includes calendar, Signal, Timeline, and suite truth gates)	2026-09-05T23:41:27.9171368Z ok 21 - each surface governs its own tables under its own tenant key
verify	Test (includes calendar, Signal, Timeline, and suite truth gates)	2026-09-05T23:41:27.9171766Z   ---
verify	Test (includes calendar, Signal, Timeline, and suite truth gates)	2026-09-05T23:41:27.9172065Z   duration_ms: 0.192454
verify	Test (includes calendar, Signal, Timeline, and suite truth gates)	2026-09-05T23:41:27.9172378Z   type: 'test'
verify	Test (includes calendar, Signal, Timeline, and suite truth gates)	2026-09-05T23:41:27.9172667Z   ...
verify	Test (includes calendar, Signal, Timeline, and suite truth gates)	2026-09-05T23:41:27.9173095Z # Subtest: no weak token has been promoted into the strong list
verify	Test (includes calendar, Signal, Timeline, and suite truth gates)	2026-09-05T23:41:27.9173595Z ok 22 - no weak token has been promoted into the strong list
verify	Test (includes calendar, Signal, Timeline, and suite truth gates)	2026-09-05T23:41:27.9173980Z   ---
verify	Test (includes calendar, Signal, Timeline, and suite truth gates)	2026-09-05T23:41:27.9174273Z   duration_ms: 0.077845
verify	Test (includes calendar, Signal, Timeline, and suite truth gates)	2026-09-05T23:41:27.9174578Z   type: 'test'
verify	Test (includes calendar, Signal, Timeline, and suite truth gates)	2026-09-05T23:41:27.9174861Z   ...
verify	Test (includes calendar, Signal, Timeline, and suite truth gates)	2026-09-05T23:41:27.9175272Z # Subtest: every strong token names a tenant or an authorised row key
verify	Test (includes calendar, Signal, Timeline, and suite truth gates)	2026-09-05T23:41:27.9175803Z ok 23 - every strong token names a tenant or an authorised row key
verify	Test (includes calendar, Signal, Timeline, and suite truth gates)	2026-09-05T23:41:27.9176189Z   ---
verify	Test (includes calendar, Signal, Timeline, and suite truth gates)	2026-09-05T23:41:27.9176476Z   duration_ms: 0.120027
verify	Test (includes calendar, Signal, Timeline, and suite truth gates)	2026-09-05T23:41:27.9176776Z   type: 'test'
verify	Test (includes calendar, Signal, Timeline, and suite truth gates)	2026-09-05T23:41:27.9177059Z   ...
verify	Test (includes calendar, Signal, Timeline, and suite truth gates)	2026-09-05T23:41:27.9177465Z # Subtest: a new tenant-keyed table that nobody governs is detected
verify	Test (includes calendar, Signal, Timeline, and suite truth gates)	2026-09-05T23:41:27.9177977Z ok 24 - a new tenant-keyed table that nobody governs is detected
verify	Test (includes calendar, Signal, Timeline, and suite truth gates)	2026-09-05T23:41:27.9178592Z   ---
verify	Test (includes calendar, Signal, Timeline, and suite truth gates)	2026-09-05T23:41:27.9178946Z   duration_ms: 0.564032
verify	Test (includes calendar, Signal, Timeline, and suite truth gates)	2026-09-05T23:41:27.9179251Z   type: 'test'
verify	Test (includes calendar, Signal, Timeline, and suite truth gates)	2026-09-05T23:41:27.9179482Z   ...
verify	Test (includes calendar, Signal, Timeline, and suite truth gates)	2026-09-05T23:41:27.9179872Z # Subtest: a governed table that no longer exists is detected
verify	Test (includes calendar, Signal, Timeline, and suite truth gates)	2026-09-05T23:41:27.9180425Z ok 25 - a governed table that no longer exists is detected
verify	Test (includes calendar, Signal, Timeline, and suite truth gates)	2026-09-05T23:41:27.9180789Z   ---
verify	Test (includes calendar, Signal, Timeline, and suite truth gates)	2026-09-05T23:41:27.9181011Z   duration_ms: 0.098335
verify	Test (includes calendar, Signal, Timeline, and suite truth gates)	2026-09-05T23:41:27.9181283Z   type: 'test'
verify	Test (includes calendar, Signal, Timeline, and suite truth gates)	2026-09-05T23:41:27.9181518Z   ...
verify	Test (includes calendar, Signal, Timeline, and suite truth gates)	2026-09-05T23:41:27.9181879Z # Subtest: a table with no tenant column is not demanded
verify	Test (includes calendar, Signal, Timeline, and suite truth gates)	2026-09-05T23:41:27.9182523Z ok 26 - a table with no tenant column is not demanded
verify	Test (includes calendar, Signal, Timeline, and suite truth gates)	2026-09-05T23:41:27.9182771Z   ---
verify	Test (includes calendar, Signal, Timeline, and suite truth gates)	2026-09-05T23:41:27.9182931Z   duration_ms: 0.423095
verify	Test (includes calendar, Signal, Timeline, and suite truth gates)	2026-09-05T23:41:27.9183109Z   type: 'test'
verify	Test (includes calendar, Signal, Timeline, and suite truth gates)	2026-09-05T23:41:27.9183272Z   ...
verify	Test (includes calendar, Signal, Timeline, and suite truth gates)	2026-09-05T23:41:27.9183490Z # Subtest: the schema parser finds tables at all
verify	Test (includes calendar, Signal, Timeline, and suite truth gates)	2026-09-05T23:41:27.9183778Z ok 27 - the schema parser finds tables at all
verify	Test (includes calendar, Signal, Timeline, and suite truth gates)	2026-09-05T23:41:27.9184017Z   ---
verify	Test (includes calendar, Signal, Timeline, and suite truth gates)	2026-09-05T23:41:27.9184182Z   duration_ms: 0.178584
verify	Test (includes calendar, Signal, Timeline, and suite truth gates)	2026-09-05T23:41:27.9184487Z   type: 'test'
verify	Test (includes calendar, Signal, Timeline, and suite truth gates)	2026-09-05T23:41:27.9184658Z   ...
verify	Test (includes calendar, Signal, Timeline, and suite truth gates)	2026-09-05T23:41:27.9239752Z 1..27
verify	Test (includes calendar, Signal, Timeline, and suite truth gates)	2026-09-05T23:41:27.9240000Z # tests 27
verify	Test (includes calendar, Signal, Timeline, and suite truth gates)	2026-09-05T23:41:27.9240241Z # suites 0
verify	Test (includes calendar, Signal, Timeline, and suite truth gates)	2026-09-05T23:41:27.9240509Z # pass 27
verify	Test (includes calendar, Signal, Timeline, and suite truth gates)	2026-09-05T23:41:27.9240826Z # fail 0
verify	Test (includes calendar, Signal, Timeline, and suite truth gates)	2026-09-05T23:41:27.9241274Z # cancelled 0
verify	Test (includes calendar, Signal, Timeline, and suite truth gates)	2026-09-05T23:41:27.9241583Z # skipped 0
verify	Test (includes calendar, Signal, Timeline, and suite truth gates)	2026-09-05T23:41:27.9241862Z # todo 0
verify	Test (includes calendar, Signal, Timeline, and suite truth gates)	2026-09-05T23:41:27.9242245Z # duration_ms 67.602519
verify	Test (includes calendar, Signal, Timeline, and suite truth gates)	2026-09-05T23:41:28.0056060Z ambient-workspace-ratchet: ok - 4 budgeted ambient lookup(s) across 4 file(s), none in a write body.
verify	Test (includes calendar, Signal, Timeline, and suite truth gates)	2026-09-05T23:41:28.0325258Z [route-manifest] ok (89 route directories verified)
verify	Test (includes calendar, Signal, Timeline, and suite truth gates)	2026-09-05T23:41:28.0580606Z [frame-headers] ok (global DENY confirmed; /embed exception confirmed)
verify	Test (includes calendar, Signal, Timeline, and suite truth gates)	2026-09-05T23:41:28.0894411Z [suite-switcher-contract] ok
verify	Test (includes calendar, Signal, Timeline, and suite truth gates)	2026-09-05T23:41:28.2768153Z [tap-target-scale] ok — no index-11 sizing utilities in product code (0 known-outstanding across 0 file(s), 1 allowed chrome-scale container height(s)).
verify	Test (includes calendar, Signal, Timeline, and suite truth gates)	2026-09-05T23:41:28.3171156Z [marketing-waitlist-contract] ok (tasks)
verify	Test (includes calendar, Signal, Timeline, and suite truth gates)	2026-09-05T23:41:28.3419477Z OK: SuiteLoader.tsx is byte-identical to canonical reference.
verify	Test (includes calendar, Signal, Timeline, and suite truth gates)	2026-09-05T23:41:28.5130574Z first-contact:language: clean — 355 files scanned, 7 baselined occurrence(s) unchanged.
verify	Test (includes calendar, Signal, Timeline, and suite truth gates)	2026-09-05T23:41:28.5611814Z TAP version 13
verify	Test (includes calendar, Signal, Timeline, and suite truth gates)	2026-09-05T23:41:28.5968611Z # Subtest: a wedding workspace is detected in /p metadata
verify	Test (includes calendar, Signal, Timeline, and suite truth gates)	2026-09-05T23:41:28.5985968Z ok 1 - a wedding workspace is detected in /p metadata
verify	Test (includes calendar, Signal, Timeline, and suite truth gates)	2026-09-05T23:41:28.6038732Z   ---
verify	Test (includes calendar, Signal, Timeline, and suite truth gates)	2026-09-05T23:41:28.6039431Z   duration_ms: 0.937694
verify	Test (includes calendar, Signal, Timeline, and suite truth gates)	2026-09-05T23:41:28.6048924Z   type: 'test'
verify	Test (includes calendar, Signal, Timeline, and suite truth gates)	2026-09-05T23:41:28.6049363Z   ...
verify	Test (includes calendar, Signal, Timeline, and suite truth gates)	2026-09-05T23:41:28.6049976Z # Subtest: the wedding branch sets index:false and follow:false
verify	Test (includes calendar, Signal, Timeline, and suite truth gates)	2026-09-05T23:41:28.6050758Z ok 2 - the wedding branch sets index:false and follow:false
verify	Test (includes calendar, Signal, Timeline, and suite truth gates)	2026-09-05T23:41:28.6051344Z   ---
verify	Test (includes calendar, Signal, Timeline, and suite truth gates)	2026-09-05T23:41:28.6051761Z   duration_ms: 0.199104
verify	Test (includes calendar, Signal, Timeline, and suite truth gates)	2026-09-05T23:41:28.6052181Z   type: 'test'
verify	Test (includes calendar, Signal, Timeline, and suite truth gates)	2026-09-05T23:41:28.6052525Z   ...
verify	Test (includes calendar, Signal, Timeline, and suite truth gates)	2026-09-05T23:41:28.6053132Z # Subtest: the wedding branch also suppresses archiving and snippets
verify	Test (includes calendar, Signal, Timeline, and suite truth gates)	2026-09-05T23:41:28.6053902Z ok 3 - the wedding branch also suppresses archiving and snippets
verify	Test (includes calendar, Signal, Timeline, and suite truth gates)	2026-09-05T23:41:28.6054497Z   ---
verify	Test (includes calendar, Signal, Timeline, and suite truth gates)	2026-09-05T23:41:28.6055022Z   duration_ms: 0.1968
verify	Test (includes calendar, Signal, Timeline, and suite truth gates)	2026-09-05T23:41:28.6055383Z   type: 'test'
verify	Test (includes calendar, Signal, Timeline, and suite truth gates)	2026-09-05T23:41:28.6055642Z   ...
verify	Test (includes calendar, Signal, Timeline, and suite truth gates)	2026-09-05T23:41:28.6056094Z # Subtest: /p is disallowed in robots.txt as well as noindexed
verify	Test (includes calendar, Signal, Timeline, and suite truth gates)	2026-09-05T23:41:28.6056701Z ok 4 - /p is disallowed in robots.txt as well as noindexed
verify	Test (includes calendar, Signal, Timeline, and suite truth gates)	2026-09-05T23:41:28.6057100Z   ---
verify	Test (includes calendar, Signal, Timeline, and suite truth gates)	2026-09-05T23:41:28.6057347Z   duration_ms: 0.25748
verify	Test (includes calendar, Signal, Timeline, and suite truth gates)	2026-09-05T23:41:28.6057627Z   type: 'test'
verify	Test (includes calendar, Signal, Timeline, and suite truth gates)	2026-09-05T23:41:28.6057867Z   ...
verify	Test (includes calendar, Signal, Timeline, and suite truth gates)	2026-09-05T23:41:28.6145945Z # Subtest: the assign menu and the mention pool read the live workspace roster
verify	Test (includes calendar, Signal, Timeline, and suite truth gates)	2026-09-05T23:41:28.6146988Z ok 5 - the assign menu and the mention pool read the live workspace roster
verify	Test (includes calendar, Signal, Timeline, and suite truth gates)	2026-09-05T23:41:28.6147837Z   ---
verify	Test (includes calendar, Signal, Timeline, and suite truth gates)	2026-09-05T23:41:28.6148686Z   duration_ms: 2.4661
verify	Test (includes calendar, Signal, Timeline, and suite truth gates)	2026-09-05T23:41:28.6149173Z   type: 'test'
verify	Test (includes calendar, Signal, Timeline, and suite truth gates)	2026-09-05T23:41:28.6149634Z   ...
verify	Test (includes calendar, Signal, Timeline, and suite truth gates)	2026-09-05T23:41:28.6150317Z # Subtest: no seed persona id is hard-coded as an assignable person
verify	Test (includes calendar, Signal, Timeline, and suite truth gates)	2026-09-05T23:41:28.6151146Z ok 6 - no seed persona id is hard-coded as an assignable person
verify	Test (includes calendar, Signal, Timeline, and suite truth gates)	2026-09-05T23:41:28.6151775Z   ---
verify	Test (includes calendar, Signal, Timeline, and suite truth gates)	2026-09-05T23:41:28.6152207Z   duration_ms: 0.786661
verify	Test (includes calendar, Signal, Timeline, and suite truth gates)	2026-09-05T23:41:28.6152669Z   type: 'test'
verify	Test (includes calendar, Signal, Timeline, and suite truth gates)	2026-09-05T23:41:28.6153101Z   ...
verify	Test (includes calendar, Signal, Timeline, and suite truth gates)	2026-09-05T23:41:28.6153771Z # Subtest: no design-lab fixture roster is imported into the task detail
verify	Test (includes calendar, Signal, Timeline, and suite truth gates)	2026-09-05T23:41:28.6154630Z ok 7 - no design-lab fixture roster is imported into the task detail
verify	Test (includes calendar, Signal, Timeline, and suite truth gates)	2026-09-05T23:41:28.6155627Z   ---
verify	Test (includes calendar, Signal, Timeline, and suite truth gates)	2026-09-05T23:41:28.6156046Z   duration_ms: 0.522331
verify	Test (includes calendar, Signal, Timeline, and suite truth gates)	2026-09-05T23:41:28.6156503Z   type: 'test'
verify	Test (includes calendar, Signal, Timeline, and suite truth gates)	2026-09-05T23:41:28.6156929Z   ...
verify	Test (includes calendar, Signal, Timeline, and suite truth gates)	2026-09-05T23:41:28.6157576Z # Subtest: an empty roster is handled explicitly, never silently replaced
verify	Test (includes calendar, Signal, Timeline, and suite truth gates)	2026-09-05T23:41:28.6158688Z ok 8 - an empty roster is handled explicitly, never silently replaced
verify	Test (includes calendar, Signal, Timeline, and suite truth gates)	2026-09-05T23:41:28.6159357Z   ---
verify	Test (includes calendar, Signal, Timeline, and suite truth gates)	2026-09-05T23:41:28.6159786Z   duration_ms: 0.376355
verify	Test (includes calendar, Signal, Timeline, and suite truth gates)	2026-09-05T23:41:28.6160514Z   type: 'test'
verify	Test (includes calendar, Signal, Timeline, and suite truth gates)	2026-09-05T23:41:28.6160948Z   ...
verify	Test (includes calendar, Signal, Timeline, and suite truth gates)	2026-09-05T23:41:28.6161641Z # Subtest: Signal provisions a shared identity before resolving live workspaces
verify	Test (includes calendar, Signal, Timeline, and suite truth gates)	2026-09-05T23:41:28.6162584Z ok 9 - Signal provisions a shared identity before resolving live workspaces
verify	Test (includes calendar, Signal, Timeline, and suite truth gates)	2026-09-05T23:41:28.6163265Z   ---
verify	Test (includes calendar, Signal, Timeline, and suite truth gates)	2026-09-05T23:41:28.6163682Z   duration_ms: 0.804037
verify	Test (includes calendar, Signal, Timeline, and suite truth gates)	2026-09-05T23:41:28.6164137Z   type: 'test'
verify	Test (includes calendar, Signal, Timeline, and suite truth gates)	2026-09-05T23:41:28.6164588Z   ...
verify	Test (includes calendar, Signal, Timeline, and suite truth gates)	2026-09-05T23:41:28.6165295Z # Subtest: Signal onboarding only redirects when its linked workspace still exists
verify	Test (includes calendar, Signal, Timeline, and suite truth gates)	2026-09-05T23:41:28.6166255Z ok 10 - Signal onboarding only redirects when its linked workspace still exists
verify	Test (includes calendar, Signal, Timeline, and suite truth gates)	2026-09-05T23:41:28.6166942Z   ---
verify	Test (includes calendar, Signal, Timeline, and suite truth gates)	2026-09-05T23:41:28.6167374Z   duration_ms: 0.260675
verify	Test (includes calendar, Signal, Timeline, and suite truth gates)	2026-09-05T23:41:28.6167833Z   type: 'test'
verify	Test (includes calendar, Signal, Timeline, and suite truth gates)	2026-09-05T23:41:28.6168243Z   ...
verify	Test (includes calendar, Signal, Timeline, and suite truth gates)	2026-09-05T23:41:28.6179448Z # Subtest: the progressive path renders one Quiet Ledger without the analytics shell
verify	Test (includes calendar, Signal, Timeline, and suite truth gates)	2026-09-05T23:41:28.6180519Z ok 11 - the progressive path renders one Quiet Ledger without the analytics shell
verify	Test (includes calendar, Signal, Timeline, and suite truth gates)	2026-09-05T23:41:28.6181167Z   ---
verify	Test (includes calendar, Signal, Timeline, and suite truth gates)	2026-09-05T23:41:28.6181566Z   duration_ms: 0.154918
verify	Test (includes calendar, Signal, Timeline, and suite truth gates)	2026-09-05T23:41:28.6181994Z   type: 'test'
verify	Test (includes calendar, Signal, Timeline, and suite truth gates)	2026-09-05T23:41:28.6182375Z   ...
verify	Test (includes calendar, Signal, Timeline, and suite truth gates)	2026-09-05T23:41:28.6183018Z # Subtest: progressive analytics remains explicitly off by default
verify	Test (includes calendar, Signal, Timeline, and suite truth gates)	2026-09-05T23:41:28.6183796Z ok 12 - progressive analytics remains explicitly off by default
verify	Test (includes calendar, Signal, Timeline, and suite truth gates)	2026-09-05T23:41:28.6184355Z   ---
verify	Test (includes calendar, Signal, Timeline, and suite truth gates)	2026-09-05T23:41:28.6184744Z   duration_ms: 0.348935
verify	Test (includes calendar, Signal, Timeline, and suite truth gates)	2026-09-05T23:41:28.6185163Z   type: 'test'
verify	Test (includes calendar, Signal, Timeline, and suite truth gates)	2026-09-05T23:41:28.6185543Z   ...
verify	Test (includes calendar, Signal, Timeline, and suite truth gates)	2026-09-05T23:41:28.6186129Z # Subtest: Signal surfaces only verified in-app briefing behavior
verify	Test (includes calendar, Signal, Timeline, and suite truth gates)	2026-09-05T23:41:28.6186882Z ok 13 - Signal surfaces only verified in-app briefing behavior
verify	Test (includes calendar, Signal, Timeline, and suite truth gates)	2026-09-05T23:41:28.6187434Z   ---
verify	Test (includes calendar, Signal, Timeline, and suite truth gates)	2026-09-05T23:41:28.6187808Z   duration_ms: 0.323077
verify	Test (includes calendar, Signal, Timeline, and suite truth gates)	2026-09-05T23:41:28.6188214Z   type: 'test'
verify	Test (includes calendar, Signal, Timeline, and suite truth gates)	2026-09-05T23:41:28.6188707Z   ...
verify	Test (includes calendar, Signal, Timeline, and suite truth gates)	2026-09-05T23:41:28.6189349Z # Subtest: the Quiet Ledger action keeps raw source ids behind a server rebuild
verify	Test (includes calendar, Signal, Timeline, and suite truth gates)	2026-09-05T23:41:28.6190640Z ok 14 - the Quiet Ledger action keeps raw source ids behind a server rebuild
verify	Test (includes calendar, Signal, Timeline, and suite truth gates)	2026-09-05T23:41:28.6191222Z   ---
verify	Test (includes calendar, Signal, Timeline, and suite truth gates)	2026-09-05T23:41:28.6191599Z   duration_ms: 0.218883
verify	Test (includes calendar, Signal, Timeline, and suite truth gates)	2026-09-05T23:41:28.6192018Z   type: 'test'
verify	Test (includes calendar, Signal, Timeline, and suite truth gates)	2026-09-05T23:41:28.6192389Z   ...
verify	Test (includes calendar, Signal, Timeline, and suite truth gates)	2026-09-05T23:41:28.6193355Z # Subtest: Signal loading and disclosure controls announce their state
verify	Test (includes calendar, Signal, Timeline, and suite truth gates)	2026-09-05T23:41:28.6194164Z ok 15 - Signal loading and disclosure controls announce their state
verify	Test (includes calendar, Signal, Timeline, and suite truth gates)	2026-09-05T23:41:28.6194731Z   ---
verify	Test (includes calendar, Signal, Timeline, and suite truth gates)	2026-09-05T23:41:28.6195170Z   duration_ms: 0.280044
verify	Test (includes calendar, Signal, Timeline, and suite truth gates)	2026-09-05T23:41:28.6195573Z   type: 'test'
verify	Test (includes calendar, Signal, Timeline, and suite truth gates)	2026-09-05T23:41:28.6195994Z   ...
verify	Test (includes calendar, Signal, Timeline, and suite truth gates)	2026-09-05T23:41:28.6196589Z # Subtest: the ledger reveals itself without waiting for hydration
verify	Test (includes calendar, Signal, Timeline, and suite truth gates)	2026-09-05T23:41:28.6197334Z ok 16 - the ledger reveals itself without waiting for hydration
verify	Test (includes calendar, Signal, Timeline, and suite truth gates)	2026-09-05T23:41:28.6197874Z   ---
verify	Test (includes calendar, Signal, Timeline, and suite truth gates)	2026-09-05T23:41:28.6198257Z   duration_ms: 0.146706
verify	Test (includes calendar, Signal, Timeline, and suite truth gates)	2026-09-05T23:41:28.6198872Z   type: 'test'
verify	Test (includes calendar, Signal, Timeline, and suite truth gates)	2026-09-05T23:41:28.6199178Z   ...
verify	Test (includes calendar, Signal, Timeline, and suite truth gates)	2026-09-05T23:41:28.6199730Z # Subtest: the primary action reports its own busy state without dropping focus
verify	Test (includes calendar, Signal, Timeline, and suite truth gates)	2026-09-05T23:41:28.6200494Z ok 17 - the primary action reports its own busy state without dropping focus
verify	Test (includes calendar, Signal, Timeline, and suite truth gates)	2026-09-05T23:41:28.6200965Z   ---
verify	Test (includes calendar, Signal, Timeline, and suite truth gates)	2026-09-05T23:41:28.6201221Z   duration_ms: 0.374663
verify	Test (includes calendar, Signal, Timeline, and suite truth gates)	2026-09-05T23:41:28.6201504Z   type: 'test'
verify	Test (includes calendar, Signal, Timeline, and suite truth gates)	2026-09-05T23:41:28.6201744Z   ...
verify	Test (includes calendar, Signal, Timeline, and suite truth gates)	2026-09-05T23:41:28.6202260Z # Subtest: the entrance never fades, so the frame after the skeleton is content
verify	Test (includes calendar, Signal, Timeline, and suite truth gates)	2026-09-05T23:41:28.6202969Z ok 18 - the entrance never fades, so the frame after the skeleton is content
verify	Test (includes calendar, Signal, Timeline, and suite truth gates)	2026-09-05T23:41:28.6203632Z   ---
verify	Test (includes calendar, Signal, Timeline, and suite truth gates)	2026-09-05T23:41:28.6203886Z   duration_ms: 0.347713
verify	Test (includes calendar, Signal, Timeline, and suite truth gates)	2026-09-05T23:41:28.6204160Z   type: 'test'
verify	Test (includes calendar, Signal, Timeline, and suite truth gates)	2026-09-05T23:41:28.6204393Z   ...
verify	Test (includes calendar, Signal, Timeline, and suite truth gates)	2026-09-05T23:41:28.6574038Z # Subtest: the artifact keeps the locked Option D identity and line-first hierarchy
verify	Test (includes calendar, Signal, Timeline, and suite truth gates)	2026-09-05T23:41:28.6597017Z ok 19 - the artifact keeps the locked Option D identity and line-first hierarchy
verify	Test (includes calendar, Signal, Timeline, and suite truth gates)	2026-09-05T23:41:28.6652106Z   ---
verify	Test (includes calendar, Signal, Timeline, and suite truth gates)	2026-09-05T23:41:28.6653108Z   duration_ms: 1.702983
verify	Test (includes calendar, Signal, Timeline, and suite truth gates)	2026-09-05T23:41:28.6680056Z   type: 'test'
verify	Test (includes calendar, Signal, Timeline, and suite truth gates)	2026-09-05T23:41:28.6698803Z   ...
verify	Test (includes calendar, Signal, Timeline, and suite truth gates)	2026-09-05T23:41:28.6729344Z # Subtest: the phone preview renders the exact artifact in compact mode and cannot track views
verify	Test (includes calendar, Signal, Timeline, and suite truth gates)	2026-09-05T23:41:28.6730495Z ok 20 - the phone preview renders the exact artifact in compact mode and cannot track views
verify	Test (includes calendar, Signal, Timeline, and suite truth gates)	2026-09-05T23:41:28.6731267Z   ---
verify	Test (includes calendar, Signal, Timeline, and suite truth gates)	2026-09-05T23:41:28.6731683Z   duration_ms: 0.242157
verify	Test (includes calendar, Signal, Timeline, and suite truth gates)	2026-09-05T23:41:28.6732160Z   type: 'test'
verify	Test (includes calendar, Signal, Timeline, and suite truth gates)	2026-09-05T23:41:28.6732572Z   ...
verify	Test (includes calendar, Signal, Timeline, and suite truth gates)	2026-09-05T23:41:28.6733371Z # Subtest: the milestone rail exposes roving keyboard navigation and touch-safe targets
verify	Test (includes calendar, Signal, Timeline, and suite truth gates)	2026-09-05T23:41:28.6734789Z ok 21 - the milestone rail exposes roving keyboard navigation and touch-safe targets
verify	Test (includes calendar, Signal, Timeline, and suite truth gates)	2026-09-05T23:41:28.6735579Z   ---
verify	Test (includes calendar, Signal, Timeline, and suite truth gates)	2026-09-05T23:41:28.6735949Z   duration_ms: 0.491065
verify	Test (includes calendar, Signal, Timeline, and suite truth gates)	2026-09-05T23:41:28.6736364Z   type: 'test'
verify	Test (includes calendar, Signal, Timeline, and suite truth gates)	2026-09-05T23:41:28.6736777Z   ...
verify	Test (includes calendar, Signal, Timeline, and suite truth gates)	2026-09-05T23:41:28.6737524Z # Subtest: motion has a reduced-motion path and the metric swaps as a single face
verify	Test (includes calendar, Signal, Timeline, and suite truth gates)	2026-09-05T23:41:28.6738605Z ok 22 - motion has a reduced-motion path and the metric swaps as a single face
verify	Test (includes calendar, Signal, Timeline, and suite truth gates)	2026-09-05T23:41:28.6739237Z   ---
verify	Test (includes calendar, Signal, Timeline, and suite truth gates)	2026-09-05T23:41:28.6739636Z   duration_ms: 0.163982
verify	Test (includes calendar, Signal, Timeline, and suite truth gates)	2026-09-05T23:41:28.6740066Z   type: 'test'
verify	Test (includes calendar, Signal, Timeline, and suite truth gates)	2026-09-05T23:41:28.6740438Z   ...
verify	Test (includes calendar, Signal, Timeline, and suite truth gates)	2026-09-05T23:41:28.6741154Z # Subtest: motion preference is hydration-safe and never changes the initial metric subtree
verify	Test (includes calendar, Signal, Timeline, and suite truth gates)	2026-09-05T23:41:28.6742174Z ok 23 - motion preference is hydration-safe and never changes the initial metric subtree
verify	Test (includes calendar, Signal, Timeline, and suite truth gates)	2026-09-05T23:41:28.6742927Z   ---
verify	Test (includes calendar, Signal, Timeline, and suite truth gates)	2026-09-05T23:41:28.6743351Z   duration_ms: 0.243369
verify	Test (includes calendar, Signal, Timeline, and suite truth gates)	2026-09-05T23:41:28.6743820Z   type: 'test'
verify	Test (includes calendar, Signal, Timeline, and suite truth gates)	2026-09-05T23:41:28.6744222Z   ...
verify	Test (includes calendar, Signal, Timeline, and suite truth gates)	2026-09-05T23:41:28.6744879Z # Subtest: the owner studio owns vertical scrolling inside the app shell
verify	Test (includes calendar, Signal, Timeline, and suite truth gates)	2026-09-05T23:41:28.6745717Z ok 24 - the owner studio owns vertical scrolling inside the app shell
verify	Test (includes calendar, Signal, Timeline, and suite truth gates)	2026-09-05T23:41:28.6746305Z   ---
verify	Test (includes calendar, Signal, Timeline, and suite truth gates)	2026-09-05T23:41:28.6746731Z   duration_ms: 0.159235
verify	Test (includes calendar, Signal, Timeline, and suite truth gates)	2026-09-05T23:41:28.6747218Z   type: 'test'
verify	Test (includes calendar, Signal, Timeline, and suite truth gates)	2026-09-05T23:41:28.6747634Z   ...
verify	Test (includes calendar, Signal, Timeline, and suite truth gates)	2026-09-05T23:41:28.6748555Z # Subtest: owner surfaces embed the exact artifact without claiming a document-height viewport
verify	Test (includes calendar, Signal, Timeline, and suite truth gates)	2026-09-05T23:41:28.6749546Z ok 25 - owner surfaces embed the exact artifact without claiming a document-height viewport
verify	Test (includes calendar, Signal, Timeline, and suite truth gates)	2026-09-05T23:41:28.6750268Z   ---
verify	Test (includes calendar, Signal, Timeline, and suite truth gates)	2026-09-05T23:41:28.6750696Z   duration_ms: 0.192544
verify	Test (includes calendar, Signal, Timeline, and suite truth gates)	2026-09-05T23:41:28.6751118Z   type: 'test'
verify	Test (includes calendar, Signal, Timeline, and suite truth gates)	2026-09-05T23:41:28.6751513Z   ...
verify	Test (includes calendar, Signal, Timeline, and suite truth gates)	2026-09-05T23:41:28.6752144Z # Subtest: the completed ink is drawn to the frontier dot, never the count percentage
verify	Test (includes calendar, Signal, Timeline, and suite truth gates)	2026-09-05T23:41:28.6754416Z ok 26 - the completed ink is drawn to the frontier dot, never the count percentage
verify	Test (includes calendar, Signal, Timeline, and suite truth gates)	2026-09-05T23:41:28.6755159Z   ---
verify	Test (includes calendar, Signal, Timeline, and suite truth gates)	2026-09-05T23:41:28.6755461Z   duration_ms: 0.130072
verify	Test (includes calendar, Signal, Timeline, and suite truth gates)	2026-09-05T23:41:28.6755764Z   type: 'test'
verify	Test (includes calendar, Signal, Timeline, and suite truth gates)	2026-09-05T23:41:28.6756018Z   ...
verify	Test (includes calendar, Signal, Timeline, and suite truth gates)	2026-09-05T23:41:28.6756529Z # Subtest: every metric face declares its width class so no value can clip
verify	Test (includes calendar, Signal, Timeline, and suite truth gates)	2026-09-05T23:41:28.6757247Z ok 27 - every metric face declares its width class so no value can clip
verify	Test (includes calendar, Signal, Timeline, and suite truth gates)	2026-09-05T23:41:28.6757705Z   ---
verify	Test (includes calendar, Signal, Timeline, and suite truth gates)	2026-09-05T23:41:28.6757974Z   duration_ms: 0.2506
verify	Test (includes calendar, Signal, Timeline, and suite truth gates)	2026-09-05T23:41:28.6758256Z   type: 'test'
verify	Test (includes calendar, Signal, Timeline, and suite truth gates)	2026-09-05T23:41:28.6758682Z   ...
verify	Test (includes calendar, Signal, Timeline, and suite truth gates)	2026-09-05T23:41:28.6759148Z # Subtest: paper keeps the content from ONE list, not a second copy of it
verify	Test (includes calendar, Signal, Timeline, and suite truth gates)	2026-09-05T23:41:28.6759842Z ok 28 - paper keeps the content from ONE list, not a second copy of it
verify	Test (includes calendar, Signal, Timeline, and suite truth gates)	2026-09-05T23:41:28.6760269Z   ---
verify	Test (includes calendar, Signal, Timeline, and suite truth gates)	2026-09-05T23:41:28.6760521Z   duration_ms: 0.482942
verify	Test (includes calendar, Signal, Timeline, and suite truth gates)	2026-09-05T23:41:28.6760812Z   type: 'test'
verify	Test (includes calendar, Signal, Timeline, and suite truth gates)	2026-09-05T23:41:28.6761353Z   ...
verify	Test (includes calendar, Signal, Timeline, and suite truth gates)	2026-09-05T23:41:28.6761802Z # Subtest: the marks are never moved to make room for their own labels
verify	Test (includes calendar, Signal, Timeline, and suite truth gates)	2026-09-05T23:41:28.6762441Z ok 29 - the marks are never moved to make room for their own labels
verify	Test (includes calendar, Signal, Timeline, and suite truth gates)	2026-09-05T23:41:28.6762864Z   ---
verify	Test (includes calendar, Signal, Timeline, and suite truth gates)	2026-09-05T23:41:28.6763112Z   duration_ms: 0.167387
verify	Test (includes calendar, Signal, Timeline, and suite truth gates)	2026-09-05T23:41:28.6763389Z   type: 'test'
verify	Test (includes calendar, Signal, Timeline, and suite truth gates)	2026-09-05T23:41:28.6763637Z   ...
verify	Test (includes calendar, Signal, Timeline, and suite truth gates)	2026-09-05T23:41:28.6764154Z # Subtest: the month names a guest reads clear AA, and the axis says what it spans
verify	Test (includes calendar, Signal, Timeline, and suite truth gates)	2026-09-05T23:41:28.6765050Z ok 30 - the month names a guest reads clear AA, and the axis says what it spans
verify	Test (includes calendar, Signal, Timeline, and suite truth gates)	2026-09-05T23:41:28.6765516Z   ---
verify	Test (includes calendar, Signal, Timeline, and suite truth gates)	2026-09-05T23:41:28.6765757Z   duration_ms: 0.169279
verify	Test (includes calendar, Signal, Timeline, and suite truth gates)	2026-09-05T23:41:28.6766030Z   type: 'test'
verify	Test (includes calendar, Signal, Timeline, and suite truth gates)	2026-09-05T23:41:28.6766272Z   ...
verify	Test (includes calendar, Signal, Timeline, and suite truth gates)	2026-09-05T23:41:28.6766668Z # Subtest: a crowded span names itself instead of going silent
verify	Test (includes calendar, Signal, Timeline, and suite truth gates)	2026-09-05T23:41:28.6767230Z ok 31 - a crowded span names itself instead of going silent
verify	Test (includes calendar, Signal, Timeline, and suite truth gates)	2026-09-05T23:41:28.6767616Z   ---
verify	Test (includes calendar, Signal, Timeline, and suite truth gates)	2026-09-05T23:41:28.6767853Z   duration_ms: 0.287784
verify	Test (includes calendar, Signal, Timeline, and suite truth gates)	2026-09-05T23:41:28.6768120Z   type: 'test'
verify	Test (includes calendar, Signal, Timeline, and suite truth gates)	2026-09-05T23:41:28.6768512Z   ...
verify	Test (includes calendar, Signal, Timeline, and suite truth gates)	2026-09-05T23:41:28.6768883Z # Subtest: the hero states its three facts as one stat unit
verify	Test (includes calendar, Signal, Timeline, and suite truth gates)	2026-09-05T23:41:28.6769406Z ok 32 - the hero states its three facts as one stat unit
verify	Test (includes calendar, Signal, Timeline, and suite truth gates)	2026-09-05T23:41:28.6769769Z   ---
verify	Test (includes calendar, Signal, Timeline, and suite truth gates)	2026-09-05T23:41:28.6770012Z   duration_ms: 0.477125
verify	Test (includes calendar, Signal, Timeline, and suite truth gates)	2026-09-05T23:41:28.6770274Z   type: 'test'
verify	Test (includes calendar, Signal, Timeline, and suite truth gates)	2026-09-05T23:41:28.6770513Z   ...
verify	Test (includes calendar, Signal, Timeline, and suite truth gates)	2026-09-05T23:41:28.6770994Z # Subtest: choosing a milestone does not look identical to pointing at one
verify	Test (includes calendar, Signal, Timeline, and suite truth gates)	2026-09-05T23:41:28.6771683Z ok 33 - choosing a milestone does not look identical to pointing at one
verify	Test (includes calendar, Signal, Timeline, and suite truth gates)	2026-09-05T23:41:28.6772112Z   ---
verify	Test (includes calendar, Signal, Timeline, and suite truth gates)	2026-09-05T23:41:28.6772340Z   duration_ms: 0.242268
verify	Test (includes calendar, Signal, Timeline, and suite truth gates)	2026-09-05T23:41:28.6772602Z   type: 'test'
verify	Test (includes calendar, Signal, Timeline, and suite truth gates)	2026-09-05T23:41:28.6772828Z   ...
verify	Test (includes calendar, Signal, Timeline, and suite truth gates)	2026-09-05T23:41:28.6773335Z # Subtest: the rail's cartography rides the model's mapping and yields to information
verify	Test (includes calendar, Signal, Timeline, and suite truth gates)	2026-09-05T23:41:28.6774114Z ok 34 - the rail's cartography rides the model's mapping and yields to information
verify	Test (includes calendar, Signal, Timeline, and suite truth gates)	2026-09-05T23:41:28.6774565Z   ---
verify	Test (includes calendar, Signal, Timeline, and suite truth gates)	2026-09-05T23:41:28.6774785Z   duration_ms: 0.222969
verify	Test (includes calendar, Signal, Timeline, and suite truth gates)	2026-09-05T23:41:28.6775067Z   type: 'test'
verify	Test (includes calendar, Signal, Timeline, and suite truth gates)	2026-09-05T23:41:28.6775290Z   ...
verify	Test (includes calendar, Signal, Timeline, and suite truth gates)	2026-09-05T23:41:28.6775741Z # Subtest: the hidden scrollbar owes an affordance and the attribution walks
verify	Test (includes calendar, Signal, Timeline, and suite truth gates)	2026-09-05T23:41:28.6776409Z ok 35 - the hidden scrollbar owes an affordance and the attribution walks
verify	Test (includes calendar, Signal, Timeline, and suite truth gates)	2026-09-05T23:41:28.6776831Z   ---
verify	Test (includes calendar, Signal, Timeline, and suite truth gates)	2026-09-05T23:41:28.6777058Z   duration_ms: 0.146496
verify	Test (includes calendar, Signal, Timeline, and suite truth gates)	2026-09-05T23:41:28.6777332Z   type: 'test'
verify	Test (includes calendar, Signal, Timeline, and suite truth gates)	2026-09-05T23:41:28.6777554Z   ...
verify	Test (includes calendar, Signal, Timeline, and suite truth gates)	2026-09-05T23:41:28.6778145Z # Subtest: low-information timelines receive density-only refinements after the generic mobile rules
verify	Test (includes calendar, Signal, Timeline, and suite truth gates)	2026-09-05T23:41:28.6793880Z ok 36 - low-information timelines receive density-only refinements after the generic mobile rules
verify	Test (includes calendar, Signal, Timeline, and suite truth gates)	2026-09-05T23:41:28.6794461Z   ---
verify	Test (includes calendar, Signal, Timeline, and suite truth gates)	2026-09-05T23:41:28.6794699Z   duration_ms: 0.177192
verify	Test (includes calendar, Signal, Timeline, and suite truth gates)	2026-09-05T23:41:28.6794981Z   type: 'test'
verify	Test (includes calendar, Signal, Timeline, and suite truth gates)	2026-09-05T23:41:28.6795298Z   ...
verify	Test (includes calendar, Signal, Timeline, and suite truth gates)	2026-09-05T23:41:28.6795835Z # Subtest: undated milestone copy states the truth without implying a future date
verify	Test (includes calendar, Signal, Timeline, and suite truth gates)	2026-09-05T23:41:28.6796568Z ok 37 - undated milestone copy states the truth without implying a future date
verify	Test (includes calendar, Signal, Timeline, and suite truth gates)	2026-09-05T23:41:28.6797008Z   ---
verify	Test (includes calendar, Signal, Timeline, and suite truth gates)	2026-09-05T23:41:28.6797232Z   duration_ms: 0.090964
verify	Test (includes calendar, Signal, Timeline, and suite truth gates)	2026-09-05T23:41:28.6797504Z   type: 'test'
verify	Test (includes calendar, Signal, Timeline, and suite truth gates)	2026-09-05T23:41:28.6797745Z   ...
verify	Test (includes calendar, Signal, Timeline, and suite truth gates)	2026-09-05T23:41:28.6798097Z # Subtest: one state machine speaks one vocabulary
verify	Test (includes calendar, Signal, Timeline, and suite truth gates)	2026-09-05T23:41:28.6798714Z ok 38 - one state machine speaks one vocabulary
verify	Test (includes calendar, Signal, Timeline, and suite truth gates)	2026-09-05T23:41:28.6799206Z   ---
verify	Test (includes calendar, Signal, Timeline, and suite truth gates)	2026-09-05T23:41:28.6799529Z   duration_ms: 0.14889
verify	Test (includes calendar, Signal, Timeline, and suite truth gates)	2026-09-05T23:41:28.6799789Z   type: 'test'
verify	Test (includes calendar, Signal, Timeline, and suite truth gates)	2026-09-05T23:41:28.6800019Z   ...
verify	Test (includes calendar, Signal, Timeline, and suite truth gates)	2026-09-05T23:41:28.6800393Z # Subtest: no fact in the metric column is printed twice
verify	Test (includes calendar, Signal, Timeline, and suite truth gates)	2026-09-05T23:41:28.6800911Z ok 39 - no fact in the metric column is printed twice
verify	Test (includes calendar, Signal, Timeline, and suite truth gates)	2026-09-05T23:41:28.6801268Z   ---
verify	Test (includes calendar, Signal, Timeline, and suite truth gates)	2026-09-05T23:41:28.6801506Z   duration_ms: 0.114058
verify	Test (includes calendar, Signal, Timeline, and suite truth gates)	2026-09-05T23:41:28.6801767Z   type: 'test'
verify	Test (includes calendar, Signal, Timeline, and suite truth gates)	2026-09-05T23:41:28.6801992Z   ...
verify	Test (includes calendar, Signal, Timeline, and suite truth gates)	2026-09-05T23:41:28.6802676Z # Subtest: the rail flips its axis below 620px rather than being the same rail, rewrapped
verify	Test (includes calendar, Signal, Timeline, and suite truth gates)	2026-09-05T23:41:28.6803462Z ok 40 - the rail flips its axis below 620px rather than being the same rail, rewrapped
verify	Test (includes calendar, Signal, Timeline, and suite truth gates)	2026-09-05T23:41:28.6803942Z   ---
verify	Test (includes calendar, Signal, Timeline, and suite truth gates)	2026-09-05T23:41:28.6804171Z   duration_ms: 0.28483
verify	Test (includes calendar, Signal, Timeline, and suite truth gates)	2026-09-05T23:41:28.6804442Z   type: 'test'
verify	Test (includes calendar, Signal, Timeline, and suite truth gates)	2026-09-05T23:41:28.6804674Z   ...
verify	Test (includes calendar, Signal, Timeline, and suite truth gates)	2026-09-05T23:41:28.6805209Z # Subtest: collision avoidance is replaced by showing every label on the vertical Timeline
verify	Test (includes calendar, Signal, Timeline, and suite truth gates)	2026-09-05T23:41:28.6806161Z ok 41 - collision avoidance is replaced by showing every label on the vertical Timeline
verify	Test (includes calendar, Signal, Timeline, and suite truth gates)	2026-09-05T23:41:28.6806641Z   ---
verify	Test (includes calendar, Signal, Timeline, and suite truth gates)	2026-09-05T23:41:28.6806867Z   duration_ms: 0.178203
verify	Test (includes calendar, Signal, Timeline, and suite truth gates)	2026-09-05T23:41:28.6807129Z   type: 'test'
verify	Test (includes calendar, Signal, Timeline, and suite truth gates)	2026-09-05T23:41:28.6807355Z   ...
verify	Test (includes calendar, Signal, Timeline, and suite truth gates)	2026-09-05T23:41:28.6807767Z # Subtest: the desktop editorial Timeline keeps its own widest tier
verify	Test (includes calendar, Signal, Timeline, and suite truth gates)	2026-09-05T23:41:28.6808502Z ok 42 - the desktop editorial Timeline keeps its own widest tier
verify	Test (includes calendar, Signal, Timeline, and suite truth gates)	2026-09-05T23:41:28.6808900Z   ---
verify	Test (includes calendar, Signal, Timeline, and suite truth gates)	2026-09-05T23:41:28.6809137Z   duration_ms: 0.181227
verify	Test (includes calendar, Signal, Timeline, and suite truth gates)	2026-09-05T23:41:28.6809407Z   type: 'test'
verify	Test (includes calendar, Signal, Timeline, and suite truth gates)	2026-09-05T23:41:28.6809650Z   ...
verify	Test (includes calendar, Signal, Timeline, and suite truth gates)	2026-09-05T23:41:28.6810294Z # Subtest: both Timelines are sized by container width, so the artifact is correct inside the phone preview too
verify	Test (includes calendar, Signal, Timeline, and suite truth gates)	2026-09-05T23:41:28.6811154Z ok 43 - both Timelines are sized by container width, so the artifact is correct inside the phone preview too
verify	Test (includes calendar, Signal, Timeline, and suite truth gates)	2026-09-05T23:41:28.6811529Z   ---
verify	Test (includes calendar, Signal, Timeline, and suite truth gates)	2026-09-05T23:41:28.6811697Z   duration_ms: 0.555329
verify	Test (includes calendar, Signal, Timeline, and suite truth gates)	2026-09-05T23:41:28.6811891Z   type: 'test'
verify	Test (includes calendar, Signal, Timeline, and suite truth gates)	2026-09-05T23:41:28.6812063Z   ...
verify	Test (includes calendar, Signal, Timeline, and suite truth gates)	2026-09-05T23:41:28.6841925Z # Subtest: the one-milestone stack of fixed minimums is gone
verify	Test (includes calendar, Signal, Timeline, and suite truth gates)	2026-09-05T23:41:28.6844938Z ok 44 - the one-milestone stack of fixed minimums is gone
verify	Test (includes calendar, Signal, Timeline, and suite truth gates)	2026-09-05T23:41:28.6846947Z   ---
verify	Test (includes calendar, Signal, Timeline, and suite truth gates)	2026-09-05T23:41:28.6847415Z   duration_ms: 1.605319
verify	Test (includes calendar, Signal, Timeline, and suite truth gates)	2026-09-05T23:41:28.6847900Z   type: 'test'
verify	Test (includes calendar, Signal, Timeline, and suite truth gates)	2026-09-05T23:41:28.6848539Z   ...
verify	Test (includes calendar, Signal, Timeline, and suite truth gates)	2026-09-05T23:41:28.6849336Z # Subtest: the sparse stage minimums are derived from the label they have to hold
verify	Test (includes calendar, Signal, Timeline, and suite truth gates)	2026-09-05T23:41:28.6850309Z ok 45 - the sparse stage minimums are derived from the label they have to hold
verify	Test (includes calendar, Signal, Timeline, and suite truth gates)	2026-09-05T23:41:28.6851022Z   ---
verify	Test (includes calendar, Signal, Timeline, and suite truth gates)	2026-09-05T23:41:28.6851459Z   duration_ms: 0.484755
verify	Test (includes calendar, Signal, Timeline, and suite truth gates)	2026-09-05T23:41:28.6851923Z   type: 'test'
verify	Test (includes calendar, Signal, Timeline, and suite truth gates)	2026-09-05T23:41:28.6852341Z   ...
verify	Test (includes calendar, Signal, Timeline, and suite truth gates)	2026-09-05T23:41:28.6852985Z # Subtest: one milestone fits the required viewports with room to spare
verify	Test (includes calendar, Signal, Timeline, and suite truth gates)	2026-09-05T23:41:28.6853858Z ok 46 - one milestone fits the required viewports with room to spare
verify	Test (includes calendar, Signal, Timeline, and suite truth gates)	2026-09-05T23:41:28.6854483Z   ---
verify	Test (includes calendar, Signal, Timeline, and suite truth gates)	2026-09-05T23:41:28.6854907Z   duration_ms: 4.562834
verify	Test (includes calendar, Signal, Timeline, and suite truth gates)	2026-09-05T23:41:28.6855371Z   type: 'test'
verify	Test (includes calendar, Signal, Timeline, and suite truth gates)	2026-09-05T23:41:28.6855789Z   ...
verify	Test (includes calendar, Signal, Timeline, and suite truth gates)	2026-09-05T23:41:28.6856414Z # Subtest: the artifact fills the screen without stranding its footer
verify	Test (includes calendar, Signal, Timeline, and suite truth gates)	2026-09-05T23:41:28.6857247Z ok 47 - the artifact fills the screen without stranding its footer
verify	Test (includes calendar, Signal, Timeline, and suite truth gates)	2026-09-05T23:41:28.6857910Z   ---
verify	Test (includes calendar, Signal, Timeline, and suite truth gates)	2026-09-05T23:41:28.6858941Z   duration_ms: 0.468662
verify	Test (includes calendar, Signal, Timeline, and suite truth gates)	2026-09-05T23:41:28.6891278Z   type: 'test'
verify	Test (includes calendar, Signal, Timeline, and suite truth gates)	2026-09-05T23:41:28.6918962Z   ...
verify	Test (includes calendar, Signal, Timeline, and suite truth gates)	2026-09-05T23:41:28.6949011Z # Subtest: nothing shrinks or hides content to make the page fit
verify	Test (includes calendar, Signal, Timeline, and suite truth gates)	2026-09-05T23:41:28.6978927Z ok 48 - nothing shrinks or hides content to make the page fit
verify	Test (includes calendar, Signal, Timeline, and suite truth gates)	2026-09-05T23:41:28.7008708Z   ---
verify	Test (includes calendar, Signal, Timeline, and suite truth gates)	2026-09-05T23:41:28.7009131Z   duration_ms: 0.695536
verify	Test (includes calendar, Signal, Timeline, and suite truth gates)	2026-09-05T23:41:28.7019051Z   type: 'test'
verify	Test (includes calendar, Signal, Timeline, and suite truth gates)	2026-09-05T23:41:28.7019589Z   ...
verify	Test (includes calendar, Signal, Timeline, and suite truth gates)	2026-09-05T23:41:28.7020193Z # Subtest: progress reads as one count, and `settled` is gone
verify	Test (includes calendar, Signal, Timeline, and suite truth gates)	2026-09-05T23:41:28.7021007Z ok 49 - progress reads as one count, and `settled` is gone
verify	Test (includes calendar, Signal, Timeline, and suite truth gates)	2026-09-05T23:41:28.7021683Z   ---
verify	Test (includes calendar, Signal, Timeline, and suite truth gates)	2026-09-05T23:41:28.7022085Z   duration_ms: 0.358739
verify	Test (includes calendar, Signal, Timeline, and suite truth gates)	2026-09-05T23:41:28.7022512Z   type: 'test'
verify	Test (includes calendar, Signal, Timeline, and suite truth gates)	2026-09-05T23:41:28.7022908Z   ...
verify	Test (includes calendar, Signal, Timeline, and suite truth gates)	2026-09-05T23:41:28.7023599Z # Subtest: the count is typeset as a sentence, never as a number and a stranded glyph
verify	Test (includes calendar, Signal, Timeline, and suite truth gates)	2026-09-05T23:41:28.7024536Z ok 50 - the count is typeset as a sentence, never as a number and a stranded glyph
verify	Test (includes calendar, Signal, Timeline, and suite truth gates)	2026-09-05T23:41:28.7025175Z   ---
verify	Test (includes calendar, Signal, Timeline, and suite truth gates)	2026-09-05T23:41:28.7025559Z   duration_ms: 0.337177
verify	Test (includes calendar, Signal, Timeline, and suite truth gates)	2026-09-05T23:41:28.7026406Z   type: 'test'
verify	Test (includes calendar, Signal, Timeline, and suite truth gates)	2026-09-05T23:41:28.7026822Z   ...
verify	Test (includes calendar, Signal, Timeline, and suite truth gates)	2026-09-05T23:41:28.7027419Z # Subtest: the counter never outranks the name it counts towards
verify	Test (includes calendar, Signal, Timeline, and suite truth gates)	2026-09-05T23:41:28.7028198Z ok 51 - the counter never outranks the name it counts towards
verify	Test (includes calendar, Signal, Timeline, and suite truth gates)	2026-09-05T23:41:28.7028968Z   ---
verify	Test (includes calendar, Signal, Timeline, and suite truth gates)	2026-09-05T23:41:28.7029382Z   duration_ms: 0.628467
verify	Test (includes calendar, Signal, Timeline, and suite truth gates)	2026-09-05T23:41:28.7029819Z   type: 'test'
verify	Test (includes calendar, Signal, Timeline, and suite truth gates)	2026-09-05T23:41:28.7030217Z   ...
verify	Test (includes calendar, Signal, Timeline, and suite truth gates)	2026-09-05T23:41:28.7030854Z # Subtest: one milestone renders one detail, and the plan renders one list
verify	Test (includes calendar, Signal, Timeline, and suite truth gates)	2026-09-05T23:41:28.7032001Z ok 52 - one milestone renders one detail, and the plan renders one list
verify	Test (includes calendar, Signal, Timeline, and suite truth gates)	2026-09-05T23:41:28.7032612Z   ---
verify	Test (includes calendar, Signal, Timeline, and suite truth gates)	2026-09-05T23:41:28.7033030Z   duration_ms: 0.639123
verify	Test (includes calendar, Signal, Timeline, and suite truth gates)	2026-09-05T23:41:28.7033461Z   type: 'test'
verify	Test (includes calendar, Signal, Timeline, and suite truth gates)	2026-09-05T23:41:28.7033874Z   ...
verify	Test (includes calendar, Signal, Timeline, and suite truth gates)	2026-09-05T23:41:28.7034536Z # Subtest: a long project title is re-sized, never truncated or forced onto one line
verify	Test (includes calendar, Signal, Timeline, and suite truth gates)	2026-09-05T23:41:28.7035467Z ok 53 - a long project title is re-sized, never truncated or forced onto one line
verify	Test (includes calendar, Signal, Timeline, and suite truth gates)	2026-09-05T23:41:28.7036098Z   ---
verify	Test (includes calendar, Signal, Timeline, and suite truth gates)	2026-09-05T23:41:28.7036490Z   duration_ms: 0.756667
verify	Test (includes calendar, Signal, Timeline, and suite truth gates)	2026-09-05T23:41:28.7036924Z   type: 'test'
verify	Test (includes calendar, Signal, Timeline, and suite truth gates)	2026-09-05T23:41:28.7037313Z   ...
verify	Test (includes calendar, Signal, Timeline, and suite truth gates)	2026-09-05T23:41:28.7037859Z # Subtest: Audience Timeline GET resolution is a pure read
verify	Test (includes calendar, Signal, Timeline, and suite truth gates)	2026-09-05T23:41:28.7038685Z ok 54 - Audience Timeline GET resolution is a pure read
verify	Test (includes calendar, Signal, Timeline, and suite truth gates)	2026-09-05T23:41:28.7039296Z   ---
verify	Test (includes calendar, Signal, Timeline, and suite truth gates)	2026-09-05T23:41:28.7039711Z   duration_ms: 1.317274
verify	Test (includes calendar, Signal, Timeline, and suite truth gates)	2026-09-05T23:41:28.7040155Z   type: 'test'
verify	Test (includes calendar, Signal, Timeline, and suite truth gates)	2026-09-05T23:41:28.7040530Z   ...
verify	Test (includes calendar, Signal, Timeline, and suite truth gates)	2026-09-05T23:41:28.7041144Z # Subtest: qualified receipts have a minimal, non-identifying schema
verify	Test (includes calendar, Signal, Timeline, and suite truth gates)	2026-09-05T23:41:28.7041956Z ok 55 - qualified receipts have a minimal, non-identifying schema
verify	Test (includes calendar, Signal, Timeline, and suite truth gates)	2026-09-05T23:41:28.7042528Z   ---
verify	Test (includes calendar, Signal, Timeline, and suite truth gates)	2026-09-05T23:41:28.7042910Z   duration_ms: 1.533432
verify	Test (includes calendar, Signal, Timeline, and suite truth gates)	2026-09-05T23:41:28.7043317Z   type: 'test'
verify	Test (includes calendar, Signal, Timeline, and suite truth gates)	2026-09-05T23:41:28.7043686Z   ...
verify	Test (includes calendar, Signal, Timeline, and suite truth gates)	2026-09-05T23:41:28.7044292Z # Subtest: view route and tracker enforce the qualified browser boundary
verify	Test (includes calendar, Signal, Timeline, and suite truth gates)	2026-09-05T23:41:28.7045098Z ok 56 - view route and tracker enforce the qualified browser boundary
verify	Test (includes calendar, Signal, Timeline, and suite truth gates)	2026-09-05T23:41:28.7045682Z   ---
verify	Test (includes calendar, Signal, Timeline, and suite truth gates)	2026-09-05T23:41:28.7046074Z   duration_ms: 0.564823
verify	Test (includes calendar, Signal, Timeline, and suite truth gates)	2026-09-05T23:41:28.7046492Z   type: 'test'
verify	Test (includes calendar, Signal, Timeline, and suite truth gates)	2026-09-05T23:41:28.7046876Z   ...
verify	Test (includes calendar, Signal, Timeline, and suite truth gates)	2026-09-05T23:41:28.7047510Z # Subtest: owner reads aggregates while GDPR omits and erases receipt hashes
verify	Test (includes calendar, Signal, Timeline, and suite truth gates)	2026-09-05T23:41:28.7048565Z ok 57 - owner reads aggregates while GDPR omits and erases receipt hashes
verify	Test (includes calendar, Signal, Timeline, and suite truth gates)	2026-09-05T23:41:28.7049211Z   ---
verify	Test (includes calendar, Signal, Timeline, and suite truth gates)	2026-09-05T23:41:28.7049599Z   duration_ms: 0.461651
verify	Test (includes calendar, Signal, Timeline, and suite truth gates)	2026-09-05T23:41:28.7050028Z   type: 'test'
verify	Test (includes calendar, Signal, Timeline, and suite truth gates)	2026-09-05T23:41:28.7050420Z   ...
verify	Test (includes calendar, Signal, Timeline, and suite truth gates)	2026-09-05T23:41:28.7265948Z # Subtest: provisioning is still wired, and is keyed to the requested Project
verify	Test (includes calendar, Signal, Timeline, and suite truth gates)	2026-09-05T23:41:28.7276077Z ok 58 - provisioning is still wired, and is keyed to the requested Project
verify	Test (includes calendar, Signal, Timeline, and suite truth gates)	2026-09-05T23:41:28.7276878Z   ---
verify	Test (includes calendar, Signal, Timeline, and suite truth gates)	2026-09-05T23:41:28.7277334Z   duration_ms: 2.803708
verify	Test (includes calendar, Signal, Timeline, and suite truth gates)	2026-09-05T23:41:28.7277804Z   type: 'test'
verify	Test (includes calendar, Signal, Timeline, and suite truth gates)	2026-09-05T23:41:28.7278254Z   ...
verify	Test (includes calendar, Signal, Timeline, and suite truth gates)	2026-09-05T23:41:28.7279106Z # Subtest: a missing suite link is not treated as an access failure
verify	Test (includes calendar, Signal, Timeline, and suite truth gates)	2026-09-05T23:41:28.7279974Z ok 59 - a missing suite link is not treated as an access failure
verify	Test (includes calendar, Signal, Timeline, and suite truth gates)	2026-09-05T23:41:28.7280589Z   ---
verify	Test (includes calendar, Signal, Timeline, and suite truth gates)	2026-09-05T23:41:28.7281026Z   duration_ms: 0.798528
verify	Test (includes calendar, Signal, Timeline, and suite truth gates)	2026-09-05T23:41:28.7281498Z   type: 'test'
verify	Test (includes calendar, Signal, Timeline, and suite truth gates)	2026-09-05T23:41:28.7281939Z   ...
verify	Test (includes calendar, Signal, Timeline, and suite truth gates)	2026-09-05T23:41:28.7282631Z # Subtest: proved Tasks membership remains the only authorization boundary
verify	Test (includes calendar, Signal, Timeline, and suite truth gates)	2026-09-05T23:41:28.7283584Z ok 60 - proved Tasks membership remains the only authorization boundary
verify	Test (includes calendar, Signal, Timeline, and suite truth gates)	2026-09-05T23:41:28.7284267Z   ---
verify	Test (includes calendar, Signal, Timeline, and suite truth gates)	2026-09-05T23:41:28.7284703Z   duration_ms: 1.993451
verify	Test (includes calendar, Signal, Timeline, and suite truth gates)	2026-09-05T23:41:28.7285162Z   type: 'test'
verify	Test (includes calendar, Signal, Timeline, and suite truth gates)	2026-09-05T23:41:28.7285581Z   ...
verify	Test (includes calendar, Signal, Timeline, and suite truth gates)	2026-09-05T23:41:28.7286128Z # Subtest: provisioning does not run on every read
verify	Test (includes calendar, Signal, Timeline, and suite truth gates)	2026-09-05T23:41:28.7286855Z ok 61 - provisioning does not run on every read
verify	Test (includes calendar, Signal, Timeline, and suite truth gates)	2026-09-05T23:41:28.7287418Z   ---
verify	Test (includes calendar, Signal, Timeline, and suite truth gates)	2026-09-05T23:41:28.7287843Z   duration_ms: 0.378248
verify	Test (includes calendar, Signal, Timeline, and suite truth gates)	2026-09-05T23:41:28.7288465Z   type: 'test'
verify	Test (includes calendar, Signal, Timeline, and suite truth gates)	2026-09-05T23:41:28.7288914Z   ...
verify	Test (includes calendar, Signal, Timeline, and suite truth gates)	2026-09-05T23:41:28.7289633Z # Subtest: provisioning is owner-only and never runs for an archived Project
verify	Test (includes calendar, Signal, Timeline, and suite truth gates)	2026-09-05T23:41:28.7290926Z ok 62 - provisioning is owner-only and never runs for an archived Project
verify	Test (includes calendar, Signal, Timeline, and suite truth gates)	2026-09-05T23:41:28.7291590Z   ---
verify	Test (includes calendar, Signal, Timeline, and suite truth gates)	2026-09-05T23:41:28.7292009Z   duration_ms: 0.990642
verify	Test (includes calendar, Signal, Timeline, and suite truth gates)	2026-09-05T23:41:28.7292471Z   type: 'test'
verify	Test (includes calendar, Signal, Timeline, and suite truth gates)	2026-09-05T23:41:28.7292909Z   ...
verify	Test (includes calendar, Signal, Timeline, and suite truth gates)	2026-09-05T23:41:28.7293468Z # Subtest: provisioning creates nothing public
verify	Test (includes calendar, Signal, Timeline, and suite truth gates)	2026-09-05T23:41:28.7294125Z ok 63 - provisioning creates nothing public
verify	Test (includes calendar, Signal, Timeline, and suite truth gates)	2026-09-05T23:41:28.7294894Z   ---
verify	Test (includes calendar, Signal, Timeline, and suite truth gates)	2026-09-05T23:41:28.7295316Z   duration_ms: 0.340403
verify	Test (includes calendar, Signal, Timeline, and suite truth gates)	2026-09-05T23:41:28.7295758Z   type: 'test'
verify	Test (includes calendar, Signal, Timeline, and suite truth gates)	2026-09-05T23:41:28.7296187Z   ...
verify	Test (includes calendar, Signal, Timeline, and suite truth gates)	2026-09-05T23:41:28.7296768Z # Subtest: the provisioned project is created unpublished
verify	Test (includes calendar, Signal, Timeline, and suite truth gates)	2026-09-05T23:41:28.7297509Z ok 64 - the provisioned project is created unpublished
verify	Test (includes calendar, Signal, Timeline, and suite truth gates)	2026-09-05T23:41:28.7298080Z   ---
verify	Test (includes calendar, Signal, Timeline, and suite truth gates)	2026-09-05T23:41:28.7298781Z   duration_ms: 0.407401
verify	Test (includes calendar, Signal, Timeline, and suite truth gates)	2026-09-05T23:41:28.7299248Z   type: 'test'
verify	Test (includes calendar, Signal, Timeline, and suite truth gates)	2026-09-05T23:41:28.7299679Z   ...
verify	Test (includes calendar, Signal, Timeline, and suite truth gates)	2026-09-05T23:41:28.7300311Z # Subtest: only an owner's workspace can be provisioned against
verify	Test (includes calendar, Signal, Timeline, and suite truth gates)	2026-09-05T23:41:28.7301107Z ok 65 - only an owner's workspace can be provisioned against
verify	Test (includes calendar, Signal, Timeline, and suite truth gates)	2026-09-05T23:41:28.7301698Z   ---
verify	Test (includes calendar, Signal, Timeline, and suite truth gates)	2026-09-05T23:41:28.7302120Z   duration_ms: 0.331259
verify	Test (includes calendar, Signal, Timeline, and suite truth gates)	2026-09-05T23:41:28.7302578Z   type: 'test'
verify	Test (includes calendar, Signal, Timeline, and suite truth gates)	2026-09-05T23:41:28.7303013Z   ...
verify	Test (includes calendar, Signal, Timeline, and suite truth gates)	2026-09-05T23:41:28.7303577Z # Subtest: the primary-workspace lookup fails closed
verify	Test (includes calendar, Signal, Timeline, and suite truth gates)	2026-09-05T23:41:28.7304278Z ok 66 - the primary-workspace lookup fails closed
verify	Test (includes calendar, Signal, Timeline, and suite truth gates)	2026-09-05T23:41:28.7304857Z   ---
verify	Test (includes calendar, Signal, Timeline, and suite truth gates)	2026-09-05T23:41:28.7305276Z   duration_ms: 0.531284
verify	Test (includes calendar, Signal, Timeline, and suite truth gates)	2026-09-05T23:41:28.7305721Z   type: 'test'
verify	Test (includes calendar, Signal, Timeline, and suite truth gates)	2026-09-05T23:41:28.7306135Z   ...
verify	Test (includes calendar, Signal, Timeline, and suite truth gates)	2026-09-05T23:41:28.7416070Z # Subtest: getActiveWorkspaceOrNull returns null where getActiveWorkspace returns ws-legacy
verify	Test (includes calendar, Signal, Timeline, and suite truth gates)	2026-09-05T23:41:28.7439507Z ok 67 - getActiveWorkspaceOrNull returns null where getActiveWorkspace returns ws-legacy
verify	Test (includes calendar, Signal, Timeline, and suite truth gates)	2026-09-05T23:41:28.7440299Z   ---
verify	Test (includes calendar, Signal, Timeline, and suite truth gates)	2026-09-05T23:41:28.7440679Z   duration_ms: 0.833319
verify	Test (includes calendar, Signal, Timeline, and suite truth gates)	2026-09-05T23:41:28.7441149Z   type: 'test'
verify	Test (includes calendar, Signal, Timeline, and suite truth gates)	2026-09-05T23:41:28.7441599Z   ...
verify	Test (includes calendar, Signal, Timeline, and suite truth gates)	2026-09-05T23:41:28.7442404Z # Subtest: getActiveWorkspaceOrNull still validates cookie membership before honouring it
verify	Test (includes calendar, Signal, Timeline, and suite truth gates)	2026-09-05T23:41:28.7443594Z ok 68 - getActiveWorkspaceOrNull still validates cookie membership before honouring it
verify	Test (includes calendar, Signal, Timeline, and suite truth gates)	2026-09-05T23:41:28.7444341Z   ---
verify	Test (includes calendar, Signal, Timeline, and suite truth gates)	2026-09-05T23:41:28.7444769Z   duration_ms: 0.167998
verify	Test (includes calendar, Signal, Timeline, and suite truth gates)	2026-09-05T23:41:28.7445230Z   type: 'test'
verify	Test (includes calendar, Signal, Timeline, and suite truth gates)	2026-09-05T23:41:28.7445635Z   ...
verify	Test (includes calendar, Signal, Timeline, and suite truth gates)	2026-09-05T23:41:28.7446391Z # Subtest: both ambient accessors resolve first-membership through one ordered implementation
verify	Test (includes calendar, Signal, Timeline, and suite truth gates)	2026-09-05T23:41:28.7447459Z ok 69 - both ambient accessors resolve first-membership through one ordered implementation
verify	Test (includes calendar, Signal, Timeline, and suite truth gates)	2026-09-05T23:41:28.7448192Z   ---
verify	Test (includes calendar, Signal, Timeline, and suite truth gates)	2026-09-05T23:41:28.7478664Z   duration_ms: 0.170291
verify	Test (includes calendar, Signal, Timeline, and suite truth gates)	2026-09-05T23:41:28.7478891Z   type: 'test'
verify	Test (includes calendar, Signal, Timeline, and suite truth gates)	2026-09-05T23:41:28.7479070Z   ...
verify	Test (includes calendar, Signal, Timeline, and suite truth gates)	2026-09-05T23:41:28.7479446Z # Subtest: a stable guess is still a guess: seed.ts's destructive paths keep manageProject
verify	Test (includes calendar, Signal, Timeline, and suite truth gates)	2026-09-05T23:41:28.7479979Z ok 70 - a stable guess is still a guess: seed.ts's destructive paths keep manageProject
verify	Test (includes calendar, Signal, Timeline, and suite truth gates)	2026-09-05T23:41:28.7480333Z   ---
verify	Test (includes calendar, Signal, Timeline, and suite truth gates)	2026-09-05T23:41:28.7480498Z   duration_ms: 0.189009
verify	Test (includes calendar, Signal, Timeline, and suite truth gates)	2026-09-05T23:41:28.7480677Z   type: 'test'
verify	Test (includes calendar, Signal, Timeline, and suite truth gates)	2026-09-05T23:41:28.7480842Z   ...
verify	Test (includes calendar, Signal, Timeline, and suite truth gates)	2026-09-05T23:41:28.7481164Z # Subtest: the capability proof is a decision, not a filter on someone else's query
verify	Test (includes calendar, Signal, Timeline, and suite truth gates)	2026-09-05T23:41:28.7481625Z ok 71 - the capability proof is a decision, not a filter on someone else's query
verify	Test (includes calendar, Signal, Timeline, and suite truth gates)	2026-09-05T23:41:28.7481912Z   ---
verify	Test (includes calendar, Signal, Timeline, and suite truth gates)	2026-09-05T23:41:28.7482101Z   duration_ms: 0.294865
verify	Test (includes calendar, Signal, Timeline, and suite truth gates)	2026-09-05T23:41:28.7482272Z   type: 'test'
verify	Test (includes calendar, Signal, Timeline, and suite truth gates)	2026-09-05T23:41:28.7482423Z   ...
verify	Test (includes calendar, Signal, Timeline, and suite truth gates)	2026-09-05T23:41:28.7482737Z # Subtest: archive enforcement is one switch, and it is deliberately deferred
verify	Test (includes calendar, Signal, Timeline, and suite truth gates)	2026-09-05T23:41:28.7483170Z ok 72 - archive enforcement is one switch, and it is deliberately deferred
verify	Test (includes calendar, Signal, Timeline, and suite truth gates)	2026-09-05T23:41:28.7483443Z   ---
verify	Test (includes calendar, Signal, Timeline, and suite truth gates)	2026-09-05T23:41:28.7483599Z   duration_ms: 0.126106
verify	Test (includes calendar, Signal, Timeline, and suite truth gates)	2026-09-05T23:41:28.7483766Z   type: 'test'
verify	Test (includes calendar, Signal, Timeline, and suite truth gates)	2026-09-05T23:41:28.7483916Z   ...
verify	Test (includes calendar, Signal, Timeline, and suite truth gates)	2026-09-05T23:41:28.7484177Z # Subtest: the seam never authorizes against the Project catalog
verify	Test (includes calendar, Signal, Timeline, and suite truth gates)	2026-09-05T23:41:28.7484793Z ok 73 - the seam never authorizes against the Project catalog
verify	Test (includes calendar, Signal, Timeline, and suite truth gates)	2026-09-05T23:41:28.7485044Z   ---
verify	Test (includes calendar, Signal, Timeline, and suite truth gates)	2026-09-05T23:41:28.7485192Z   duration_ms: 0.206796
verify	Test (includes calendar, Signal, Timeline, and suite truth gates)	2026-09-05T23:41:28.7485364Z   type: 'test'
verify	Test (includes calendar, Signal, Timeline, and suite truth gates)	2026-09-05T23:41:28.7485516Z   ...
verify	Test (includes calendar, Signal, Timeline, and suite truth gates)	2026-09-05T23:41:28.7485818Z # Subtest: no action in this lane resolves a Project through the unguarded accessor
verify	Test (includes calendar, Signal, Timeline, and suite truth gates)	2026-09-05T23:41:28.7486261Z ok 74 - no action in this lane resolves a Project through the unguarded accessor
verify	Test (includes calendar, Signal, Timeline, and suite truth gates)	2026-09-05T23:41:28.7486673Z   ---
verify	Test (includes calendar, Signal, Timeline, and suite truth gates)	2026-09-05T23:41:28.7486828Z   duration_ms: 5.950331
verify	Test (includes calendar, Signal, Timeline, and suite truth gates)	2026-09-05T23:41:28.7487011Z   type: 'test'
verify	Test (includes calendar, Signal, Timeline, and suite truth gates)	2026-09-05T23:41:28.7487166Z   ...
verify	Test (includes calendar, Signal, Timeline, and suite truth gates)	2026-09-05T23:41:28.7487464Z # Subtest: the formerly deferred file now resolves Projects through the seam
verify	Test (includes calendar, Signal, Timeline, and suite truth gates)	2026-09-05T23:41:28.7487893Z ok 75 - the formerly deferred file now resolves Projects through the seam
verify	Test (includes calendar, Signal, Timeline, and suite truth gates)	2026-09-05T23:41:28.7488175Z   ---
verify	Test (includes calendar, Signal, Timeline, and suite truth gates)	2026-09-05T23:41:28.7488530Z   duration_ms: 0.761283
verify	Test (includes calendar, Signal, Timeline, and suite truth gates)	2026-09-05T23:41:28.7488787Z   type: 'test'
verify	Test (includes calendar, Signal, Timeline, and suite truth gates)	2026-09-05T23:41:28.7489086Z   ...
verify	Test (includes calendar, Signal, Timeline, and suite truth gates)	2026-09-05T23:41:28.7489529Z # Subtest: the shared /app gate uses the membership-aware access check
verify	Test (includes calendar, Signal, Timeline, and suite truth gates)	2026-09-05T23:41:28.7490013Z ok 76 - the shared /app gate uses the membership-aware access check
verify	Test (includes calendar, Signal, Timeline, and suite truth gates)	2026-09-05T23:41:28.7490373Z   ---
verify	Test (includes calendar, Signal, Timeline, and suite truth gates)	2026-09-05T23:41:28.7490559Z   duration_ms: 3.962818
verify	Test (includes calendar, Signal, Timeline, and suite truth gates)	2026-09-05T23:41:28.7490740Z   type: 'test'
verify	Test (includes calendar, Signal, Timeline, and suite truth gates)	2026-09-05T23:41:28.7490904Z   ...
verify	Test (includes calendar, Signal, Timeline, and suite truth gates)	2026-09-05T23:41:28.7491200Z # Subtest: the shared /app gate does not call the allowlist-only check
verify	Test (includes calendar, Signal, Timeline, and suite truth gates)	2026-09-05T23:41:28.7491604Z ok 77 - the shared /app gate does not call the allowlist-only check
verify	Test (includes calendar, Signal, Timeline, and suite truth gates)	2026-09-05T23:41:28.7491864Z   ---
verify	Test (includes calendar, Signal, Timeline, and suite truth gates)	2026-09-05T23:41:28.7492028Z   duration_ms: 0.175609
verify	Test (includes calendar, Signal, Timeline, and suite truth gates)	2026-09-05T23:41:28.7492205Z   type: 'test'
verify	Test (includes calendar, Signal, Timeline, and suite truth gates)	2026-09-05T23:41:28.7492357Z   ...
verify	Test (includes calendar, Signal, Timeline, and suite truth gates)	2026-09-05T23:41:28.7492667Z # Subtest: the membership fallback that the gate depends on is still present
verify	Test (includes calendar, Signal, Timeline, and suite truth gates)	2026-09-05T23:41:28.7493096Z ok 78 - the membership fallback that the gate depends on is still present
verify	Test (includes calendar, Signal, Timeline, and suite truth gates)	2026-09-05T23:41:28.7493369Z   ---
verify	Test (includes calendar, Signal, Timeline, and suite truth gates)	2026-09-05T23:41:28.7493533Z   duration_ms: 0.20348
verify	Test (includes calendar, Signal, Timeline, and suite truth gates)	2026-09-05T23:41:28.7493707Z   type: 'test'
verify	Test (includes calendar, Signal, Timeline, and suite truth gates)	2026-09-05T23:41:28.7493860Z   ...
verify	Test (includes calendar, Signal, Timeline, and suite truth gates)	2026-09-05T23:41:28.8049621Z # Subtest: the scan reaches the /app tree at all
verify	Test (includes calendar, Signal, Timeline, and suite truth gates)	2026-09-05T23:41:28.8090980Z ok 79 - the scan reaches the /app tree at all
verify	Test (includes calendar, Signal, Timeline, and suite truth gates)	2026-09-05T23:41:28.8091767Z   ---
verify	Test (includes calendar, Signal, Timeline, and suite truth gates)	2026-09-05T23:41:28.8092105Z   duration_ms: 0.879378
verify	Test (includes calendar, Signal, Timeline, and suite truth gates)	2026-09-05T23:41:28.8092472Z   type: 'test'
verify	Test (includes calendar, Signal, Timeline, and suite truth gates)	2026-09-05T23:41:28.8092757Z   ...
verify	Test (includes calendar, Signal, Timeline, and suite truth gates)	2026-09-05T23:41:28.8093229Z # Subtest: no file under /app calls the allowlist-only gate
verify	Test (includes calendar, Signal, Timeline, and suite truth gates)	2026-09-05T23:41:28.8093933Z ok 80 - no file under /app calls the allowlist-only gate
verify	Test (includes calendar, Signal, Timeline, and suite truth gates)	2026-09-05T23:41:28.8094395Z   ---
verify	Test (includes calendar, Signal, Timeline, and suite truth gates)	2026-09-05T23:41:28.8094695Z   duration_ms: 2.042685
verify	Test (includes calendar, Signal, Timeline, and suite truth gates)	2026-09-05T23:41:28.8095030Z   type: 'test'
verify	Test (includes calendar, Signal, Timeline, and suite truth gates)	2026-09-05T23:41:28.8095381Z   ...
verify	Test (includes calendar, Signal, Timeline, and suite truth gates)	2026-09-05T23:41:28.8095884Z # Subtest: no file under /app imports the allowlist-only gate
verify	Test (includes calendar, Signal, Timeline, and suite truth gates)	2026-09-05T23:41:28.8096561Z ok 81 - no file under /app imports the allowlist-only gate
verify	Test (includes calendar, Signal, Timeline, and suite truth gates)	2026-09-05T23:41:28.8096981Z   ---
verify	Test (includes calendar, Signal, Timeline, and suite truth gates)	2026-09-05T23:41:28.8097269Z   duration_ms: 0.354443
verify	Test (includes calendar, Signal, Timeline, and suite truth gates)	2026-09-05T23:41:28.8097582Z   type: 'test'
verify	Test (includes calendar, Signal, Timeline, and suite truth gates)	2026-09-05T23:41:28.8097855Z   ...
verify	Test (includes calendar, Signal, Timeline, and suite truth gates)	2026-09-05T23:41:28.8098434Z # Subtest: the layout gate is the membership-aware one
verify	Test (includes calendar, Signal, Timeline, and suite truth gates)	2026-09-05T23:41:28.8098995Z ok 82 - the layout gate is the membership-aware one
verify	Test (includes calendar, Signal, Timeline, and suite truth gates)	2026-09-05T23:41:28.8099406Z   ---
verify	Test (includes calendar, Signal, Timeline, and suite truth gates)	2026-09-05T23:41:28.8099676Z   duration_ms: 0.297108
verify	Test (includes calendar, Signal, Timeline, and suite truth gates)	2026-09-05T23:41:28.8099951Z   type: 'test'
verify	Test (includes calendar, Signal, Timeline, and suite truth gates)	2026-09-05T23:41:28.8100221Z   ...
verify	Test (includes calendar, Signal, Timeline, and suite truth gates)	2026-09-05T23:41:28.8100683Z # Subtest: the pages that carried the defect still gate, and gate widely
verify	Test (includes calendar, Signal, Timeline, and suite truth gates)	2026-09-05T23:41:28.8101342Z ok 83 - the pages that carried the defect still gate, and gate widely
verify	Test (includes calendar, Signal, Timeline, and suite truth gates)	2026-09-05T23:41:28.8101780Z   ---
verify	Test (includes calendar, Signal, Timeline, and suite truth gates)	2026-09-05T23:41:28.8102016Z   duration_ms: 0.442633
verify	Test (includes calendar, Signal, Timeline, and suite truth gates)	2026-09-05T23:41:28.8102335Z   type: 'test'
verify	Test (includes calendar, Signal, Timeline, and suite truth gates)	2026-09-05T23:41:28.8102569Z   ...
verify	Test (includes calendar, Signal, Timeline, and suite truth gates)	2026-09-05T23:41:28.8103024Z # Subtest: the detector would actually catch a regression
verify	Test (includes calendar, Signal, Timeline, and suite truth gates)	2026-09-05T23:41:28.8103594Z ok 84 - the detector would actually catch a regression
verify	Test (includes calendar, Signal, Timeline, and suite truth gates)	2026-09-05T23:41:28.8103949Z   ---
verify	Test (includes calendar, Signal, Timeline, and suite truth gates)	2026-09-05T23:41:28.8104561Z   duration_ms: 0.179755
verify	Test (includes calendar, Signal, Timeline, and suite truth gates)	2026-09-05T23:41:28.8104831Z   type: 'test'
verify	Test (includes calendar, Signal, Timeline, and suite truth gates)	2026-09-05T23:41:28.8105067Z   ...
verify	Test (includes calendar, Signal, Timeline, and suite truth gates)	2026-09-05T23:41:28.8186729Z # Subtest: getActiveWorkspace validates cookie membership before honoring it
verify	Test (includes calendar, Signal, Timeline, and suite truth gates)	2026-09-05T23:41:28.8195665Z ok 85 - getActiveWorkspace validates cookie membership before honoring it
verify	Test (includes calendar, Signal, Timeline, and suite truth gates)	2026-09-05T23:41:28.8196348Z   ---
verify	Test (includes calendar, Signal, Timeline, and suite truth gates)	2026-09-05T23:41:28.8196754Z   duration_ms: 0.723508
verify	Test (includes calendar, Signal, Timeline, and suite truth gates)	2026-09-05T23:41:28.8197185Z   type: 'test'
verify	Test (includes calendar, Signal, Timeline, and suite truth gates)	2026-09-05T23:41:28.8197860Z   ...
verify	Test (includes calendar, Signal, Timeline, and suite truth gates)	2026-09-05T23:41:28.8198829Z # Subtest: getCurrentUser fails closed in production (no silent dev-user fallback)
verify	Test (includes calendar, Signal, Timeline, and suite truth gates)	2026-09-05T23:41:28.8199777Z ok 86 - getCurrentUser fails closed in production (no silent dev-user fallback)
verify	Test (includes calendar, Signal, Timeline, and suite truth gates)	2026-09-05T23:41:28.8200404Z   ---
verify	Test (includes calendar, Signal, Timeline, and suite truth gates)	2026-09-05T23:41:28.8200799Z   duration_ms: 0.130613
verify	Test (includes calendar, Signal, Timeline, and suite truth gates)	2026-09-05T23:41:28.8201227Z   type: 'test'
verify	Test (includes calendar, Signal, Timeline, and suite truth gates)	2026-09-05T23:41:28.8201611Z   ...
verify	Test (includes calendar, Signal, Timeline, and suite truth gates)	2026-09-05T23:41:28.8202296Z # Subtest: every mutating server action resolves the tenant via the auth choke points
verify	Test (includes calendar, Signal, Timeline, and suite truth gates)	2026-09-05T23:41:28.8203244Z ok 87 - every mutating server action resolves the tenant via the auth choke points
verify	Test (includes calendar, Signal, Timeline, and suite truth gates)	2026-09-05T23:41:28.8203874Z   ---
verify	Test (includes calendar, Signal, Timeline, and suite truth gates)	2026-09-05T23:41:28.8204263Z   duration_ms: 5.112323
verify	Test (includes calendar, Signal, Timeline, and suite truth gates)	2026-09-05T23:41:28.8204684Z   type: 'test'
verify	Test (includes calendar, Signal, Timeline, and suite truth gates)	2026-09-05T23:41:28.8205064Z   ...
verify	Test (includes calendar, Signal, Timeline, and suite truth gates)	2026-09-05T23:41:28.8205652Z # Subtest: Notes extract requires an explicit destination workspace
verify	Test (includes calendar, Signal, Timeline, and suite truth gates)	2026-09-05T23:41:28.8206421Z ok 88 - Notes extract requires an explicit destination workspace
verify	Test (includes calendar, Signal, Timeline, and suite truth gates)	2026-09-05T23:41:28.8206979Z   ---
verify	Test (includes calendar, Signal, Timeline, and suite truth gates)	2026-09-05T23:41:28.8207371Z   duration_ms: 1.794248
verify	Test (includes calendar, Signal, Timeline, and suite truth gates)	2026-09-05T23:41:28.8207790Z   type: 'test'
verify	Test (includes calendar, Signal, Timeline, and suite truth gates)	2026-09-05T23:41:28.8208172Z   ...
verify	Test (includes calendar, Signal, Timeline, and suite truth gates)	2026-09-05T23:41:28.8208925Z # Subtest: Notes extract rejects a retry that targets a different workspace
verify	Test (includes calendar, Signal, Timeline, and suite truth gates)	2026-09-05T23:41:28.8209758Z ok 89 - Notes extract rejects a retry that targets a different workspace
verify	Test (includes calendar, Signal, Timeline, and suite truth gates)	2026-09-05T23:41:28.8210345Z   ---
verify	Test (includes calendar, Signal, Timeline, and suite truth gates)	2026-09-05T23:41:28.8210722Z   duration_ms: 0.21698
verify	Test (includes calendar, Signal, Timeline, and suite truth gates)	2026-09-05T23:41:28.8211134Z   type: 'test'
verify	Test (includes calendar, Signal, Timeline, and suite truth gates)	2026-09-05T23:41:28.8211518Z   ...
verify	Test (includes calendar, Signal, Timeline, and suite truth gates)	2026-09-05T23:41:28.8212163Z # Subtest: Notes extract preserves exact approved wording and binds every replay
verify	Test (includes calendar, Signal, Timeline, and suite truth gates)	2026-09-05T23:41:28.8213051Z ok 90 - Notes extract preserves exact approved wording and binds every replay
verify	Test (includes calendar, Signal, Timeline, and suite truth gates)	2026-09-05T23:41:28.8213664Z   ---
verify	Test (includes calendar, Signal, Timeline, and suite truth gates)	2026-09-05T23:41:28.8214044Z   duration_ms: 0.247405
verify	Test (includes calendar, Signal, Timeline, and suite truth gates)	2026-09-05T23:41:28.8214455Z   type: 'test'
verify	Test (includes calendar, Signal, Timeline, and suite truth gates)	2026-09-05T23:41:28.8214844Z   ...
verify	Test (includes calendar, Signal, Timeline, and suite truth gates)	2026-09-05T23:41:28.8215482Z # Subtest: Notes extract requires a v2 assertion bound to the exact request body
verify	Test (includes calendar, Signal, Timeline, and suite truth gates)	2026-09-05T23:41:28.8216361Z ok 91 - Notes extract requires a v2 assertion bound to the exact request body
verify	Test (includes calendar, Signal, Timeline, and suite truth gates)	2026-09-05T23:41:28.8216965Z   ---
verify	Test (includes calendar, Signal, Timeline, and suite truth gates)	2026-09-05T23:41:28.8217344Z   duration_ms: 0.205143
verify	Test (includes calendar, Signal, Timeline, and suite truth gates)	2026-09-05T23:41:28.8217761Z   type: 'test'
verify	Test (includes calendar, Signal, Timeline, and suite truth gates)	2026-09-05T23:41:28.8218148Z   ...
verify	Test (includes calendar, Signal, Timeline, and suite truth gates)	2026-09-05T23:41:28.8218925Z # Subtest: v2 authenticates before parsing while the rollback route stays v1-only
verify	Test (includes calendar, Signal, Timeline, and suite truth gates)	2026-09-05T23:41:28.8219822Z ok 92 - v2 authenticates before parsing while the rollback route stays v1-only
verify	Test (includes calendar, Signal, Timeline, and suite truth gates)	2026-09-05T23:41:28.8220436Z   ---
verify	Test (includes calendar, Signal, Timeline, and suite truth gates)	2026-09-05T23:41:28.8220819Z   duration_ms: 0.278791
verify	Test (includes calendar, Signal, Timeline, and suite truth gates)	2026-09-05T23:41:28.8221254Z   type: 'test'
verify	Test (includes calendar, Signal, Timeline, and suite truth gates)	2026-09-05T23:41:28.8221647Z   ...
verify	Test (includes calendar, Signal, Timeline, and suite truth gates)	2026-09-05T23:41:28.8222323Z # Subtest: Notes extract insert races converge through conflict-safe canonical reread
verify	Test (includes calendar, Signal, Timeline, and suite truth gates)	2026-09-05T23:41:28.8223260Z ok 93 - Notes extract insert races converge through conflict-safe canonical reread
verify	Test (includes calendar, Signal, Timeline, and suite truth gates)	2026-09-05T23:41:28.8223896Z   ---
verify	Test (includes calendar, Signal, Timeline, and suite truth gates)	2026-09-05T23:41:28.8224287Z   duration_ms: 0.163241
verify	Test (includes calendar, Signal, Timeline, and suite truth gates)	2026-09-05T23:41:28.8224712Z   type: 'test'
verify	Test (includes calendar, Signal, Timeline, and suite truth gates)	2026-09-05T23:41:28.8225101Z   ...
verify	Test (includes calendar, Signal, Timeline, and suite truth gates)	2026-09-05T23:41:28.8225721Z # Subtest: Notes extract rechecks membership before an idempotent replay
verify	Test (includes calendar, Signal, Timeline, and suite truth gates)	2026-09-05T23:41:28.8226536Z ok 94 - Notes extract rechecks membership before an idempotent replay
verify	Test (includes calendar, Signal, Timeline, and suite truth gates)	2026-09-05T23:41:28.8227116Z   ---
verify	Test (includes calendar, Signal, Timeline, and suite truth gates)	2026-09-05T23:41:28.8227495Z   duration_ms: 0.225172
verify	Test (includes calendar, Signal, Timeline, and suite truth gates)	2026-09-05T23:41:28.8227908Z   type: 'test'
verify	Test (includes calendar, Signal, Timeline, and suite truth gates)	2026-09-05T23:41:28.8228398Z   ...
verify	Test (includes calendar, Signal, Timeline, and suite truth gates)	2026-09-05T23:41:28.8228958Z # Subtest: Notes receipts open the canonical Tasks detail query
verify	Test (includes calendar, Signal, Timeline, and suite truth gates)	2026-09-05T23:41:28.8229689Z ok 95 - Notes receipts open the canonical Tasks detail query
verify	Test (includes calendar, Signal, Timeline, and suite truth gates)	2026-09-05T23:41:28.8230383Z   ---
verify	Test (includes calendar, Signal, Timeline, and suite truth gates)	2026-09-05T23:41:28.8230762Z   duration_ms: 0.19004
verify	Test (includes calendar, Signal, Timeline, and suite truth gates)	2026-09-05T23:41:28.8231178Z   type: 'test'
verify	Test (includes calendar, Signal, Timeline, and suite truth gates)	2026-09-05T23:41:28.8231562Z   ...
verify	Test (includes calendar, Signal, Timeline, and suite truth gates)	2026-09-05T23:41:28.8269090Z # Subtest: outbox worker is cron-authenticated, signed, bounded, and idempotent
verify	Test (includes calendar, Signal, Timeline, and suite truth gates)	2026-09-05T23:41:28.8288103Z ok 96 - outbox worker is cron-authenticated, signed, bounded, and idempotent
verify	Test (includes calendar, Signal, Timeline, and suite truth gates)	2026-09-05T23:41:28.8289016Z   ---
verify	Test (includes calendar, Signal, Timeline, and suite truth gates)	2026-09-05T23:41:28.8289532Z   duration_ms: 0.705802
verify	Test (includes calendar, Signal, Timeline, and suite truth gates)	2026-09-05T23:41:28.8290195Z   type: 'test'
verify	Test (includes calendar, Signal, Timeline, and suite truth gates)	2026-09-05T23:41:28.8290604Z   ...
verify	Test (includes calendar, Signal, Timeline, and suite truth gates)	2026-09-05T23:41:28.8556389Z # Subtest: v2 catalog requires the signed workspace-list assertion and contract version
verify	Test (includes calendar, Signal, Timeline, and suite truth gates)	2026-09-05T23:41:28.8579424Z ok 97 - v2 catalog requires the signed workspace-list assertion and contract version
verify	Test (includes calendar, Signal, Timeline, and suite truth gates)	2026-09-05T23:41:28.8605998Z   ---
verify	Test (includes calendar, Signal, Timeline, and suite truth gates)	2026-09-05T23:41:28.8608920Z   duration_ms: 0.844416
verify	Test (includes calendar, Signal, Timeline, and suite truth gates)	2026-09-05T23:41:28.8609415Z   type: 'test'
verify	Test (includes calendar, Signal, Timeline, and suite truth gates)	2026-09-05T23:41:28.8609788Z   ...
verify	Test (includes calendar, Signal, Timeline, and suite truth gates)	2026-09-05T23:41:28.8610523Z # Subtest: v2 catalog is membership-first and returns period groups without archived data
verify	Test (includes calendar, Signal, Timeline, and suite truth gates)	2026-09-05T23:41:28.8611516Z ok 98 - v2 catalog is membership-first and returns period groups without archived data
verify	Test (includes calendar, Signal, Timeline, and suite truth gates)	2026-09-05T23:41:28.8612154Z   ---
verify	Test (includes calendar, Signal, Timeline, and suite truth gates)	2026-09-05T23:41:28.8612510Z   duration_ms: 0.171553
verify	Test (includes calendar, Signal, Timeline, and suite truth gates)	2026-09-05T23:41:28.8612909Z   type: 'test'
verify	Test (includes calendar, Signal, Timeline, and suite truth gates)	2026-09-05T23:41:28.8613262Z   ...
verify	Test (includes calendar, Signal, Timeline, and suite truth gates)	2026-09-05T23:41:28.8613832Z # Subtest: v2 catalog never uses email or period ownership as membership authority
verify	Test (includes calendar, Signal, Timeline, and suite truth gates)	2026-09-05T23:41:28.8614723Z ok 99 - v2 catalog never uses email or period ownership as membership authority
verify	Test (includes calendar, Signal, Timeline, and suite truth gates)	2026-09-05T23:41:28.8615434Z   ---
verify	Test (includes calendar, Signal, Timeline, and suite truth gates)	2026-09-05T23:41:28.8615819Z   duration_ms: 0.147798
verify	Test (includes calendar, Signal, Timeline, and suite truth gates)	2026-09-05T23:41:28.8616242Z   type: 'test'
verify	Test (includes calendar, Signal, Timeline, and suite truth gates)	2026-09-05T23:41:28.8616610Z   ...
verify	Test (includes calendar, Signal, Timeline, and suite truth gates)	2026-09-05T23:41:28.8660431Z # Subtest: every Your Work workspace originates from a current membership
verify	Test (includes calendar, Signal, Timeline, and suite truth gates)	2026-09-05T23:41:28.8678462Z ok 100 - every Your Work workspace originates from a current membership
verify	Test (includes calendar, Signal, Timeline, and suite truth gates)	2026-09-05T23:41:28.8679163Z   ---
verify	Test (includes calendar, Signal, Timeline, and suite truth gates)	2026-09-05T23:41:28.8679700Z   duration_ms: 0.678711
verify	Test (includes calendar, Signal, Timeline, and suite truth gates)	2026-09-05T23:41:28.8680350Z   type: 'test'
verify	Test (includes calendar, Signal, Timeline, and suite truth gates)	2026-09-05T23:41:28.8680963Z   ...
verify	Test (includes calendar, Signal, Timeline, and suite truth gates)	2026-09-05T23:41:28.8681787Z # Subtest: lifecycle mutations re-authorize at the data boundary
verify	Test (includes calendar, Signal, Timeline, and suite truth gates)	2026-09-05T23:41:28.8700624Z ok 101 - lifecycle mutations re-authorize at the data boundary
verify	Test (includes calendar, Signal, Timeline, and suite truth gates)	2026-09-05T23:41:28.8701212Z   ---
verify	Test (includes calendar, Signal, Timeline, and suite truth gates)	2026-09-05T23:41:28.8701612Z   duration_ms: 0.327834
verify	Test (includes calendar, Signal, Timeline, and suite truth gates)	2026-09-05T23:41:28.8702059Z   type: 'test'
verify	Test (includes calendar, Signal, Timeline, and suite truth gates)	2026-09-05T23:41:28.8702458Z   ...
verify	Test (includes calendar, Signal, Timeline, and suite truth gates)	2026-09-05T23:41:28.8703109Z # Subtest: bulk workspace name collisions only include current memberships
verify	Test (includes calendar, Signal, Timeline, and suite truth gates)	2026-09-05T23:41:28.8704016Z ok 102 - bulk workspace name collisions only include current memberships
verify	Test (includes calendar, Signal, Timeline, and suite truth gates)	2026-09-05T23:41:28.8704629Z   ---
verify	Test (includes calendar, Signal, Timeline, and suite truth gates)	2026-09-05T23:41:28.8705011Z   duration_ms: 0.185624
verify	Test (includes calendar, Signal, Timeline, and suite truth gates)	2026-09-05T23:41:28.8705431Z   type: 'test'
verify	Test (includes calendar, Signal, Timeline, and suite truth gates)	2026-09-05T23:41:28.8705815Z   ...
verify	Test (includes calendar, Signal, Timeline, and suite truth gates)	2026-09-05T23:41:28.8706595Z # Subtest: every consolidated Project mutation proves a capability, then writes with a receipt
verify	Test (includes calendar, Signal, Timeline, and suite truth gates)	2026-09-05T23:41:28.8707659Z ok 103 - every consolidated Project mutation proves a capability, then writes with a receipt
verify	Test (includes calendar, Signal, Timeline, and suite truth gates)	2026-09-05T23:41:28.8708537Z   ---
verify	Test (includes calendar, Signal, Timeline, and suite truth gates)	2026-09-05T23:41:28.8708933Z   duration_ms: 0.329005
verify	Test (includes calendar, Signal, Timeline, and suite truth gates)	2026-09-05T23:41:28.8709374Z   type: 'test'
verify	Test (includes calendar, Signal, Timeline, and suite truth gates)	2026-09-05T23:41:28.8709767Z   ...
verify	Test (includes calendar, Signal, Timeline, and suite truth gates)	2026-09-05T23:41:28.8710341Z # Subtest: duplication reads re-authorize inside their transaction
verify	Test (includes calendar, Signal, Timeline, and suite truth gates)	2026-09-05T23:41:28.8711148Z ok 104 - duplication reads re-authorize inside their transaction
verify	Test (includes calendar, Signal, Timeline, and suite truth gates)	2026-09-05T23:41:28.8711697Z   ---
verify	Test (includes calendar, Signal, Timeline, and suite truth gates)	2026-09-05T23:41:28.8712086Z   duration_ms: 0.232673
verify	Test (includes calendar, Signal, Timeline, and suite truth gates)	2026-09-05T23:41:28.8712530Z   type: 'test'
verify	Test (includes calendar, Signal, Timeline, and suite truth gates)	2026-09-05T23:41:28.8712917Z   ...
verify	Test (includes calendar, Signal, Timeline, and suite truth gates)	2026-09-05T23:41:28.8713617Z # Subtest: scenario K: teacher onboarding and planning catalog never require pupil data
verify	Test (includes calendar, Signal, Timeline, and suite truth gates)	2026-09-05T23:41:28.8714695Z ok 105 - scenario K: teacher onboarding and planning catalog never require pupil data
verify	Test (includes calendar, Signal, Timeline, and suite truth gates)	2026-09-05T23:41:28.8715376Z   ---
verify	Test (includes calendar, Signal, Timeline, and suite truth gates)	2026-09-05T23:41:28.8715771Z   duration_ms: 0.203701
verify	Test (includes calendar, Signal, Timeline, and suite truth gates)	2026-09-05T23:41:28.8716192Z   type: 'test'
verify	Test (includes calendar, Signal, Timeline, and suite truth gates)	2026-09-05T23:41:28.8716590Z   ...
verify	Test (includes calendar, Signal, Timeline, and suite truth gates)	2026-09-05T23:41:29.0529715Z # Subtest: one cookie constant, one writer, one set of attributes
verify	Test (includes calendar, Signal, Timeline, and suite truth gates)	2026-09-05T23:41:29.0589219Z ok 106 - one cookie constant, one writer, one set of attributes
verify	Test (includes calendar, Signal, Timeline, and suite truth gates)	2026-09-05T23:41:29.0629184Z   ---
verify	Test (includes calendar, Signal, Timeline, and suite truth gates)	2026-09-05T23:41:29.0629766Z   duration_ms: 0.969501
verify	Test (includes calendar, Signal, Timeline, and suite truth gates)	2026-09-05T23:41:29.0630234Z   type: 'test'
verify	Test (includes calendar, Signal, Timeline, and suite truth gates)	2026-09-05T23:41:29.0630635Z   ...
verify	Test (includes calendar, Signal, Timeline, and suite truth gates)	2026-09-05T23:41:29.0631426Z # Subtest: only explicit switching and invite acceptance write the last-active Project cookie
verify	Test (includes calendar, Signal, Timeline, and suite truth gates)	2026-09-05T23:41:29.0632480Z ok 107 - only explicit switching and invite acceptance write the last-active Project cookie
verify	Test (includes calendar, Signal, Timeline, and suite truth gates)	2026-09-05T23:41:29.0633506Z   ---
verify	Test (includes calendar, Signal, Timeline, and suite truth gates)	2026-09-05T23:41:29.0633900Z   duration_ms: 54.837119
verify	Test (includes calendar, Signal, Timeline, and suite truth gates)	2026-09-05T23:41:29.0634342Z   type: 'test'
verify	Test (includes calendar, Signal, Timeline, and suite truth gates)	2026-09-05T23:41:29.0634721Z   ...
verify	Test (includes calendar, Signal, Timeline, and suite truth gates)	2026-09-05T23:41:29.0635202Z # Subtest: the resolver never writes a cookie
verify	Test (includes calendar, Signal, Timeline, and suite truth gates)	2026-09-05T23:41:29.0635821Z ok 108 - the resolver never writes a cookie
verify	Test (includes calendar, Signal, Timeline, and suite truth gates)	2026-09-05T23:41:29.0636373Z   ---
verify	Test (includes calendar, Signal, Timeline, and suite truth gates)	2026-09-05T23:41:29.0636787Z   duration_ms: 0.17644
verify	Test (includes calendar, Signal, Timeline, and suite truth gates)	2026-09-05T23:41:29.0637238Z   type: 'test'
verify	Test (includes calendar, Signal, Timeline, and suite truth gates)	2026-09-05T23:41:29.0637668Z   ...
verify	Test (includes calendar, Signal, Timeline, and suite truth gates)	2026-09-05T23:41:29.0638434Z # Subtest: the unified cookie name is spelled in exactly one module
verify	Test (includes calendar, Signal, Timeline, and suite truth gates)	2026-09-05T23:41:29.0639386Z ok 109 - the unified cookie name is spelled in exactly one module
verify	Test (includes calendar, Signal, Timeline, and suite truth gates)	2026-09-05T23:41:29.0639990Z   ---
verify	Test (includes calendar, Signal, Timeline, and suite truth gates)	2026-09-05T23:41:29.0640401Z   duration_ms: 26.768813
verify	Test (includes calendar, Signal, Timeline, and suite truth gates)	2026-09-05T23:41:29.0640888Z   type: 'test'
verify	Test (includes calendar, Signal, Timeline, and suite truth gates)	2026-09-05T23:41:29.0641306Z   ...
verify	Test (includes calendar, Signal, Timeline, and suite truth gates)	2026-09-05T23:41:29.0641995Z # Subtest: every legacy active-workspace cookie writer is enumerated and pinned
verify	Test (includes calendar, Signal, Timeline, and suite truth gates)	2026-09-05T23:41:29.0643004Z ok 110 - every legacy active-workspace cookie writer is enumerated and pinned
verify	Test (includes calendar, Signal, Timeline, and suite truth gates)	2026-09-05T23:41:29.0643694Z   ---
verify	Test (includes calendar, Signal, Timeline, and suite truth gates)	2026-09-05T23:41:29.0644140Z   duration_ms: 41.340867
verify	Test (includes calendar, Signal, Timeline, and suite truth gates)	2026-09-05T23:41:29.0644652Z   type: 'test'
verify	Test (includes calendar, Signal, Timeline, and suite truth gates)	2026-09-05T23:41:29.0645068Z   ...
verify	Test (includes calendar, Signal, Timeline, and suite truth gates)	2026-09-05T23:41:29.0645785Z # Subtest: the legacy cookie name is spelled only in the resolver's own modules
verify	Test (includes calendar, Signal, Timeline, and suite truth gates)	2026-09-05T23:41:29.0646749Z ok 111 - the legacy cookie name is spelled only in the resolver's own modules
verify	Test (includes calendar, Signal, Timeline, and suite truth gates)	2026-09-05T23:41:29.0647423Z   ---
verify	Test (includes calendar, Signal, Timeline, and suite truth gates)	2026-09-05T23:41:29.0647855Z   duration_ms: 23.275378
verify	Test (includes calendar, Signal, Timeline, and suite truth gates)	2026-09-05T23:41:29.0648434Z   type: 'test'
verify	Test (includes calendar, Signal, Timeline, and suite truth gates)	2026-09-05T23:41:29.0648850Z   ...
verify	Test (includes calendar, Signal, Timeline, and suite truth gates)	2026-09-05T23:41:29.0649543Z # Subtest: the switch action validates, then writes, then redirects outside try/catch
verify	Test (includes calendar, Signal, Timeline, and suite truth gates)	2026-09-05T23:41:29.0650578Z ok 112 - the switch action validates, then writes, then redirects outside try/catch
verify	Test (includes calendar, Signal, Timeline, and suite truth gates)	2026-09-05T23:41:29.0651278Z   ---
verify	Test (includes calendar, Signal, Timeline, and suite truth gates)	2026-09-05T23:41:29.0651711Z   duration_ms: 0.266633
verify	Test (includes calendar, Signal, Timeline, and suite truth gates)	2026-09-05T23:41:29.0652179Z   type: 'test'
verify	Test (includes calendar, Signal, Timeline, and suite truth gates)	2026-09-05T23:41:29.0652569Z   ...
verify	Test (includes calendar, Signal, Timeline, and suite truth gates)	2026-09-05T23:41:29.0653259Z # Subtest: the switch action rejects archived targets and takes no arbitrary return URL
verify	Test (includes calendar, Signal, Timeline, and suite truth gates)	2026-09-05T23:41:29.0654281Z ok 113 - the switch action rejects archived targets and takes no arbitrary return URL
verify	Test (includes calendar, Signal, Timeline, and suite truth gates)	2026-09-05T23:41:29.0654972Z   ---
verify	Test (includes calendar, Signal, Timeline, and suite truth gates)	2026-09-05T23:41:29.0655506Z   duration_ms: 0.147938
verify	Test (includes calendar, Signal, Timeline, and suite truth gates)	2026-09-05T23:41:29.0655861Z   type: 'test'
verify	Test (includes calendar, Signal, Timeline, and suite truth gates)	2026-09-05T23:41:29.0656117Z   ...
verify	Test (includes calendar, Signal, Timeline, and suite truth gates)	2026-09-05T23:41:29.0656515Z # Subtest: the switch action is inert with the flag off
verify	Test (includes calendar, Signal, Timeline, and suite truth gates)	2026-09-05T23:41:29.0657049Z ok 114 - the switch action is inert with the flag off
verify	Test (includes calendar, Signal, Timeline, and suite truth gates)	2026-09-05T23:41:29.0657430Z   ---
verify	Test (includes calendar, Signal, Timeline, and suite truth gates)	2026-09-05T23:41:29.0657680Z   duration_ms: 0.293884
verify	Test (includes calendar, Signal, Timeline, and suite truth gates)	2026-09-05T23:41:29.0657950Z   type: 'test'
verify	Test (includes calendar, Signal, Timeline, and suite truth gates)	2026-09-05T23:41:29.0658196Z   ...
verify	Test (includes calendar, Signal, Timeline, and suite truth gates)	2026-09-05T23:41:29.0658872Z # Subtest: useSearchParams is quarantined in the bridge, under its own Suspense
verify	Test (includes calendar, Signal, Timeline, and suite truth gates)	2026-09-05T23:41:29.0659633Z ok 115 - useSearchParams is quarantined in the bridge, under its own Suspense
verify	Test (includes calendar, Signal, Timeline, and suite truth gates)	2026-09-05T23:41:29.0660083Z   ---
verify	Test (includes calendar, Signal, Timeline, and suite truth gates)	2026-09-05T23:41:29.0660324Z   duration_ms: 0.505716
verify	Test (includes calendar, Signal, Timeline, and suite truth gates)	2026-09-05T23:41:29.0660614Z   type: 'test'
verify	Test (includes calendar, Signal, Timeline, and suite truth gates)	2026-09-05T23:41:29.0660857Z   ...
verify	Test (includes calendar, Signal, Timeline, and suite truth gates)	2026-09-05T23:41:29.0661342Z # Subtest: the provider's one-selection guard is synchronous, not stateful
verify	Test (includes calendar, Signal, Timeline, and suite truth gates)	2026-09-05T23:41:29.0662063Z ok 116 - the provider's one-selection guard is synchronous, not stateful
verify	Test (includes calendar, Signal, Timeline, and suite truth gates)	2026-09-05T23:41:29.0662498Z   ---
verify	Test (includes calendar, Signal, Timeline, and suite truth gates)	2026-09-05T23:41:29.0662736Z   duration_ms: 0.171043
verify	Test (includes calendar, Signal, Timeline, and suite truth gates)	2026-09-05T23:41:29.0663015Z   type: 'test'
verify	Test (includes calendar, Signal, Timeline, and suite truth gates)	2026-09-05T23:41:29.0663261Z   ...
verify	Test (includes calendar, Signal, Timeline, and suite truth gates)	2026-09-05T23:41:29.0663791Z # Subtest: selectProject consults the unsaved-work signal before a switch may start
verify	Test (includes calendar, Signal, Timeline, and suite truth gates)	2026-09-05T23:41:29.0664817Z ok 117 - selectProject consults the unsaved-work signal before a switch may start
verify	Test (includes calendar, Signal, Timeline, and suite truth gates)	2026-09-05T23:41:29.0665316Z   ---
verify	Test (includes calendar, Signal, Timeline, and suite truth gates)	2026-09-05T23:41:29.0665555Z   duration_ms: 0.102321
verify	Test (includes calendar, Signal, Timeline, and suite truth gates)	2026-09-05T23:41:29.0665834Z   type: 'test'
verify	Test (includes calendar, Signal, Timeline, and suite truth gates)	2026-09-05T23:41:29.0666071Z   ...
verify	Test (includes calendar, Signal, Timeline, and suite truth gates)	2026-09-05T23:41:29.0666618Z # Subtest: the unsaved-work signal is consumable by surfaces that know nothing about Notes
verify	Test (includes calendar, Signal, Timeline, and suite truth gates)	2026-09-05T23:41:29.0667464Z ok 118 - the unsaved-work signal is consumable by surfaces that know nothing about Notes
verify	Test (includes calendar, Signal, Timeline, and suite truth gates)	2026-09-05T23:41:29.0668102Z   ---
verify	Test (includes calendar, Signal, Timeline, and suite truth gates)	2026-09-05T23:41:29.0668465Z   duration_ms: 0.527168
verify	Test (includes calendar, Signal, Timeline, and suite truth gates)	2026-09-05T23:41:29.0668736Z   type: 'test'
verify	Test (includes calendar, Signal, Timeline, and suite truth gates)	2026-09-05T23:41:29.0668966Z   ...
verify	Test (includes calendar, Signal, Timeline, and suite truth gates)	2026-09-05T23:41:29.0669453Z # Subtest: the Tasks sidebar switches through the provider flag-on and is unchanged flag-off
verify	Test (includes calendar, Signal, Timeline, and suite truth gates)	2026-09-05T23:41:29.0670224Z ok 119 - the Tasks sidebar switches through the provider flag-on and is unchanged flag-off
verify	Test (includes calendar, Signal, Timeline, and suite truth gates)	2026-09-05T23:41:29.0670700Z   ---
verify	Test (includes calendar, Signal, Timeline, and suite truth gates)	2026-09-05T23:41:29.0670931Z   duration_ms: 0.38631
verify	Test (includes calendar, Signal, Timeline, and suite truth gates)	2026-09-05T23:41:29.0671203Z   type: 'test'
verify	Test (includes calendar, Signal, Timeline, and suite truth gates)	2026-09-05T23:41:29.0671421Z   ...
verify	Test (includes calendar, Signal, Timeline, and suite truth gates)	2026-09-05T23:41:29.0671865Z # Subtest: the /app shell mounts the provider only when the flag is on
verify	Test (includes calendar, Signal, Timeline, and suite truth gates)	2026-09-05T23:41:29.0672465Z ok 120 - the /app shell mounts the provider only when the flag is on
verify	Test (includes calendar, Signal, Timeline, and suite truth gates)	2026-09-05T23:41:29.0672834Z   ---
verify	Test (includes calendar, Signal, Timeline, and suite truth gates)	2026-09-05T23:41:29.0673047Z   duration_ms: 0.119546
verify	Test (includes calendar, Signal, Timeline, and suite truth gates)	2026-09-05T23:41:29.0673290Z   type: 'test'
verify	Test (includes calendar, Signal, Timeline, and suite truth gates)	2026-09-05T23:41:29.0673517Z   ...
verify	Test (includes calendar, Signal, Timeline, and suite truth gates)	2026-09-05T23:41:29.0673995Z # Subtest: the Active Project chrome renders nothing at all with the flag off
verify	Test (includes calendar, Signal, Timeline, and suite truth gates)	2026-09-05T23:41:29.0674682Z ok 121 - the Active Project chrome renders nothing at all with the flag off
verify	Test (includes calendar, Signal, Timeline, and suite truth gates)	2026-09-05T23:41:29.0675123Z   ---
verify	Test (includes calendar, Signal, Timeline, and suite truth gates)	2026-09-05T23:41:29.0675356Z   duration_ms: 0.286102
verify	Test (includes calendar, Signal, Timeline, and suite truth gates)	2026-09-05T23:41:29.0675611Z   type: 'test'
verify	Test (includes calendar, Signal, Timeline, and suite truth gates)	2026-09-05T23:41:29.0675830Z   ...
verify	Test (includes calendar, Signal, Timeline, and suite truth gates)	2026-09-05T23:41:29.0676307Z # Subtest: the chrome paints only the provider's projection, never the cookie
verify	Test (includes calendar, Signal, Timeline, and suite truth gates)	2026-09-05T23:41:29.0676986Z ok 122 - the chrome paints only the provider's projection, never the cookie
verify	Test (includes calendar, Signal, Timeline, and suite truth gates)	2026-09-05T23:41:29.0677411Z   ---
verify	Test (includes calendar, Signal, Timeline, and suite truth gates)	2026-09-05T23:41:29.0677639Z   duration_ms: 0.226234
verify	Test (includes calendar, Signal, Timeline, and suite truth gates)	2026-09-05T23:41:29.0677893Z   type: 'test'
verify	Test (includes calendar, Signal, Timeline, and suite truth gates)	2026-09-05T23:41:29.0678121Z   ...
verify	Test (includes calendar, Signal, Timeline, and suite truth gates)	2026-09-05T23:41:29.0678859Z # Subtest: the catalog is fetched on demand, never in the shared shell
verify	Test (includes calendar, Signal, Timeline, and suite truth gates)	2026-09-05T23:41:29.0681193Z ok 123 - the catalog is fetched on demand, never in the shared shell
verify	Test (includes calendar, Signal, Timeline, and suite truth gates)	2026-09-05T23:41:29.0681610Z   ---
verify	Test (includes calendar, Signal, Timeline, and suite truth gates)	2026-09-05T23:41:29.0681835Z   duration_ms: 0.207576
verify	Test (includes calendar, Signal, Timeline, and suite truth gates)	2026-09-05T23:41:29.0682125Z   type: 'test'
verify	Test (includes calendar, Signal, Timeline, and suite truth gates)	2026-09-05T23:41:29.0682361Z   ...
verify	Test (includes calendar, Signal, Timeline, and suite truth gates)	2026-09-05T23:41:29.0682878Z # Subtest: archived and ambiguous Projects never travel through the guarded switch
verify	Test (includes calendar, Signal, Timeline, and suite truth gates)	2026-09-05T23:41:29.0683638Z ok 124 - archived and ambiguous Projects never travel through the guarded switch
verify	Test (includes calendar, Signal, Timeline, and suite truth gates)	2026-09-05T23:41:29.0684085Z   ---
verify	Test (includes calendar, Signal, Timeline, and suite truth gates)	2026-09-05T23:41:29.0684318Z   duration_ms: 0.187356
verify	Test (includes calendar, Signal, Timeline, and suite truth gates)	2026-09-05T23:41:29.0684596Z   type: 'test'
verify	Test (includes calendar, Signal, Timeline, and suite truth gates)	2026-09-05T23:41:29.0684843Z   ...
verify	Test (includes calendar, Signal, Timeline, and suite truth gates)	2026-09-05T23:41:29.0685278Z # Subtest: exactly one of the bar cell and the phone strip is mounted
verify	Test (includes calendar, Signal, Timeline, and suite truth gates)	2026-09-05T23:41:29.0685898Z ok 125 - exactly one of the bar cell and the phone strip is mounted
verify	Test (includes calendar, Signal, Timeline, and suite truth gates)	2026-09-05T23:41:29.0686310Z   ---
verify	Test (includes calendar, Signal, Timeline, and suite truth gates)	2026-09-05T23:41:29.0686546Z   duration_ms: 0.280974
verify	Test (includes calendar, Signal, Timeline, and suite truth gates)	2026-09-05T23:41:29.0686822Z   type: 'test'
verify	Test (includes calendar, Signal, Timeline, and suite truth gates)	2026-09-05T23:41:29.0687068Z   ...
verify	Test (includes calendar, Signal, Timeline, and suite truth gates)	2026-09-05T23:41:29.0687594Z # Subtest: the Tasks runtime mounts from the layout flag-off and from the page flag-on
verify	Test (includes calendar, Signal, Timeline, and suite truth gates)	2026-09-05T23:41:29.0688557Z ok 126 - the Tasks runtime mounts from the layout flag-off and from the page flag-on
verify	Test (includes calendar, Signal, Timeline, and suite truth gates)	2026-09-05T23:41:29.0689077Z   ---
verify	Test (includes calendar, Signal, Timeline, and suite truth gates)	2026-09-05T23:41:29.0689307Z   duration_ms: 0.134649
verify	Test (includes calendar, Signal, Timeline, and suite truth gates)	2026-09-05T23:41:29.0689570Z   type: 'test'
verify	Test (includes calendar, Signal, Timeline, and suite truth gates)	2026-09-05T23:41:29.0689816Z   ...
verify	Test (includes calendar, Signal, Timeline, and suite truth gates)	2026-09-05T23:41:29.0690254Z # Subtest: resolution reason codes are structurally server-only
verify	Test (includes calendar, Signal, Timeline, and suite truth gates)	2026-09-05T23:41:29.0690855Z ok 127 - resolution reason codes are structurally server-only
verify	Test (includes calendar, Signal, Timeline, and suite truth gates)	2026-09-05T23:41:29.0691271Z   ---
verify	Test (includes calendar, Signal, Timeline, and suite truth gates)	2026-09-05T23:41:29.0691515Z   duration_ms: 17.59135
verify	Test (includes calendar, Signal, Timeline, and suite truth gates)	2026-09-05T23:41:29.0691799Z   type: 'test'
verify	Test (includes calendar, Signal, Timeline, and suite truth gates)	2026-09-05T23:41:29.0692324Z   ...
verify	Test (includes calendar, Signal, Timeline, and suite truth gates)	2026-09-05T23:41:29.0692793Z # Subtest: personalized membership never enters a persistent cache
verify	Test (includes calendar, Signal, Timeline, and suite truth gates)	2026-09-05T23:41:29.0693445Z ok 128 - personalized membership never enters a persistent cache
verify	Test (includes calendar, Signal, Timeline, and suite truth gates)	2026-09-05T23:41:29.0693854Z   ---
verify	Test (includes calendar, Signal, Timeline, and suite truth gates)	2026-09-05T23:41:29.0694106Z   duration_ms: 0.622219
verify	Test (includes calendar, Signal, Timeline, and suite truth gates)	2026-09-05T23:41:29.0694379Z   type: 'test'
verify	Test (includes calendar, Signal, Timeline, and suite truth gates)	2026-09-05T23:41:29.0694613Z   ...
verify	Test (includes calendar, Signal, Timeline, and suite truth gates)	2026-09-05T23:41:29.0695106Z # Subtest: the request-scoped caches key on primitives, not object identity
verify	Test (includes calendar, Signal, Timeline, and suite truth gates)	2026-09-05T23:41:29.0696080Z ok 129 - the request-scoped caches key on primitives, not object identity
verify	Test (includes calendar, Signal, Timeline, and suite truth gates)	2026-09-05T23:41:29.0696526Z   ---
verify	Test (includes calendar, Signal, Timeline, and suite truth gates)	2026-09-05T23:41:29.0696775Z   duration_ms: 0.2983
verify	Test (includes calendar, Signal, Timeline, and suite truth gates)	2026-09-05T23:41:29.0697065Z   type: 'test'
verify	Test (includes calendar, Signal, Timeline, and suite truth gates)	2026-09-05T23:41:29.0697311Z   ...
verify	Test (includes calendar, Signal, Timeline, and suite truth gates)	2026-09-05T23:41:31.4390942Z # Subtest: My work greets only its current member by a known profile name and keeps missing names neutral
verify	Test (includes calendar, Signal, Timeline, and suite truth gates)	2026-09-05T23:41:31.4392403Z ok 130 - My work greets only its current member by a known profile name and keeps missing names neutral
verify	Test (includes calendar, Signal, Timeline, and suite truth gates)	2026-09-05T23:41:31.4393491Z   ---
verify	Test (includes calendar, Signal, Timeline, and suite truth gates)	2026-09-05T23:41:31.4394039Z   duration_ms: 643.100732
verify	Test (includes calendar, Signal, Timeline, and suite truth gates)	2026-09-05T23:41:31.4394551Z   type: 'test'
verify	Test (includes calendar, Signal, Timeline, and suite truth gates)	2026-09-05T23:41:31.4394995Z   ...
verify	Test (includes calendar, Signal, Timeline, and suite truth gates)	2026-09-05T23:41:31.4395840Z # Subtest: My work preserves the canonical demo name through the same member data without a database read
verify	Test (includes calendar, Signal, Timeline, and suite truth gates)	2026-09-05T23:41:31.4397099Z ok 131 - My work preserves the canonical demo name through the same member data without a database read
verify	Test (includes calendar, Signal, Timeline, and suite truth gates)	2026-09-05T23:41:31.4397864Z   ---
verify	Test (includes calendar, Signal, Timeline, and suite truth gates)	2026-09-05T23:41:31.4398203Z   duration_ms: 271.789886
verify	Test (includes calendar, Signal, Timeline, and suite truth gates)	2026-09-05T23:41:31.4398823Z   type: 'test'
verify	Test (includes calendar, Signal, Timeline, and suite truth gates)	2026-09-05T23:41:31.4399099Z   ...
verify	Test (includes calendar, Signal, Timeline, and suite truth gates)	2026-09-05T23:41:31.4399842Z # Subtest: actual task-focus page learns stored project before the mapped Task; Notes/Home links cannot become false not-found
verify	Test (includes calendar, Signal, Timeline, and suite truth gates)	2026-09-05T23:41:31.4400598Z ok 132 - actual task-focus page learns stored project before the mapped Task; Notes/Home links cannot become false not-found
verify	Test (includes calendar, Signal, Timeline, and suite truth gates)	2026-09-05T23:41:31.4401008Z   ---
verify	Test (includes calendar, Signal, Timeline, and suite truth gates)	2026-09-05T23:41:31.4401174Z   duration_ms: 320.359694
verify	Test (includes calendar, Signal, Timeline, and suite truth gates)	2026-09-05T23:41:31.4401381Z   type: 'test'
verify	Test (includes calendar, Signal, Timeline, and suite truth gates)	2026-09-05T23:41:31.4401543Z   ...
verify	Test (includes calendar, Signal, Timeline, and suite truth gates)	2026-09-05T23:41:31.4402015Z # Subtest: actual Tasks and My work routes consume authorized B, reject foreign/removed/malformed targets, and never write on GET
verify	Test (includes calendar, Signal, Timeline, and suite truth gates)	2026-09-05T23:41:31.4402726Z ok 133 - actual Tasks and My work routes consume authorized B, reject foreign/removed/malformed targets, and never write on GET
verify	Test (includes calendar, Signal, Timeline, and suite truth gates)	2026-09-05T23:41:31.4403124Z   ---
verify	Test (includes calendar, Signal, Timeline, and suite truth gates)	2026-09-05T23:41:31.4403292Z   duration_ms: 402.632681
verify	Test (includes calendar, Signal, Timeline, and suite truth gates)	2026-09-05T23:41:31.4403487Z   type: 'test'
verify	Test (includes calendar, Signal, Timeline, and suite truth gates)	2026-09-05T23:41:31.4403646Z   ...
verify	Test (includes calendar, Signal, Timeline, and suite truth gates)	2026-09-05T23:41:31.4404149Z # Subtest: explicit legacy recovery reauthorizes, writes both protected preferences, and preserves only typed task/My work destinations
verify	Test (includes calendar, Signal, Timeline, and suite truth gates)	2026-09-05T23:41:31.4404907Z ok 134 - explicit legacy recovery reauthorizes, writes both protected preferences, and preserves only typed task/My work destinations
verify	Test (includes calendar, Signal, Timeline, and suite truth gates)	2026-09-05T23:41:31.4405325Z   ---
verify	Test (includes calendar, Signal, Timeline, and suite truth gates)	2026-09-05T23:41:31.4405485Z   duration_ms: 302.470092
verify	Test (includes calendar, Signal, Timeline, and suite truth gates)	2026-09-05T23:41:31.4405665Z   type: 'test'
verify	Test (includes calendar, Signal, Timeline, and suite truth gates)	2026-09-05T23:41:31.4405827Z   ...
verify	Test (includes calendar, Signal, Timeline, and suite truth gates)	2026-09-05T23:41:31.4468781Z # Subtest: real persisted assignments survive reload and render all open dates; personal emptiness never offers a project reset
verify	Test (includes calendar, Signal, Timeline, and suite truth gates)	2026-09-05T23:41:31.4469904Z ok 135 - real persisted assignments survive reload and render all open dates; personal emptiness never offers a project reset
verify	Test (includes calendar, Signal, Timeline, and suite truth gates)	2026-09-05T23:41:31.4498799Z   ---
verify	Test (includes calendar, Signal, Timeline, and suite truth gates)	2026-09-05T23:41:31.4508891Z   duration_ms: 270.638596
verify	Test (includes calendar, Signal, Timeline, and suite truth gates)	2026-09-05T23:41:31.4528791Z   type: 'test'
verify	Test (includes calendar, Signal, Timeline, and suite truth gates)	2026-09-05T23:41:31.4548669Z   ...
verify	Test (includes calendar, Signal, Timeline, and suite truth gates)	2026-09-05T23:41:31.4549194Z # Subtest: no route in the WP3 route half calls the ambient accessor
verify	Test (includes calendar, Signal, Timeline, and suite truth gates)	2026-09-05T23:41:31.4549819Z ok 136 - no route in the WP3 route half calls the ambient accessor
verify	Test (includes calendar, Signal, Timeline, and suite truth gates)	2026-09-05T23:41:31.4550146Z   ---
verify	Test (includes calendar, Signal, Timeline, and suite truth gates)	2026-09-05T23:41:31.4550315Z   duration_ms: 0.315406
verify	Test (includes calendar, Signal, Timeline, and suite truth gates)	2026-09-05T23:41:31.4550514Z   type: 'test'
verify	Test (includes calendar, Signal, Timeline, and suite truth gates)	2026-09-05T23:41:31.4550676Z   ...
verify	Test (includes calendar, Signal, Timeline, and suite truth gates)	2026-09-05T23:41:31.4550995Z # Subtest: the shared helper never returns the resolver's server-only reason code
verify	Test (includes calendar, Signal, Timeline, and suite truth gates)	2026-09-05T23:41:31.4551470Z ok 137 - the shared helper never returns the resolver's server-only reason code
verify	Test (includes calendar, Signal, Timeline, and suite truth gates)	2026-09-05T23:41:31.4552111Z   ---
verify	Test (includes calendar, Signal, Timeline, and suite truth gates)	2026-09-05T23:41:31.4552274Z   duration_ms: 0.193646
verify	Test (includes calendar, Signal, Timeline, and suite truth gates)	2026-09-05T23:41:31.4552453Z   type: 'test'
verify	Test (includes calendar, Signal, Timeline, and suite truth gates)	2026-09-05T23:41:31.4552617Z   ...
verify	Test (includes calendar, Signal, Timeline, and suite truth gates)	2026-09-05T23:41:31.4552920Z # Subtest: every authorization goes through the resolver's EXPLICIT branch
verify	Test (includes calendar, Signal, Timeline, and suite truth gates)	2026-09-05T23:41:31.4553364Z ok 138 - every authorization goes through the resolver's EXPLICIT branch
verify	Test (includes calendar, Signal, Timeline, and suite truth gates)	2026-09-05T23:41:31.4553665Z   ---
verify	Test (includes calendar, Signal, Timeline, and suite truth gates)	2026-09-05T23:41:31.4553825Z   duration_ms: 0.273974
verify	Test (includes calendar, Signal, Timeline, and suite truth gates)	2026-09-05T23:41:31.4554209Z   type: 'test'
verify	Test (includes calendar, Signal, Timeline, and suite truth gates)	2026-09-05T23:41:31.4554370Z   ...
verify	Test (includes calendar, Signal, Timeline, and suite truth gates)	2026-09-05T23:41:31.4554729Z # Subtest: authorizeObjectProject shape-gates before it queries, and re-checks identity
verify	Test (includes calendar, Signal, Timeline, and suite truth gates)	2026-09-05T23:41:31.4555267Z ok 139 - authorizeObjectProject shape-gates before it queries, and re-checks identity
verify	Test (includes calendar, Signal, Timeline, and suite truth gates)	2026-09-05T23:41:31.4555595Z   ---
verify	Test (includes calendar, Signal, Timeline, and suite truth gates)	2026-09-05T23:41:31.4555752Z   duration_ms: 0.371278
verify	Test (includes calendar, Signal, Timeline, and suite truth gates)	2026-09-05T23:41:31.4555929Z   type: 'test'
verify	Test (includes calendar, Signal, Timeline, and suite truth gates)	2026-09-05T23:41:31.4556082Z   ...
verify	Test (includes calendar, Signal, Timeline, and suite truth gates)	2026-09-05T23:41:31.4556410Z # Subtest: demo mode still compares the object's Project instead of waving it through
verify	Test (includes calendar, Signal, Timeline, and suite truth gates)	2026-09-05T23:41:31.4556883Z ok 140 - demo mode still compares the object's Project instead of waving it through
verify	Test (includes calendar, Signal, Timeline, and suite truth gates)	2026-09-05T23:41:31.4557174Z   ---
verify	Test (includes calendar, Signal, Timeline, and suite truth gates)	2026-09-05T23:41:31.4557332Z   duration_ms: 0.19613
verify	Test (includes calendar, Signal, Timeline, and suite truth gates)	2026-09-05T23:41:31.4557508Z   type: 'test'
verify	Test (includes calendar, Signal, Timeline, and suite truth gates)	2026-09-05T23:41:31.4557660Z   ...
verify	Test (includes calendar, Signal, Timeline, and suite truth gates)	2026-09-05T23:41:31.4557942Z # Subtest: the task route proves membership before it reads task content
verify	Test (includes calendar, Signal, Timeline, and suite truth gates)	2026-09-05T23:41:31.4558535Z ok 141 - the task route proves membership before it reads task content
verify	Test (includes calendar, Signal, Timeline, and suite truth gates)	2026-09-05T23:41:31.4558949Z   ---
verify	Test (includes calendar, Signal, Timeline, and suite truth gates)	2026-09-05T23:41:31.4559182Z   duration_ms: 0.141919
verify	Test (includes calendar, Signal, Timeline, and suite truth gates)	2026-09-05T23:41:31.4559445Z   type: 'test'
verify	Test (includes calendar, Signal, Timeline, and suite truth gates)	2026-09-05T23:41:31.4559628Z   ...
verify	Test (includes calendar, Signal, Timeline, and suite truth gates)	2026-09-05T23:41:31.4559906Z # Subtest: the task route emits a canonical V3 URL and no retired path
verify	Test (includes calendar, Signal, Timeline, and suite truth gates)	2026-09-05T23:41:31.4560294Z ok 142 - the task route emits a canonical V3 URL and no retired path
verify	Test (includes calendar, Signal, Timeline, and suite truth gates)	2026-09-05T23:41:31.4560555Z   ---
verify	Test (includes calendar, Signal, Timeline, and suite truth gates)	2026-09-05T23:41:31.4560714Z   duration_ms: 0.220676
verify	Test (includes calendar, Signal, Timeline, and suite truth gates)	2026-09-05T23:41:31.4560936Z   type: 'test'
verify	Test (includes calendar, Signal, Timeline, and suite truth gates)	2026-09-05T23:41:31.4561097Z   ...
verify	Test (includes calendar, Signal, Timeline, and suite truth gates)	2026-09-05T23:41:31.4561359Z # Subtest: the task route's not-found state has exactly one shape
verify	Test (includes calendar, Signal, Timeline, and suite truth gates)	2026-09-05T23:41:31.4561744Z ok 143 - the task route's not-found state has exactly one shape
verify	Test (includes calendar, Signal, Timeline, and suite truth gates)	2026-09-05T23:41:31.4562006Z   ---
verify	Test (includes calendar, Signal, Timeline, and suite truth gates)	2026-09-05T23:41:31.4562162Z   duration_ms: 0.183631
verify	Test (includes calendar, Signal, Timeline, and suite truth gates)	2026-09-05T23:41:31.4562347Z   type: 'test'
verify	Test (includes calendar, Signal, Timeline, and suite truth gates)	2026-09-05T23:41:31.4562517Z   ...
verify	Test (includes calendar, Signal, Timeline, and suite truth gates)	2026-09-05T23:41:31.4562833Z # Subtest: every print page accepts searchParams and gates before reading tasks
verify	Test (includes calendar, Signal, Timeline, and suite truth gates)	2026-09-05T23:41:31.4563288Z ok 144 - every print page accepts searchParams and gates before reading tasks
verify	Test (includes calendar, Signal, Timeline, and suite truth gates)	2026-09-05T23:41:31.4563580Z   ---
verify	Test (includes calendar, Signal, Timeline, and suite truth gates)	2026-09-05T23:41:31.4563760Z   duration_ms: 0.177342
verify	Test (includes calendar, Signal, Timeline, and suite truth gates)	2026-09-05T23:41:31.4563948Z   type: 'test'
verify	Test (includes calendar, Signal, Timeline, and suite truth gates)	2026-09-05T23:41:31.4564124Z   ...
verify	Test (includes calendar, Signal, Timeline, and suite truth gates)	2026-09-05T23:41:31.4564405Z # Subtest: a refused print renders a refusal, never an empty board
verify	Test (includes calendar, Signal, Timeline, and suite truth gates)	2026-09-05T23:41:31.4564779Z ok 145 - a refused print renders a refusal, never an empty board
verify	Test (includes calendar, Signal, Timeline, and suite truth gates)	2026-09-05T23:41:31.4565040Z   ---
verify	Test (includes calendar, Signal, Timeline, and suite truth gates)	2026-09-05T23:41:31.4565205Z   duration_ms: 0.235468
verify	Test (includes calendar, Signal, Timeline, and suite truth gates)	2026-09-05T23:41:31.4565389Z   type: 'test'
verify	Test (includes calendar, Signal, Timeline, and suite truth gates)	2026-09-05T23:41:31.4565550Z   ...
verify	Test (includes calendar, Signal, Timeline, and suite truth gates)	2026-09-05T23:41:31.4565784Z # Subtest: the print layout resolves no Project at all
verify	Test (includes calendar, Signal, Timeline, and suite truth gates)	2026-09-05T23:41:31.4566112Z ok 146 - the print layout resolves no Project at all
verify	Test (includes calendar, Signal, Timeline, and suite truth gates)	2026-09-05T23:41:31.4566343Z   ---
verify	Test (includes calendar, Signal, Timeline, and suite truth gates)	2026-09-05T23:41:31.4566501Z   duration_ms: 0.174898
verify	Test (includes calendar, Signal, Timeline, and suite truth gates)	2026-09-05T23:41:31.4566687Z   type: 'test'
verify	Test (includes calendar, Signal, Timeline, and suite truth gates)	2026-09-05T23:41:31.4566853Z   ...
verify	Test (includes calendar, Signal, Timeline, and suite truth gates)	2026-09-05T23:41:31.4567145Z # Subtest: the attachment route derives its Project from the attachment
verify	Test (includes calendar, Signal, Timeline, and suite truth gates)	2026-09-05T23:41:31.4567557Z ok 147 - the attachment route derives its Project from the attachment
verify	Test (includes calendar, Signal, Timeline, and suite truth gates)	2026-09-05T23:41:31.4567824Z   ---
verify	Test (includes calendar, Signal, Timeline, and suite truth gates)	2026-09-05T23:41:31.4567980Z   duration_ms: 0.125094
verify	Test (includes calendar, Signal, Timeline, and suite truth gates)	2026-09-05T23:41:31.4568160Z   type: 'test'
verify	Test (includes calendar, Signal, Timeline, and suite truth gates)	2026-09-05T23:41:31.4568419Z   ...
verify	Test (includes calendar, Signal, Timeline, and suite truth gates)	2026-09-05T23:41:31.4568729Z # Subtest: an unauthorized attachment is indistinguishable from a missing one
verify	Test (includes calendar, Signal, Timeline, and suite truth gates)	2026-09-05T23:41:31.4569174Z ok 148 - an unauthorized attachment is indistinguishable from a missing one
verify	Test (includes calendar, Signal, Timeline, and suite truth gates)	2026-09-05T23:41:31.4569607Z   ---
verify	Test (includes calendar, Signal, Timeline, and suite truth gates)	2026-09-05T23:41:31.4569763Z   duration_ms: 0.19697
verify	Test (includes calendar, Signal, Timeline, and suite truth gates)	2026-09-05T23:41:31.4569940Z   type: 'test'
verify	Test (includes calendar, Signal, Timeline, and suite truth gates)	2026-09-05T23:41:31.4570101Z   ...
verify	Test (includes calendar, Signal, Timeline, and suite truth gates)	2026-09-05T23:41:31.4570436Z # Subtest: /app/tasks reads workspaceId and refuses rather than rendering a wrong board
verify	Test (includes calendar, Signal, Timeline, and suite truth gates)	2026-09-05T23:41:31.4570919Z ok 149 - /app/tasks reads workspaceId and refuses rather than rendering a wrong board
verify	Test (includes calendar, Signal, Timeline, and suite truth gates)	2026-09-05T23:41:31.4571232Z   ---
verify	Test (includes calendar, Signal, Timeline, and suite truth gates)	2026-09-05T23:41:31.4571504Z   duration_ms: 0.156922
verify	Test (includes calendar, Signal, Timeline, and suite truth gates)	2026-09-05T23:41:31.4571689Z   type: 'test'
verify	Test (includes calendar, Signal, Timeline, and suite truth gates)	2026-09-05T23:41:31.4571850Z   ...
verify	Test (includes calendar, Signal, Timeline, and suite truth gates)	2026-09-05T23:41:31.4572176Z # Subtest: the venue-welcome demo guard still precedes every production boundary
verify	Test (includes calendar, Signal, Timeline, and suite truth gates)	2026-09-05T23:41:31.4572634Z ok 150 - the venue-welcome demo guard still precedes every production boundary
verify	Test (includes calendar, Signal, Timeline, and suite truth gates)	2026-09-05T23:41:31.4572925Z   ---
verify	Test (includes calendar, Signal, Timeline, and suite truth gates)	2026-09-05T23:41:31.4573090Z   duration_ms: 0.109772
verify	Test (includes calendar, Signal, Timeline, and suite truth gates)	2026-09-05T23:41:31.4573265Z   type: 'test'
verify	Test (includes calendar, Signal, Timeline, and suite truth gates)	2026-09-05T23:41:31.4573420Z   ...
verify	Test (includes calendar, Signal, Timeline, and suite truth gates)	2026-09-05T23:41:31.4573698Z # Subtest: the shell fails closed and prefers an explicit Project
verify	Test (includes calendar, Signal, Timeline, and suite truth gates)	2026-09-05T23:41:31.4574080Z ok 151 - the shell fails closed and prefers an explicit Project
verify	Test (includes calendar, Signal, Timeline, and suite truth gates)	2026-09-05T23:41:31.4574339Z   ---
verify	Test (includes calendar, Signal, Timeline, and suite truth gates)	2026-09-05T23:41:31.4574496Z   duration_ms: 0.186345
verify	Test (includes calendar, Signal, Timeline, and suite truth gates)	2026-09-05T23:41:31.4574681Z   type: 'test'
verify	Test (includes calendar, Signal, Timeline, and suite truth gates)	2026-09-05T23:41:31.4574836Z   ...
verify	Test (includes calendar, Signal, Timeline, and suite truth gates)	2026-09-05T23:41:31.4575178Z # Subtest: every runtime segment layout mounts through the flag branch and resolves nothing
verify	Test (includes calendar, Signal, Timeline, and suite truth gates)	2026-09-05T23:41:31.4575696Z ok 152 - every runtime segment layout mounts through the flag branch and resolves nothing
verify	Test (includes calendar, Signal, Timeline, and suite truth gates)	2026-09-05T23:41:31.4576019Z   ---
verify	Test (includes calendar, Signal, Timeline, and suite truth gates)	2026-09-05T23:41:31.4576174Z   duration_ms: 0.283618
verify	Test (includes calendar, Signal, Timeline, and suite truth gates)	2026-09-05T23:41:31.4576354Z   type: 'test'
verify	Test (includes calendar, Signal, Timeline, and suite truth gates)	2026-09-05T23:41:31.4576511Z   ...
verify	Test (includes calendar, Signal, Timeline, and suite truth gates)	2026-09-05T23:41:31.4576798Z # Subtest: every page in a runtime segment mounts the runtime's page half
verify	Test (includes calendar, Signal, Timeline, and suite truth gates)	2026-09-05T23:41:31.4577207Z ok 153 - every page in a runtime segment mounts the runtime's page half
verify	Test (includes calendar, Signal, Timeline, and suite truth gates)	2026-09-05T23:41:31.4577491Z   ---
verify	Test (includes calendar, Signal, Timeline, and suite truth gates)	2026-09-05T23:41:31.4577649Z   duration_ms: 0.276588
verify	Test (includes calendar, Signal, Timeline, and suite truth gates)	2026-09-05T23:41:31.4577834Z   type: 'test'
verify	Test (includes calendar, Signal, Timeline, and suite truth gates)	2026-09-05T23:41:31.4577997Z   ...
verify	Test (includes calendar, Signal, Timeline, and suite truth gates)	2026-09-05T23:41:31.4578740Z # Subtest: only the pages whose content follows the URL hand the mount their searchParams
verify	Test (includes calendar, Signal, Timeline, and suite truth gates)	2026-09-05T23:41:31.4579577Z ok 154 - only the pages whose content follows the URL hand the mount their searchParams
verify	Test (includes calendar, Signal, Timeline, and suite truth gates)	2026-09-05T23:41:31.4580071Z   ---
verify	Test (includes calendar, Signal, Timeline, and suite truth gates)	2026-09-05T23:41:31.4580315Z   duration_ms: 0.226364
verify	Test (includes calendar, Signal, Timeline, and suite truth gates)	2026-09-05T23:41:31.4580571Z   type: 'test'
verify	Test (includes calendar, Signal, Timeline, and suite truth gates)	2026-09-05T23:41:31.4580808Z   ...
verify	Test (includes calendar, Signal, Timeline, and suite truth gates)	2026-09-05T23:41:31.4581344Z # Subtest: Tasks refusals publish an unavailable context without reading an ambient runtime
verify	Test (includes calendar, Signal, Timeline, and suite truth gates)	2026-09-05T23:41:31.4581979Z ok 155 - Tasks refusals publish an unavailable context without reading an ambient runtime
verify	Test (includes calendar, Signal, Timeline, and suite truth gates)	2026-09-05T23:41:31.4582303Z   ---
verify	Test (includes calendar, Signal, Timeline, and suite truth gates)	2026-09-05T23:41:31.4582457Z   duration_ms: 0.120658
verify	Test (includes calendar, Signal, Timeline, and suite truth gates)	2026-09-05T23:41:31.4582632Z   type: 'test'
verify	Test (includes calendar, Signal, Timeline, and suite truth gates)	2026-09-05T23:41:31.4582789Z   ...
verify	Test (includes calendar, Signal, Timeline, and suite truth gates)	2026-09-05T23:41:31.4583158Z # Subtest: archived object and archive destination keep content and runtime on the proven project
verify	Test (includes calendar, Signal, Timeline, and suite truth gates)	2026-09-05T23:41:31.4583726Z ok 156 - archived object and archive destination keep content and runtime on the proven project
verify	Test (includes calendar, Signal, Timeline, and suite truth gates)	2026-09-05T23:41:31.4584070Z   ---
verify	Test (includes calendar, Signal, Timeline, and suite truth gates)	2026-09-05T23:41:31.4584226Z   duration_ms: 0.160547
verify	Test (includes calendar, Signal, Timeline, and suite truth gates)	2026-09-05T23:41:31.4584406Z   type: 'test'
verify	Test (includes calendar, Signal, Timeline, and suite truth gates)	2026-09-05T23:41:31.4584565Z   ...
verify	Test (includes calendar, Signal, Timeline, and suite truth gates)	2026-09-05T23:41:31.4584896Z # Subtest: the shell records how the searchParams half of its allowlist condition is met
verify	Test (includes calendar, Signal, Timeline, and suite truth gates)	2026-09-05T23:41:31.4585375Z ok 157 - the shell records how the searchParams half of its allowlist condition is met
verify	Test (includes calendar, Signal, Timeline, and suite truth gates)	2026-09-05T23:41:31.4585684Z   ---
verify	Test (includes calendar, Signal, Timeline, and suite truth gates)	2026-09-05T23:41:31.4585840Z   duration_ms: 0.071936
verify	Test (includes calendar, Signal, Timeline, and suite truth gates)	2026-09-05T23:41:31.4586014Z   type: 'test'
verify	Test (includes calendar, Signal, Timeline, and suite truth gates)	2026-09-05T23:41:31.4586169Z   ...
verify	Test (includes calendar, Signal, Timeline, and suite truth gates)	2026-09-05T23:41:31.5012112Z # Subtest: the analytics boundary names exactly the four couple-facing routes
verify	Test (includes calendar, Signal, Timeline, and suite truth gates)	2026-09-05T23:41:31.5013273Z ok 158 - the analytics boundary names exactly the four couple-facing routes
verify	Test (includes calendar, Signal, Timeline, and suite truth gates)	2026-09-05T23:41:31.5013872Z   ---
verify	Test (includes calendar, Signal, Timeline, and suite truth gates)	2026-09-05T23:41:31.5014174Z   duration_ms: 0.7931
verify	Test (includes calendar, Signal, Timeline, and suite truth gates)	2026-09-05T23:41:31.5014481Z   type: 'test'
verify	Test (includes calendar, Signal, Timeline, and suite truth gates)	2026-09-05T23:41:31.5015176Z   ...
verify	Test (includes calendar, Signal, Timeline, and suite truth gates)	2026-09-05T23:41:31.5015522Z # Subtest: the predicate matches a route root and its children, and nothing else
verify	Test (includes calendar, Signal, Timeline, and suite truth gates)	2026-09-05T23:41:31.5016043Z ok 159 - the predicate matches a route root and its children, and nothing else
verify	Test (includes calendar, Signal, Timeline, and suite truth gates)	2026-09-05T23:41:31.5016450Z   ---
verify	Test (includes calendar, Signal, Timeline, and suite truth gates)	2026-09-05T23:41:31.5016695Z   duration_ms: 0.215688
verify	Test (includes calendar, Signal, Timeline, and suite truth gates)	2026-09-05T23:41:31.5017036Z   type: 'test'
verify	Test (includes calendar, Signal, Timeline, and suite truth gates)	2026-09-05T23:41:31.5017317Z   ...
verify	Test (includes calendar, Signal, Timeline, and suite truth gates)	2026-09-05T23:41:31.5017757Z # Subtest: GoogleTag refuses the excluded routes before anything else
verify	Test (includes calendar, Signal, Timeline, and suite truth gates)	2026-09-05T23:41:31.5018610Z ok 160 - GoogleTag refuses the excluded routes before anything else
verify	Test (includes calendar, Signal, Timeline, and suite truth gates)	2026-09-05T23:41:31.5019057Z   ---
verify	Test (includes calendar, Signal, Timeline, and suite truth gates)	2026-09-05T23:41:31.5019304Z   duration_ms: 0.214827
verify	Test (includes calendar, Signal, Timeline, and suite truth gates)	2026-09-05T23:41:31.5019640Z   type: 'test'
verify	Test (includes calendar, Signal, Timeline, and suite truth gates)	2026-09-05T23:41:31.5025530Z   ...
verify	Test (includes calendar, Signal, Timeline, and suite truth gates)	2026-09-05T23:41:31.5029099Z # Subtest: no excluded route tree renders the tag itself
verify	Test (includes calendar, Signal, Timeline, and suite truth gates)	2026-09-05T23:41:31.5029744Z ok 161 - no excluded route tree renders the tag itself
verify	Test (includes calendar, Signal, Timeline, and suite truth gates)	2026-09-05T23:41:31.5030204Z   ---
verify	Test (includes calendar, Signal, Timeline, and suite truth gates)	2026-09-05T23:41:31.5030473Z   duration_ms: 2.300045
verify	Test (includes calendar, Signal, Timeline, and suite truth gates)	2026-09-05T23:41:31.5030772Z   type: 'test'
verify	Test (includes calendar, Signal, Timeline, and suite truth gates)	2026-09-05T23:41:31.5031025Z   ...
verify	Test (includes calendar, Signal, Timeline, and suite truth gates)	2026-09-05T23:41:31.5031616Z # Subtest: the per-route CSP for /p, /share and /embed carries no analytics host
verify	Test (includes calendar, Signal, Timeline, and suite truth gates)	2026-09-05T23:41:31.5032424Z ok 162 - the per-route CSP for /p, /share and /embed carries no analytics host
verify	Test (includes calendar, Signal, Timeline, and suite truth gates)	2026-09-05T23:41:31.5032941Z   ---
verify	Test (includes calendar, Signal, Timeline, and suite truth gates)	2026-09-05T23:41:31.5033195Z   duration_ms: 0.522261
verify	Test (includes calendar, Signal, Timeline, and suite truth gates)	2026-09-05T23:41:31.5033531Z   type: 'test'
verify	Test (includes calendar, Signal, Timeline, and suite truth gates)	2026-09-05T23:41:31.5033851Z   ...
verify	Test (includes calendar, Signal, Timeline, and suite truth gates)	2026-09-05T23:41:31.5034328Z # Subtest: no owner surface renders a raw qualified view count
verify	Test (includes calendar, Signal, Timeline, and suite truth gates)	2026-09-05T23:41:31.5034956Z ok 163 - no owner surface renders a raw qualified view count
verify	Test (includes calendar, Signal, Timeline, and suite truth gates)	2026-09-05T23:41:31.5035408Z   ---
verify	Test (includes calendar, Signal, Timeline, and suite truth gates)	2026-09-05T23:41:31.5035650Z   duration_ms: 0.554087
verify	Test (includes calendar, Signal, Timeline, and suite truth gates)	2026-09-05T23:41:31.5035940Z   type: 'test'
verify	Test (includes calendar, Signal, Timeline, and suite truth gates)	2026-09-05T23:41:31.5059151Z   ...
verify	Test (includes calendar, Signal, Timeline, and suite truth gates)	2026-09-05T23:41:31.5069266Z # Subtest: the last-viewed timestamp is never rendered at day precision
verify	Test (includes calendar, Signal, Timeline, and suite truth gates)	2026-09-05T23:41:31.5071476Z ok 164 - the last-viewed timestamp is never rendered at day precision
verify	Test (includes calendar, Signal, Timeline, and suite truth gates)	2026-09-05T23:41:31.5072335Z   ---
verify	Test (includes calendar, Signal, Timeline, and suite truth gates)	2026-09-05T23:41:31.5072711Z   duration_ms: 0.230821
verify	Test (includes calendar, Signal, Timeline, and suite truth gates)	2026-09-05T23:41:31.5073010Z   type: 'test'
verify	Test (includes calendar, Signal, Timeline, and suite truth gates)	2026-09-05T23:41:31.5073268Z   ...
verify	Test (includes calendar, Signal, Timeline, and suite truth gates)	2026-09-05T23:41:31.5073764Z # Subtest: the suppression floor lives with the value, not with a caller
verify	Test (includes calendar, Signal, Timeline, and suite truth gates)	2026-09-05T23:41:31.5074427Z ok 165 - the suppression floor lives with the value, not with a caller
verify	Test (includes calendar, Signal, Timeline, and suite truth gates)	2026-09-05T23:41:31.5074855Z   ---
verify	Test (includes calendar, Signal, Timeline, and suite truth gates)	2026-09-05T23:41:31.5075087Z   duration_ms: 0.326502
verify	Test (includes calendar, Signal, Timeline, and suite truth gates)	2026-09-05T23:41:31.5075354Z   type: 'test'
verify	Test (includes calendar, Signal, Timeline, and suite truth gates)	2026-09-05T23:41:31.5075670Z   ...
verify	Test (includes calendar, Signal, Timeline, and suite truth gates)	2026-09-05T23:41:31.5076130Z # Subtest: Sentry uses the shared analytics boundary, not its own route list
verify	Test (includes calendar, Signal, Timeline, and suite truth gates)	2026-09-05T23:41:31.5076804Z ok 166 - Sentry uses the shared analytics boundary, not its own route list
verify	Test (includes calendar, Signal, Timeline, and suite truth gates)	2026-09-05T23:41:31.5077204Z   ---
verify	Test (includes calendar, Signal, Timeline, and suite truth gates)	2026-09-05T23:41:31.5077366Z   duration_ms: 0.564924
verify	Test (includes calendar, Signal, Timeline, and suite truth gates)	2026-09-05T23:41:31.5077540Z   type: 'test'
verify	Test (includes calendar, Signal, Timeline, and suite truth gates)	2026-09-05T23:41:31.5077706Z   ...
verify	Test (includes calendar, Signal, Timeline, and suite truth gates)	2026-09-05T23:41:31.5078006Z # Subtest: no couple-facing route is excluded from GA4 but not from Sentry
verify	Test (includes calendar, Signal, Timeline, and suite truth gates)	2026-09-05T23:41:31.5078644Z ok 167 - no couple-facing route is excluded from GA4 but not from Sentry
verify	Test (includes calendar, Signal, Timeline, and suite truth gates)	2026-09-05T23:41:31.5078933Z   ---
verify	Test (includes calendar, Signal, Timeline, and suite truth gates)	2026-09-05T23:41:31.5079103Z   duration_ms: 0.519677
verify	Test (includes calendar, Signal, Timeline, and suite truth gates)	2026-09-05T23:41:31.5079284Z   type: 'test'
verify	Test (includes calendar, Signal, Timeline, and suite truth gates)	2026-09-05T23:41:31.5079439Z   ...
verify	Test (includes calendar, Signal, Timeline, and suite truth gates)	2026-09-05T23:41:31.5079793Z # Subtest: the published page is cached, which is what makes the revalidation load-bearing
verify	Test (includes calendar, Signal, Timeline, and suite truth gates)	2026-09-05T23:41:31.5080319Z ok 168 - the published page is cached, which is what makes the revalidation load-bearing
verify	Test (includes calendar, Signal, Timeline, and suite truth gates)	2026-09-05T23:41:31.5080669Z   ---
verify	Test (includes calendar, Signal, Timeline, and suite truth gates)	2026-09-05T23:41:31.5080837Z   duration_ms: 0.874109
verify	Test (includes calendar, Signal, Timeline, and suite truth gates)	2026-09-05T23:41:31.5081012Z   type: 'test'
verify	Test (includes calendar, Signal, Timeline, and suite truth gates)	2026-09-05T23:41:31.5081172Z   ...
verify	Test (includes calendar, Signal, Timeline, and suite truth gates)	2026-09-05T23:41:31.5081436Z # Subtest: publish and unpublish drop the cached public page
verify	Test (includes calendar, Signal, Timeline, and suite truth gates)	2026-09-05T23:41:31.5081802Z ok 169 - publish and unpublish drop the cached public page
verify	Test (includes calendar, Signal, Timeline, and suite truth gates)	2026-09-05T23:41:31.5082047Z   ---
verify	Test (includes calendar, Signal, Timeline, and suite truth gates)	2026-09-05T23:41:31.5082228Z   duration_ms: 0.277841
verify	Test (includes calendar, Signal, Timeline, and suite truth gates)	2026-09-05T23:41:31.5082414Z   type: 'test'
verify	Test (includes calendar, Signal, Timeline, and suite truth gates)	2026-09-05T23:41:31.5082577Z   ...
verify	Test (includes calendar, Signal, Timeline, and suite truth gates)	2026-09-05T23:41:31.5083111Z # Subtest: the one delete path drops the cached public page
verify	Test (includes calendar, Signal, Timeline, and suite truth gates)	2026-09-05T23:41:31.5083474Z ok 170 - the one delete path drops the cached public page
verify	Test (includes calendar, Signal, Timeline, and suite truth gates)	2026-09-05T23:41:31.5083725Z   ---
verify	Test (includes calendar, Signal, Timeline, and suite truth gates)	2026-09-05T23:41:31.5083883Z   duration_ms: 0.185894
verify	Test (includes calendar, Signal, Timeline, and suite truth gates)	2026-09-05T23:41:31.5084063Z   type: 'test'
verify	Test (includes calendar, Signal, Timeline, and suite truth gates)	2026-09-05T23:41:31.5084226Z   ...
verify	Test (includes calendar, Signal, Timeline, and suite truth gates)	2026-09-05T23:41:31.5084529Z # Subtest: delete reads the slug before the row is deleted, not after
verify	Test (includes calendar, Signal, Timeline, and suite truth gates)	2026-09-05T23:41:31.5084942Z ok 171 - delete reads the slug before the row is deleted, not after
verify	Test (includes calendar, Signal, Timeline, and suite truth gates)	2026-09-05T23:41:31.5085375Z   ---
verify	Test (includes calendar, Signal, Timeline, and suite truth gates)	2026-09-05T23:41:31.5085543Z   duration_ms: 0.199865
verify	Test (includes calendar, Signal, Timeline, and suite truth gates)	2026-09-05T23:41:31.5085740Z   type: 'test'
verify	Test (includes calendar, Signal, Timeline, and suite truth gates)	2026-09-05T23:41:31.5085926Z   ...
verify	Test (includes calendar, Signal, Timeline, and suite truth gates)	2026-09-05T23:41:31.5086303Z # Subtest: both entry points delegate to the service delete instead of cascading themselves
verify	Test (includes calendar, Signal, Timeline, and suite truth gates)	2026-09-05T23:41:31.5086864Z ok 172 - both entry points delegate to the service delete instead of cascading themselves
verify	Test (includes calendar, Signal, Timeline, and suite truth gates)	2026-09-05T23:41:31.5087205Z   ---
verify	Test (includes calendar, Signal, Timeline, and suite truth gates)	2026-09-05T23:41:31.5087378Z   duration_ms: 0.33876
verify	Test (includes calendar, Signal, Timeline, and suite truth gates)	2026-09-05T23:41:31.5087571Z   type: 'test'
verify	Test (includes calendar, Signal, Timeline, and suite truth gates)	2026-09-05T23:41:31.5087748Z   ...
verify	Test (includes calendar, Signal, Timeline, and suite truth gates)	2026-09-05T23:41:31.5088098Z # Subtest: scenario J: share revocation is dynamic and invalidates the exact route
verify	Test (includes calendar, Signal, Timeline, and suite truth gates)	2026-09-05T23:41:31.5088898Z ok 173 - scenario J: share revocation is dynamic and invalidates the exact route
verify	Test (includes calendar, Signal, Timeline, and suite truth gates)	2026-09-05T23:41:31.5089221Z   ---
verify	Test (includes calendar, Signal, Timeline, and suite truth gates)	2026-09-05T23:41:31.5089392Z   duration_ms: 0.828473
verify	Test (includes calendar, Signal, Timeline, and suite truth gates)	2026-09-05T23:41:31.5089592Z   type: 'test'
verify	Test (includes calendar, Signal, Timeline, and suite truth gates)	2026-09-05T23:41:31.5089752Z   ...
verify	Test (includes calendar, Signal, Timeline, and suite truth gates)	2026-09-05T23:41:31.5090064Z # Subtest: share resolution requires a current non-archived workspace
verify	Test (includes calendar, Signal, Timeline, and suite truth gates)	2026-09-05T23:41:31.5090516Z ok 174 - share resolution requires a current non-archived workspace
verify	Test (includes calendar, Signal, Timeline, and suite truth gates)	2026-09-05T23:41:31.5090813Z   ---
verify	Test (includes calendar, Signal, Timeline, and suite truth gates)	2026-09-05T23:41:31.5090991Z   duration_ms: 0.289197
verify	Test (includes calendar, Signal, Timeline, and suite truth gates)	2026-09-05T23:41:31.5091187Z   type: 'test'
verify	Test (includes calendar, Signal, Timeline, and suite truth gates)	2026-09-05T23:41:31.5091366Z   ...
verify	Test (includes calendar, Signal, Timeline, and suite truth gates)	2026-09-05T23:41:31.5091730Z # Subtest: workspace deletion explicitly removes share capabilities and task roots first
verify	Test (includes calendar, Signal, Timeline, and suite truth gates)	2026-09-05T23:41:31.5092291Z ok 175 - workspace deletion explicitly removes share capabilities and task roots first
verify	Test (includes calendar, Signal, Timeline, and suite truth gates)	2026-09-05T23:41:31.5092649Z   ---
verify	Test (includes calendar, Signal, Timeline, and suite truth gates)	2026-09-05T23:41:31.5092821Z   duration_ms: 0.303668
verify	Test (includes calendar, Signal, Timeline, and suite truth gates)	2026-09-05T23:41:31.5093019Z   type: 'test'
verify	Test (includes calendar, Signal, Timeline, and suite truth gates)	2026-09-05T23:41:31.5093193Z   ...
verify	Test (includes calendar, Signal, Timeline, and suite truth gates)	2026-09-05T23:41:31.5093529Z # Subtest: annual price resolution cannot fall through to a monthly price
verify	Test (includes calendar, Signal, Timeline, and suite truth gates)	2026-09-05T23:41:31.5094002Z ok 176 - annual price resolution cannot fall through to a monthly price
verify	Test (includes calendar, Signal, Timeline, and suite truth gates)	2026-09-05T23:41:31.5094301Z   ---
verify	Test (includes calendar, Signal, Timeline, and suite truth gates)	2026-09-05T23:41:31.5094475Z   duration_ms: 0.703939
verify	Test (includes calendar, Signal, Timeline, and suite truth gates)	2026-09-05T23:41:31.5094674Z   type: 'test'
verify	Test (includes calendar, Signal, Timeline, and suite truth gates)	2026-09-05T23:41:31.5094842Z   ...
verify	Test (includes calendar, Signal, Timeline, and suite truth gates)	2026-09-05T23:41:31.5095214Z # Subtest: missing annual configuration fails before checkout and returns explicit 503
verify	Test (includes calendar, Signal, Timeline, and suite truth gates)	2026-09-05T23:41:31.5095760Z ok 177 - missing annual configuration fails before checkout and returns explicit 503
verify	Test (includes calendar, Signal, Timeline, and suite truth gates)	2026-09-05T23:41:31.5096142Z   ---
verify	Test (includes calendar, Signal, Timeline, and suite truth gates)	2026-09-05T23:41:31.5096355Z   duration_ms: 0.165544
verify	Test (includes calendar, Signal, Timeline, and suite truth gates)	2026-09-05T23:41:31.5096584Z   type: 'test'
verify	Test (includes calendar, Signal, Timeline, and suite truth gates)	2026-09-05T23:41:31.5096754Z   ...
verify	Test (includes calendar, Signal, Timeline, and suite truth gates)	2026-09-05T23:41:31.5097072Z # Subtest: billing actions cannot grant or expire paid access directly
verify	Test (includes calendar, Signal, Timeline, and suite truth gates)	2026-09-05T23:41:31.5097512Z ok 178 - billing actions cannot grant or expire paid access directly
verify	Test (includes calendar, Signal, Timeline, and suite truth gates)	2026-09-05T23:41:31.5097800Z   ---
verify	Test (includes calendar, Signal, Timeline, and suite truth gates)	2026-09-05T23:41:31.5097970Z   duration_ms: 0.769716
verify	Test (includes calendar, Signal, Timeline, and suite truth gates)	2026-09-05T23:41:31.5098166Z   type: 'test'
verify	Test (includes calendar, Signal, Timeline, and suite truth gates)	2026-09-05T23:41:31.5098464Z   ...
verify	Test (includes calendar, Signal, Timeline, and suite truth gates)	2026-09-05T23:41:31.5098871Z # Subtest: webhook dispatch and billing identity stay behind verified boundaries
verify	Test (includes calendar, Signal, Timeline, and suite truth gates)	2026-09-05T23:41:31.5099344Z ok 179 - webhook dispatch and billing identity stay behind verified boundaries
verify	Test (includes calendar, Signal, Timeline, and suite truth gates)	2026-09-05T23:41:31.5099646Z   ---
verify	Test (includes calendar, Signal, Timeline, and suite truth gates)	2026-09-05T23:41:31.5099826Z   duration_ms: 0.446069
verify	Test (includes calendar, Signal, Timeline, and suite truth gates)	2026-09-05T23:41:31.5100027Z   type: 'test'
verify	Test (includes calendar, Signal, Timeline, and suite truth gates)	2026-09-05T23:41:31.5100189Z   ...
verify	Test (includes calendar, Signal, Timeline, and suite truth gates)	2026-09-05T23:41:31.5100483Z # Subtest: scenario E: suite links carry only allowlisted context hints
verify	Test (includes calendar, Signal, Timeline, and suite truth gates)	2026-09-05T23:41:31.5100909Z ok 180 - scenario E: suite links carry only allowlisted context hints
verify	Test (includes calendar, Signal, Timeline, and suite truth gates)	2026-09-05T23:41:31.5101179Z   ---
verify	Test (includes calendar, Signal, Timeline, and suite truth gates)	2026-09-05T23:41:31.5101330Z   duration_ms: 1.021808
verify	Test (includes calendar, Signal, Timeline, and suite truth gates)	2026-09-05T23:41:31.5101570Z   type: 'test'
verify	Test (includes calendar, Signal, Timeline, and suite truth gates)	2026-09-05T23:41:31.5101945Z   ...
verify	Test (includes calendar, Signal, Timeline, and suite truth gates)	2026-09-05T23:41:31.5102523Z # Subtest: incoming workspace hint is membership and period validated before anything authorized is returned
verify	Test (includes calendar, Signal, Timeline, and suite truth gates)	2026-09-05T23:41:31.5103177Z ok 181 - incoming workspace hint is membership and period validated before anything authorized is returned
verify	Test (includes calendar, Signal, Timeline, and suite truth gates)	2026-09-05T23:41:31.5103593Z   ---
verify	Test (includes calendar, Signal, Timeline, and suite truth gates)	2026-09-05T23:41:31.5103752Z   duration_ms: 1.039815
verify	Test (includes calendar, Signal, Timeline, and suite truth gates)	2026-09-05T23:41:31.5103970Z   type: 'test'
verify	Test (includes calendar, Signal, Timeline, and suite truth gates)	2026-09-05T23:41:31.5104126Z   ...
verify	Test (includes calendar, Signal, Timeline, and suite truth gates)	2026-09-05T23:41:31.5104624Z # Subtest: workspace-only suite hints are membership checked and project hints remain navigation-only
verify	Test (includes calendar, Signal, Timeline, and suite truth gates)	2026-09-05T23:41:31.5105216Z ok 182 - workspace-only suite hints are membership checked and project hints remain navigation-only
verify	Test (includes calendar, Signal, Timeline, and suite truth gates)	2026-09-05T23:41:31.5105563Z   ---
verify	Test (includes calendar, Signal, Timeline, and suite truth gates)	2026-09-05T23:41:31.5105715Z   duration_ms: 0.227406
verify	Test (includes calendar, Signal, Timeline, and suite truth gates)	2026-09-05T23:41:31.5105896Z   type: 'test'
verify	Test (includes calendar, Signal, Timeline, and suite truth gates)	2026-09-05T23:41:31.5106055Z   ...
verify	Test (includes calendar, Signal, Timeline, and suite truth gates)	2026-09-05T23:41:31.5106398Z # Subtest: review Timeline accepts the canonical Tasks context only inside the demo boundary
verify	Test (includes calendar, Signal, Timeline, and suite truth gates)	2026-09-05T23:41:31.5106919Z ok 183 - review Timeline accepts the canonical Tasks context only inside the demo boundary
verify	Test (includes calendar, Signal, Timeline, and suite truth gates)	2026-09-05T23:41:31.5107243Z   ---
verify	Test (includes calendar, Signal, Timeline, and suite truth gates)	2026-09-05T23:41:31.5107399Z   duration_ms: 0.266153
verify	Test (includes calendar, Signal, Timeline, and suite truth gates)	2026-09-05T23:41:31.5107579Z   type: 'test'
verify	Test (includes calendar, Signal, Timeline, and suite truth gates)	2026-09-05T23:41:31.5107737Z   ...
verify	Test (includes calendar, Signal, Timeline, and suite truth gates)	2026-09-05T23:41:31.5108021Z # Subtest: Tasks view changes can emit only canonical Tasks destinations
verify	Test (includes calendar, Signal, Timeline, and suite truth gates)	2026-09-05T23:41:31.5108592Z ok 184 - Tasks view changes can emit only canonical Tasks destinations
verify	Test (includes calendar, Signal, Timeline, and suite truth gates)	2026-09-05T23:41:31.5108874Z   ---
verify	Test (includes calendar, Signal, Timeline, and suite truth gates)	2026-09-05T23:41:31.5109028Z   duration_ms: 1.224287
verify	Test (includes calendar, Signal, Timeline, and suite truth gates)	2026-09-05T23:41:31.5109201Z   type: 'test'
verify	Test (includes calendar, Signal, Timeline, and suite truth gates)	2026-09-05T23:41:31.5109357Z   ...
verify	Test (includes calendar, Signal, Timeline, and suite truth gates)	2026-09-05T23:41:31.5109684Z # Subtest: Tasks calls its local time view Schedule, reserving Timeline for the product
verify	Test (includes calendar, Signal, Timeline, and suite truth gates)	2026-09-05T23:41:31.5110161Z ok 185 - Tasks calls its local time view Schedule, reserving Timeline for the product
verify	Test (includes calendar, Signal, Timeline, and suite truth gates)	2026-09-05T23:41:31.5110457Z   ---
verify	Test (includes calendar, Signal, Timeline, and suite truth gates)	2026-09-05T23:41:31.5110613Z   duration_ms: 0.193696
verify	Test (includes calendar, Signal, Timeline, and suite truth gates)	2026-09-05T23:41:31.5110780Z   type: 'test'
verify	Test (includes calendar, Signal, Timeline, and suite truth gates)	2026-09-05T23:41:31.5110940Z   ...
verify	Test (includes calendar, Signal, Timeline, and suite truth gates)	2026-09-05T23:41:31.5111244Z # Subtest: Tasks owns the same product-specific document title as its siblings
verify	Test (includes calendar, Signal, Timeline, and suite truth gates)	2026-09-05T23:41:31.5111678Z ok 186 - Tasks owns the same product-specific document title as its siblings
verify	Test (includes calendar, Signal, Timeline, and suite truth gates)	2026-09-05T23:41:31.5111953Z   ---
verify	Test (includes calendar, Signal, Timeline, and suite truth gates)	2026-09-05T23:41:31.5112112Z   duration_ms: 0.096793
verify	Test (includes calendar, Signal, Timeline, and suite truth gates)	2026-09-05T23:41:31.5112283Z   type: 'test'
verify	Test (includes calendar, Signal, Timeline, and suite truth gates)	2026-09-05T23:41:31.5112434Z   ...
verify	Test (includes calendar, Signal, Timeline, and suite truth gates)	2026-09-05T23:41:31.5112724Z # Subtest: the rail derives ownership and carries allowlisted context hints
verify	Test (includes calendar, Signal, Timeline, and suite truth gates)	2026-09-05T23:41:31.5113156Z ok 187 - the rail derives ownership and carries allowlisted context hints
verify	Test (includes calendar, Signal, Timeline, and suite truth gates)	2026-09-05T23:41:31.5113433Z   ---
verify	Test (includes calendar, Signal, Timeline, and suite truth gates)	2026-09-05T23:41:31.5113581Z   duration_ms: 1.037201
verify	Test (includes calendar, Signal, Timeline, and suite truth gates)	2026-09-05T23:41:31.5113758Z   type: 'test'
verify	Test (includes calendar, Signal, Timeline, and suite truth gates)	2026-09-05T23:41:31.5113912Z   ...
verify	Test (includes calendar, Signal, Timeline, and suite truth gates)	2026-09-05T23:41:31.5114218Z # Subtest: search is a compact command trigger beside Add task, not a resident field
verify	Test (includes calendar, Signal, Timeline, and suite truth gates)	2026-09-05T23:41:31.5114681Z ok 188 - search is a compact command trigger beside Add task, not a resident field
verify	Test (includes calendar, Signal, Timeline, and suite truth gates)	2026-09-05T23:41:31.5114974Z   ---
verify	Test (includes calendar, Signal, Timeline, and suite truth gates)	2026-09-05T23:41:31.5115123Z   duration_ms: 0.325761
verify	Test (includes calendar, Signal, Timeline, and suite truth gates)	2026-09-05T23:41:31.5115294Z   type: 'test'
verify	Test (includes calendar, Signal, Timeline, and suite truth gates)	2026-09-05T23:41:31.5115444Z   ...
verify	Test (includes calendar, Signal, Timeline, and suite truth gates)	2026-09-05T23:41:31.5115717Z # Subtest: suite context subscribes before its first storage read
verify	Test (includes calendar, Signal, Timeline, and suite truth gates)	2026-09-05T23:41:31.5116091Z ok 189 - suite context subscribes before its first storage read
verify	Test (includes calendar, Signal, Timeline, and suite truth gates)	2026-09-05T23:41:31.5116349Z   ---
verify	Test (includes calendar, Signal, Timeline, and suite truth gates)	2026-09-05T23:41:31.5116498Z   duration_ms: 0.158604
verify	Test (includes calendar, Signal, Timeline, and suite truth gates)	2026-09-05T23:41:31.5116667Z   type: 'test'
verify	Test (includes calendar, Signal, Timeline, and suite truth gates)	2026-09-05T23:41:31.5116836Z   ...
verify	Test (includes calendar, Signal, Timeline, and suite truth gates)	2026-09-05T23:41:31.5117139Z # Subtest: the Studio Bar keeps module identity when Tasks chrome data is absent
verify	Test (includes calendar, Signal, Timeline, and suite truth gates)	2026-09-05T23:41:31.5117572Z ok 190 - the Studio Bar keeps module identity when Tasks chrome data is absent
verify	Test (includes calendar, Signal, Timeline, and suite truth gates)	2026-09-05T23:41:31.5117855Z   ---
verify	Test (includes calendar, Signal, Timeline, and suite truth gates)	2026-09-05T23:41:31.5118005Z   duration_ms: 0.236619
verify	Test (includes calendar, Signal, Timeline, and suite truth gates)	2026-09-05T23:41:31.5118172Z   type: 'test'
verify	Test (includes calendar, Signal, Timeline, and suite truth gates)	2026-09-05T23:41:31.5118466Z   ...
verify	Test (includes calendar, Signal, Timeline, and suite truth gates)	2026-09-05T23:41:31.5118743Z # Subtest: every non-Tasks command event has one shared suite owner
verify	Test (includes calendar, Signal, Timeline, and suite truth gates)	2026-09-05T23:41:31.5119120Z ok 191 - every non-Tasks command event has one shared suite owner
verify	Test (includes calendar, Signal, Timeline, and suite truth gates)	2026-09-05T23:41:31.5119490Z   ---
verify	Test (includes calendar, Signal, Timeline, and suite truth gates)	2026-09-05T23:41:31.5119651Z   duration_ms: 0.146286
verify	Test (includes calendar, Signal, Timeline, and suite truth gates)	2026-09-05T23:41:31.5119843Z   type: 'test'
verify	Test (includes calendar, Signal, Timeline, and suite truth gates)	2026-09-05T23:41:31.5120005Z   ...
verify	Test (includes calendar, Signal, Timeline, and suite truth gates)	2026-09-05T23:41:31.5120261Z # Subtest: Tasks retains exactly one task-palette event owner
verify	Test (includes calendar, Signal, Timeline, and suite truth gates)	2026-09-05T23:41:31.5120610Z ok 192 - Tasks retains exactly one task-palette event owner
verify	Test (includes calendar, Signal, Timeline, and suite truth gates)	2026-09-05T23:41:31.5120851Z   ---
verify	Test (includes calendar, Signal, Timeline, and suite truth gates)	2026-09-05T23:41:31.5121009Z   duration_ms: 0.409924
verify	Test (includes calendar, Signal, Timeline, and suite truth gates)	2026-09-05T23:41:31.5121285Z   type: 'test'
verify	Test (includes calendar, Signal, Timeline, and suite truth gates)	2026-09-05T23:41:31.5121441Z   ...
verify	Test (includes calendar, Signal, Timeline, and suite truth gates)	2026-09-05T23:41:31.5121752Z # Subtest: Tasks chrome metadata is cleared before another product can inherit it
verify	Test (includes calendar, Signal, Timeline, and suite truth gates)	2026-09-05T23:41:31.5122205Z ok 193 - Tasks chrome metadata is cleared before another product can inherit it
verify	Test (includes calendar, Signal, Timeline, and suite truth gates)	2026-09-05T23:41:31.5122495Z   ---
verify	Test (includes calendar, Signal, Timeline, and suite truth gates)	2026-09-05T23:41:31.5122663Z   duration_ms: 0.394172
verify	Test (includes calendar, Signal, Timeline, and suite truth gates)	2026-09-05T23:41:31.5122843Z   type: 'test'
verify	Test (includes calendar, Signal, Timeline, and suite truth gates)	2026-09-05T23:41:31.5123003Z   ...
verify	Test (includes calendar, Signal, Timeline, and suite truth gates)	2026-09-05T23:41:31.5123321Z # Subtest: Tasks chrome publishes the authorised workspace name, not a domain example
verify	Test (includes calendar, Signal, Timeline, and suite truth gates)	2026-09-05T23:41:31.5123835Z ok 194 - Tasks chrome publishes the authorised workspace name, not a domain example
verify	Test (includes calendar, Signal, Timeline, and suite truth gates)	2026-09-05T23:41:31.5124151Z   ---
verify	Test (includes calendar, Signal, Timeline, and suite truth gates)	2026-09-05T23:41:31.5124304Z   duration_ms: 0.221086
verify	Test (includes calendar, Signal, Timeline, and suite truth gates)	2026-09-05T23:41:31.5124469Z   type: 'test'
verify	Test (includes calendar, Signal, Timeline, and suite truth gates)	2026-09-05T23:41:31.5124624Z   ...
verify	Test (includes calendar, Signal, Timeline, and suite truth gates)	2026-09-05T23:41:31.5124904Z # Subtest: mobile suite nav exposes Home-first canonical destinations
verify	Test (includes calendar, Signal, Timeline, and suite truth gates)	2026-09-05T23:41:31.5125320Z ok 195 - mobile suite nav exposes Home-first canonical destinations
verify	Test (includes calendar, Signal, Timeline, and suite truth gates)	2026-09-05T23:41:31.5125589Z   ---
verify	Test (includes calendar, Signal, Timeline, and suite truth gates)	2026-09-05T23:41:31.5125806Z   duration_ms: 1.15188
verify	Test (includes calendar, Signal, Timeline, and suite truth gates)	2026-09-05T23:41:31.5126053Z   type: 'test'
verify	Test (includes calendar, Signal, Timeline, and suite truth gates)	2026-09-05T23:41:31.5126275Z   ...
verify	Test (includes calendar, Signal, Timeline, and suite truth gates)	2026-09-05T23:41:31.5126828Z # Subtest: mobile Tasks has one persistent product spine and one keyboard-complete views menu
verify	Test (includes calendar, Signal, Timeline, and suite truth gates)	2026-09-05T23:41:31.5127620Z ok 196 - mobile Tasks has one persistent product spine and one keyboard-complete views menu
verify	Test (includes calendar, Signal, Timeline, and suite truth gates)	2026-09-05T23:41:31.5127959Z   ---
verify	Test (includes calendar, Signal, Timeline, and suite truth gates)	2026-09-05T23:41:31.5128114Z   duration_ms: 0.323127
verify	Test (includes calendar, Signal, Timeline, and suite truth gates)	2026-09-05T23:41:31.5128448Z   type: 'test'
verify	Test (includes calendar, Signal, Timeline, and suite truth gates)	2026-09-05T23:41:31.5128642Z   ...
verify	Test (includes calendar, Signal, Timeline, and suite truth gates)	2026-09-05T23:41:31.5128934Z # Subtest: the mobile Tasks account escape hatch preserves suite context
verify	Test (includes calendar, Signal, Timeline, and suite truth gates)	2026-09-05T23:41:31.5129345Z ok 197 - the mobile Tasks account escape hatch preserves suite context
verify	Test (includes calendar, Signal, Timeline, and suite truth gates)	2026-09-05T23:41:31.5129609Z   ---
verify	Test (includes calendar, Signal, Timeline, and suite truth gates)	2026-09-05T23:41:31.5129760Z   duration_ms: 0.112817
verify	Test (includes calendar, Signal, Timeline, and suite truth gates)	2026-09-05T23:41:31.5129932Z   type: 'test'
verify	Test (includes calendar, Signal, Timeline, and suite truth gates)	2026-09-05T23:41:31.5130084Z   ...
verify	Test (includes calendar, Signal, Timeline, and suite truth gates)	2026-09-05T23:41:31.5130435Z # Subtest: milestone task detail opens Timeline inside the contextual unified app
verify	Test (includes calendar, Signal, Timeline, and suite truth gates)	2026-09-05T23:41:31.5130911Z ok 198 - milestone task detail opens Timeline inside the contextual unified app
verify	Test (includes calendar, Signal, Timeline, and suite truth gates)	2026-09-05T23:41:31.5131206Z   ---
verify	Test (includes calendar, Signal, Timeline, and suite truth gates)	2026-09-05T23:41:31.5131371Z   duration_ms: 0.168929
verify	Test (includes calendar, Signal, Timeline, and suite truth gates)	2026-09-05T23:41:31.5131552Z   type: 'test'
verify	Test (includes calendar, Signal, Timeline, and suite truth gates)	2026-09-05T23:41:31.5131712Z   ...
verify	Test (includes calendar, Signal, Timeline, and suite truth gates)	2026-09-05T23:41:31.5132008Z # Subtest: the Tasks command palette jumps within the unified contextual app
verify	Test (includes calendar, Signal, Timeline, and suite truth gates)	2026-09-05T23:41:31.5132440Z ok 199 - the Tasks command palette jumps within the unified contextual app
verify	Test (includes calendar, Signal, Timeline, and suite truth gates)	2026-09-05T23:41:31.5132725Z   ---
verify	Test (includes calendar, Signal, Timeline, and suite truth gates)	2026-09-05T23:41:31.5132879Z   duration_ms: 0.14954
verify	Test (includes calendar, Signal, Timeline, and suite truth gates)	2026-09-05T23:41:31.5133078Z   type: 'test'
verify	Test (includes calendar, Signal, Timeline, and suite truth gates)	2026-09-05T23:41:31.5133233Z   ...
verify	Test (includes calendar, Signal, Timeline, and suite truth gates)	2026-09-05T23:41:31.5133509Z # Subtest: both command layers expose a valid modal combobox lifecycle
verify	Test (includes calendar, Signal, Timeline, and suite truth gates)	2026-09-05T23:41:31.5133908Z ok 200 - both command layers expose a valid modal combobox lifecycle
verify	Test (includes calendar, Signal, Timeline, and suite truth gates)	2026-09-05T23:41:31.5134173Z   ---
verify	Test (includes calendar, Signal, Timeline, and suite truth gates)	2026-09-05T23:41:31.5134330Z   duration_ms: 0.340412
verify	Test (includes calendar, Signal, Timeline, and suite truth gates)	2026-09-05T23:41:31.5134507Z   type: 'test'
verify	Test (includes calendar, Signal, Timeline, and suite truth gates)	2026-09-05T23:41:31.5134765Z   ...
verify	Test (includes calendar, Signal, Timeline, and suite truth gates)	2026-09-05T23:41:31.5135188Z # Subtest: Calendar overflow and the task inspector keep accessible focus and names
verify	Test (includes calendar, Signal, Timeline, and suite truth gates)	2026-09-05T23:41:31.5135855Z ok 201 - Calendar overflow and the task inspector keep accessible focus and names
verify	Test (includes calendar, Signal, Timeline, and suite truth gates)	2026-09-05T23:41:31.5183278Z   ---
verify	Test (includes calendar, Signal, Timeline, and suite truth gates)	2026-09-05T23:41:31.5183535Z   duration_ms: 0.143893
verify	Test (includes calendar, Signal, Timeline, and suite truth gates)	2026-09-05T23:41:31.5183781Z   type: 'test'
verify	Test (includes calendar, Signal, Timeline, and suite truth gates)	2026-09-05T23:41:31.5183989Z   ...
verify	Test (includes calendar, Signal, Timeline, and suite truth gates)	2026-09-05T23:41:31.5184440Z # Subtest: Tasks mobile CSS contains dense canvases and preserves 44px primary targets
verify	Test (includes calendar, Signal, Timeline, and suite truth gates)	2026-09-05T23:41:31.5185332Z ok 202 - Tasks mobile CSS contains dense canvases and preserves 44px primary targets
verify	Test (includes calendar, Signal, Timeline, and suite truth gates)	2026-09-05T23:41:31.5185638Z   ---
verify	Test (includes calendar, Signal, Timeline, and suite truth gates)	2026-09-05T23:41:31.5185798Z   duration_ms: 0.407691
verify	Test (includes calendar, Signal, Timeline, and suite truth gates)	2026-09-05T23:41:31.5185978Z   type: 'test'
verify	Test (includes calendar, Signal, Timeline, and suite truth gates)	2026-09-05T23:41:31.5186125Z   ...
verify	Test (includes calendar, Signal, Timeline, and suite truth gates)	2026-09-05T23:41:31.5186427Z # Subtest: the shared app frame starts with one stable skip-link destination
verify	Test (includes calendar, Signal, Timeline, and suite truth gates)	2026-09-05T23:41:31.5186867Z ok 203 - the shared app frame starts with one stable skip-link destination
verify	Test (includes calendar, Signal, Timeline, and suite truth gates)	2026-09-05T23:41:31.5187274Z   ---
verify	Test (includes calendar, Signal, Timeline, and suite truth gates)	2026-09-05T23:41:31.5187439Z   duration_ms: 0.235347
verify	Test (includes calendar, Signal, Timeline, and suite truth gates)	2026-09-05T23:41:31.5187611Z   type: 'test'
verify	Test (includes calendar, Signal, Timeline, and suite truth gates)	2026-09-05T23:41:31.5187759Z   ...
verify	Test (includes calendar, Signal, Timeline, and suite truth gates)	2026-09-05T23:41:31.5188067Z # Subtest: Notes leaves command-K to the suite and exposes slash for local find
verify	Test (includes calendar, Signal, Timeline, and suite truth gates)	2026-09-05T23:41:31.5188770Z ok 204 - Notes leaves command-K to the suite and exposes slash for local find
verify	Test (includes calendar, Signal, Timeline, and suite truth gates)	2026-09-05T23:41:31.5189054Z   ---
verify	Test (includes calendar, Signal, Timeline, and suite truth gates)	2026-09-05T23:41:31.5189203Z   duration_ms: 0.20339
verify	Test (includes calendar, Signal, Timeline, and suite truth gates)	2026-09-05T23:41:31.5189381Z   type: 'test'
verify	Test (includes calendar, Signal, Timeline, and suite truth gates)	2026-09-05T23:41:31.5189530Z   ...
verify	Test (includes calendar, Signal, Timeline, and suite truth gates)	2026-09-05T23:41:31.5189827Z # Subtest: Notes opens a task through the approved focus route, never a hostname
verify	Test (includes calendar, Signal, Timeline, and suite truth gates)	2026-09-05T23:41:31.5190263Z ok 205 - Notes opens a task through the approved focus route, never a hostname
verify	Test (includes calendar, Signal, Timeline, and suite truth gates)	2026-09-05T23:41:31.5190543Z   ---
verify	Test (includes calendar, Signal, Timeline, and suite truth gates)	2026-09-05T23:41:31.5190699Z   duration_ms: 0.252472
verify	Test (includes calendar, Signal, Timeline, and suite truth gates)	2026-09-05T23:41:31.5190874Z   type: 'test'
verify	Test (includes calendar, Signal, Timeline, and suite truth gates)	2026-09-05T23:41:31.5191029Z   ...
verify	Test (includes calendar, Signal, Timeline, and suite truth gates)	2026-09-05T23:41:31.5191324Z # Subtest: canonical module identity stays visible in the mobile Studio Bar
verify	Test (includes calendar, Signal, Timeline, and suite truth gates)	2026-09-05T23:41:31.5191750Z ok 206 - canonical module identity stays visible in the mobile Studio Bar
verify	Test (includes calendar, Signal, Timeline, and suite truth gates)	2026-09-05T23:41:31.5192020Z   ---
verify	Test (includes calendar, Signal, Timeline, and suite truth gates)	2026-09-05T23:41:31.5192162Z   duration_ms: 0.166956
verify	Test (includes calendar, Signal, Timeline, and suite truth gates)	2026-09-05T23:41:31.5192338Z   type: 'test'
verify	Test (includes calendar, Signal, Timeline, and suite truth gates)	2026-09-05T23:41:31.5192502Z   ...
verify	Test (includes calendar, Signal, Timeline, and suite truth gates)	2026-09-05T23:41:31.5192833Z # Subtest: the Notes workspace is the only notebook, and the legacy send seam stays flagged
verify	Test (includes calendar, Signal, Timeline, and suite truth gates)	2026-09-05T23:41:31.5193333Z ok 207 - the Notes workspace is the only notebook, and the legacy send seam stays flagged
verify	Test (includes calendar, Signal, Timeline, and suite truth gates)	2026-09-05T23:41:31.5193649Z   ---
verify	Test (includes calendar, Signal, Timeline, and suite truth gates)	2026-09-05T23:41:31.5193806Z   duration_ms: 0.184342
verify	Test (includes calendar, Signal, Timeline, and suite truth gates)	2026-09-05T23:41:31.5193981Z   type: 'test'
verify	Test (includes calendar, Signal, Timeline, and suite truth gates)	2026-09-05T23:41:31.5194137Z   ...
verify	Test (includes calendar, Signal, Timeline, and suite truth gates)	2026-09-05T23:41:31.5194437Z # Subtest: the Tasks room tells the same Mara and Finn venue story as Timeline
verify	Test (includes calendar, Signal, Timeline, and suite truth gates)	2026-09-05T23:41:31.5194866Z ok 208 - the Tasks room tells the same Mara and Finn venue story as Timeline
verify	Test (includes calendar, Signal, Timeline, and suite truth gates)	2026-09-05T23:41:31.5195140Z   ---
verify	Test (includes calendar, Signal, Timeline, and suite truth gates)	2026-09-05T23:41:31.5195299Z   duration_ms: 0.128399
verify	Test (includes calendar, Signal, Timeline, and suite truth gates)	2026-09-05T23:41:31.5195490Z   type: 'test'
verify	Test (includes calendar, Signal, Timeline, and suite truth gates)	2026-09-05T23:41:31.5195650Z   ...
verify	Test (includes calendar, Signal, Timeline, and suite truth gates)	2026-09-05T23:41:31.5196044Z # Subtest: the deterministic cross-suite fixture keeps one workspace, project, and milestone identity
verify	Test (includes calendar, Signal, Timeline, and suite truth gates)	2026-09-05T23:41:31.5196626Z ok 209 - the deterministic cross-suite fixture keeps one workspace, project, and milestone identity
verify	Test (includes calendar, Signal, Timeline, and suite truth gates)	2026-09-05T23:41:31.5196968Z   ---
verify	Test (includes calendar, Signal, Timeline, and suite truth gates)	2026-09-05T23:41:31.5197130Z   duration_ms: 0.194597
verify	Test (includes calendar, Signal, Timeline, and suite truth gates)	2026-09-05T23:41:31.5197311Z   type: 'test'
verify	Test (includes calendar, Signal, Timeline, and suite truth gates)	2026-09-05T23:41:31.5197475Z   ...
verify	Test (includes calendar, Signal, Timeline, and suite truth gates)	2026-09-05T23:41:31.5197865Z # Subtest: the cross-suite evidence contract separates read-only traversal from hashed mutation proof
verify	Test (includes calendar, Signal, Timeline, and suite truth gates)	2026-09-05T23:41:31.5198613Z ok 210 - the cross-suite evidence contract separates read-only traversal from hashed mutation proof
verify	Test (includes calendar, Signal, Timeline, and suite truth gates)	2026-09-05T23:41:31.5198957Z   ---
verify	Test (includes calendar, Signal, Timeline, and suite truth gates)	2026-09-05T23:41:31.5199121Z   duration_ms: 0.204341
verify	Test (includes calendar, Signal, Timeline, and suite truth gates)	2026-09-05T23:41:31.5199312Z   type: 'test'
verify	Test (includes calendar, Signal, Timeline, and suite truth gates)	2026-09-05T23:41:31.5199471Z   ...
verify	Test (includes calendar, Signal, Timeline, and suite truth gates)	2026-09-05T23:41:31.5199866Z # Subtest: destructive task graphs re-prove authority and deletion fences inside their writer transaction
verify	Test (includes calendar, Signal, Timeline, and suite truth gates)	2026-09-05T23:41:31.5200470Z ok 211 - destructive task graphs re-prove authority and deletion fences inside their writer transaction
verify	Test (includes calendar, Signal, Timeline, and suite truth gates)	2026-09-05T23:41:31.5200818Z   ---
verify	Test (includes calendar, Signal, Timeline, and suite truth gates)	2026-09-05T23:41:31.5200973Z   duration_ms: 1.426746
verify	Test (includes calendar, Signal, Timeline, and suite truth gates)	2026-09-05T23:41:31.5201158Z   type: 'test'
verify	Test (includes calendar, Signal, Timeline, and suite truth gates)	2026-09-05T23:41:31.5201311Z   ...
verify	Test (includes calendar, Signal, Timeline, and suite truth gates)	2026-09-05T23:41:31.5201593Z # Subtest: recordActivity requires and enforces the caller workspace
verify	Test (includes calendar, Signal, Timeline, and suite truth gates)	2026-09-05T23:41:31.5201989Z ok 212 - recordActivity requires and enforces the caller workspace
verify	Test (includes calendar, Signal, Timeline, and suite truth gates)	2026-09-05T23:41:31.5202374Z   ---
verify	Test (includes calendar, Signal, Timeline, and suite truth gates)	2026-09-05T23:41:31.5202535Z   duration_ms: 0.336636
verify	Test (includes calendar, Signal, Timeline, and suite truth gates)	2026-09-05T23:41:31.5202706Z   type: 'test'
verify	Test (includes calendar, Signal, Timeline, and suite truth gates)	2026-09-05T23:41:31.5202858Z   ...
verify	Test (includes calendar, Signal, Timeline, and suite truth gates)	2026-09-05T23:41:31.5203154Z # Subtest: updateTaskAction resolves an owned row before emitting activity
verify	Test (includes calendar, Signal, Timeline, and suite truth gates)	2026-09-05T23:41:31.5203586Z ok 213 - updateTaskAction resolves an owned row before emitting activity
verify	Test (includes calendar, Signal, Timeline, and suite truth gates)	2026-09-05T23:41:31.5203862Z   ---
verify	Test (includes calendar, Signal, Timeline, and suite truth gates)	2026-09-05T23:41:31.5204009Z   duration_ms: 0.249138
verify	Test (includes calendar, Signal, Timeline, and suite truth gates)	2026-09-05T23:41:31.5204292Z   type: 'test'
verify	Test (includes calendar, Signal, Timeline, and suite truth gates)	2026-09-05T23:41:31.5204443Z   ...
verify	Test (includes calendar, Signal, Timeline, and suite truth gates)	2026-09-05T23:41:31.5204731Z # Subtest: addTaskAction validates parent ownership and top-level shape
verify	Test (includes calendar, Signal, Timeline, and suite truth gates)	2026-09-05T23:41:31.5205162Z ok 214 - addTaskAction validates parent ownership and top-level shape
verify	Test (includes calendar, Signal, Timeline, and suite truth gates)	2026-09-05T23:41:31.5205437Z   ---
verify	Test (includes calendar, Signal, Timeline, and suite truth gates)	2026-09-05T23:41:31.5205587Z   duration_ms: 1.031923
verify	Test (includes calendar, Signal, Timeline, and suite truth gates)	2026-09-05T23:41:31.5205764Z   type: 'test'
verify	Test (includes calendar, Signal, Timeline, and suite truth gates)	2026-09-05T23:41:31.5205928Z   ...
verify	Test (includes calendar, Signal, Timeline, and suite truth gates)	2026-09-05T23:41:31.5206199Z # Subtest: subtask reads include both parent id and workspace scope
verify	Test (includes calendar, Signal, Timeline, and suite truth gates)	2026-09-05T23:41:31.5206589Z ok 215 - subtask reads include both parent id and workspace scope
verify	Test (includes calendar, Signal, Timeline, and suite truth gates)	2026-09-05T23:41:31.5206857Z   ---
verify	Test (includes calendar, Signal, Timeline, and suite truth gates)	2026-09-05T23:41:31.5207007Z   duration_ms: 0.154958
verify	Test (includes calendar, Signal, Timeline, and suite truth gates)	2026-09-05T23:41:31.5207179Z   type: 'test'
verify	Test (includes calendar, Signal, Timeline, and suite truth gates)	2026-09-05T23:41:31.5207333Z   ...
verify	Test (includes calendar, Signal, Timeline, and suite truth gates)	2026-09-05T23:41:31.5207595Z # Subtest: public routes use the explicit allowlisted projection
verify	Test (includes calendar, Signal, Timeline, and suite truth gates)	2026-09-05T23:41:31.5207964Z ok 216 - public routes use the explicit allowlisted projection
verify	Test (includes calendar, Signal, Timeline, and suite truth gates)	2026-09-05T23:41:31.5208222Z   ---
verify	Test (includes calendar, Signal, Timeline, and suite truth gates)	2026-09-05T23:41:31.5208570Z   duration_ms: 0.368874
verify	Test (includes calendar, Signal, Timeline, and suite truth gates)	2026-09-05T23:41:31.5208743Z   type: 'test'
verify	Test (includes calendar, Signal, Timeline, and suite truth gates)	2026-09-05T23:41:31.5208896Z   ...
verify	Test (includes calendar, Signal, Timeline, and suite truth gates)	2026-09-05T23:41:31.5209200Z # Subtest: demo and review actions exit before tenant, database, or disk access
verify	Test (includes calendar, Signal, Timeline, and suite truth gates)	2026-09-05T23:41:31.5209673Z not ok 217 - demo and review actions exit before tenant, database, or disk access
verify	Test (includes calendar, Signal, Timeline, and suite truth gates)	2026-09-05T23:41:31.5209972Z   ---
verify	Test (includes calendar, Signal, Timeline, and suite truth gates)	2026-09-05T23:41:31.5210129Z   duration_ms: 1.296063
verify	Test (includes calendar, Signal, Timeline, and suite truth gates)	2026-09-05T23:41:31.5210300Z   type: 'test'
verify	Test (includes calendar, Signal, Timeline, and suite truth gates)	2026-09-05T23:41:31.5210638Z   location: '/home/runner/work/app/app/src/server/tasks-security-regression.test.mjs:280:1'
verify	Test (includes calendar, Signal, Timeline, and suite truth gates)	2026-09-05T23:41:31.5211028Z   failureType: 'testCodeFailure'
verify	Test (includes calendar, Signal, Timeline, and suite truth gates)	2026-09-05T23:41:31.5211357Z   error: 'revokeShareLinkAction must still contain authorizeStoredProject'
verify	Test (includes calendar, Signal, Timeline, and suite truth gates)	2026-09-05T23:41:31.5211659Z   code: 'ERR_ASSERTION'
verify	Test (includes calendar, Signal, Timeline, and suite truth gates)	2026-09-05T23:41:31.5211841Z   name: 'AssertionError'
verify	Test (includes calendar, Signal, Timeline, and suite truth gates)	2026-09-05T23:41:31.5212021Z   expected: true
verify	Test (includes calendar, Signal, Timeline, and suite truth gates)	2026-09-05T23:41:31.5212184Z   actual: false
verify	Test (includes calendar, Signal, Timeline, and suite truth gates)	2026-09-05T23:41:31.5212347Z   operator: '=='
verify	Test (includes calendar, Signal, Timeline, and suite truth gates)	2026-09-05T23:41:31.5212549Z   stack: |-
verify	Test (includes calendar, Signal, Timeline, and suite truth gates)	2026-09-05T23:41:31.5212948Z     assertDemoGuardBefore (file:///home/runner/work/app/app/src/server/tasks-security-regression.test.mjs:150:10)
verify	Test (includes calendar, Signal, Timeline, and suite truth gates)	2026-09-05T23:41:31.5213583Z     TestContext.<anonymous> (file:///home/runner/work/app/app/src/server/tasks-security-regression.test.mjs:373:7)
verify	Test (includes calendar, Signal, Timeline, and suite truth gates)	2026-09-05T23:41:31.5214051Z     Test.runInAsyncScope (node:async_hooks:214:14)
verify	Test (includes calendar, Signal, Timeline, and suite truth gates)	2026-09-05T23:41:31.5214344Z     Test.run (node:internal/test_runner/test:1047:25)
verify	Test (includes calendar, Signal, Timeline, and suite truth gates)	2026-09-05T23:41:31.5214694Z     Test.processPendingSubtests (node:internal/test_runner/test:744:18)
verify	Test (includes calendar, Signal, Timeline, and suite truth gates)	2026-09-05T23:41:31.5215057Z     Test.postRun (node:internal/test_runner/test:1173:19)
verify	Test (includes calendar, Signal, Timeline, and suite truth gates)	2026-09-05T23:41:31.5215345Z     Test.run (node:internal/test_runner/test:1101:12)
verify	Test (includes calendar, Signal, Timeline, and suite truth gates)	2026-09-05T23:41:31.5215698Z     async Test.processPendingSubtests (node:internal/test_runner/test:744:7)
verify	Test (includes calendar, Signal, Timeline, and suite truth gates)	2026-09-05T23:41:31.5215988Z   ...
verify	Test (includes calendar, Signal, Timeline, and suite truth gates)	2026-09-05T23:41:31.5216270Z # Subtest: demo and review cannot bind or seed the configured database
verify	Test (includes calendar, Signal, Timeline, and suite truth gates)	2026-09-05T23:41:31.5216663Z ok 218 - demo and review cannot bind or seed the configured database
verify	Test (includes calendar, Signal, Timeline, and suite truth gates)	2026-09-05T23:41:31.5216936Z   ---
verify	Test (includes calendar, Signal, Timeline, and suite truth gates)	2026-09-05T23:41:31.5217094Z   duration_ms: 0.251301
verify	Test (includes calendar, Signal, Timeline, and suite truth gates)	2026-09-05T23:41:31.5217270Z   type: 'test'
verify	Test (includes calendar, Signal, Timeline, and suite truth gates)	2026-09-05T23:41:31.5217434Z   ...
verify	Test (includes calendar, Signal, Timeline, and suite truth gates)	2026-09-05T23:41:31.5217712Z # Subtest: acceptInviteAction validates before writing membership row
verify	Test (includes calendar, Signal, Timeline, and suite truth gates)	2026-09-05T23:41:31.5218107Z ok 219 - acceptInviteAction validates before writing membership row
verify	Test (includes calendar, Signal, Timeline, and suite truth gates)	2026-09-05T23:41:31.5218565Z   ---
verify	Test (includes calendar, Signal, Timeline, and suite truth gates)	2026-09-05T23:41:31.5218721Z   duration_ms: 0.414242
verify	Test (includes calendar, Signal, Timeline, and suite truth gates)	2026-09-05T23:41:31.5219013Z   type: 'test'
verify	Test (includes calendar, Signal, Timeline, and suite truth gates)	2026-09-05T23:41:31.5219168Z   ...
verify	Test (includes calendar, Signal, Timeline, and suite truth gates)	2026-09-05T23:41:31.5219460Z # Subtest: acceptInviteAction writes invite role not hardcoded member
verify	Test (includes calendar, Signal, Timeline, and suite truth gates)	2026-09-05T23:41:31.5219867Z ok 220 - acceptInviteAction writes invite role not hardcoded member
verify	Test (includes calendar, Signal, Timeline, and suite truth gates)	2026-09-05T23:41:31.5220134Z   ---
verify	Test (includes calendar, Signal, Timeline, and suite truth gates)	2026-09-05T23:41:31.5220298Z   duration_ms: 0.524304
verify	Test (includes calendar, Signal, Timeline, and suite truth gates)	2026-09-05T23:41:31.5220482Z   type: 'test'
verify	Test (includes calendar, Signal, Timeline, and suite truth gates)	2026-09-05T23:41:31.5220640Z   ...
verify	Test (includes calendar, Signal, Timeline, and suite truth gates)	2026-09-05T23:41:31.5220880Z # Subtest: invite actions insert workspace_events rows
verify	Test (includes calendar, Signal, Timeline, and suite truth gates)	2026-09-05T23:41:31.5221302Z ok 221 - invite actions insert workspace_events rows
verify	Test (includes calendar, Signal, Timeline, and suite truth gates)	2026-09-05T23:41:31.5221532Z   ---
verify	Test (includes calendar, Signal, Timeline, and suite truth gates)	2026-09-05T23:41:31.5221701Z   duration_ms: 0.300854
verify	Test (includes calendar, Signal, Timeline, and suite truth gates)	2026-09-05T23:41:31.5221882Z   type: 'test'
verify	Test (includes calendar, Signal, Timeline, and suite truth gates)	2026-09-05T23:41:31.5222037Z   ...
verify	Test (includes calendar, Signal, Timeline, and suite truth gates)	2026-09-05T23:41:31.5222318Z # Subtest: revokeSessionAction lists owned sessions before revoking
verify	Test (includes calendar, Signal, Timeline, and suite truth gates)	2026-09-05T23:41:31.5222718Z ok 222 - revokeSessionAction lists owned sessions before revoking
verify	Test (includes calendar, Signal, Timeline, and suite truth gates)	2026-09-05T23:41:31.5222980Z   ---
verify	Test (includes calendar, Signal, Timeline, and suite truth gates)	2026-09-05T23:41:31.5223132Z   duration_ms: 0.175229
verify	Test (includes calendar, Signal, Timeline, and suite truth gates)	2026-09-05T23:41:31.5223318Z   type: 'test'
verify	Test (includes calendar, Signal, Timeline, and suite truth gates)	2026-09-05T23:41:31.5223506Z   ...
verify	Test (includes calendar, Signal, Timeline, and suite truth gates)	2026-09-05T23:41:31.5223801Z # Subtest: revokeOtherSessionsAction lists owned sessions before revoking
verify	Test (includes calendar, Signal, Timeline, and suite truth gates)	2026-09-05T23:41:31.5224234Z ok 223 - revokeOtherSessionsAction lists owned sessions before revoking
verify	Test (includes calendar, Signal, Timeline, and suite truth gates)	2026-09-05T23:41:31.5224509Z   ---
verify	Test (includes calendar, Signal, Timeline, and suite truth gates)	2026-09-05T23:41:31.5224656Z   duration_ms: 0.121239
verify	Test (includes calendar, Signal, Timeline, and suite truth gates)	2026-09-05T23:41:31.5224823Z   type: 'test'
verify	Test (includes calendar, Signal, Timeline, and suite truth gates)	2026-09-05T23:41:31.5224982Z   ...
verify	Test (includes calendar, Signal, Timeline, and suite truth gates)	2026-09-05T23:41:31.5225266Z # Subtest: security.ts server reads are guarded before Clerk or DB calls
verify	Test (includes calendar, Signal, Timeline, and suite truth gates)	2026-09-05T23:41:31.5225678Z ok 224 - security.ts server reads are guarded before Clerk or DB calls
verify	Test (includes calendar, Signal, Timeline, and suite truth gates)	2026-09-05T23:41:31.5225939Z   ---
verify	Test (includes calendar, Signal, Timeline, and suite truth gates)	2026-09-05T23:41:31.5226086Z   duration_ms: 0.098255
verify	Test (includes calendar, Signal, Timeline, and suite truth gates)	2026-09-05T23:41:31.5226259Z   type: 'test'
verify	Test (includes calendar, Signal, Timeline, and suite truth gates)	2026-09-05T23:41:31.5226407Z   ...
verify	Test (includes calendar, Signal, Timeline, and suite truth gates)	2026-09-05T23:41:31.5226631Z # Subtest: createShareLinkAction clamps mode to view
verify	Test (includes calendar, Signal, Timeline, and suite truth gates)	2026-09-05T23:41:31.5226934Z ok 225 - createShareLinkAction clamps mode to view
verify	Test (includes calendar, Signal, Timeline, and suite truth gates)	2026-09-05T23:41:31.5227166Z   ---
verify	Test (includes calendar, Signal, Timeline, and suite truth gates)	2026-09-05T23:41:31.5227323Z   duration_ms: 0.10835
verify	Test (includes calendar, Signal, Timeline, and suite truth gates)	2026-09-05T23:41:31.5227494Z   type: 'test'
verify	Test (includes calendar, Signal, Timeline, and suite truth gates)	2026-09-05T23:41:31.5227649Z   ...
verify	Test (includes calendar, Signal, Timeline, and suite truth gates)	2026-09-05T23:41:31.5227932Z # Subtest: every tenant-scoped read is tenant-scoped or explicitly waived
verify	Test (includes calendar, Signal, Timeline, and suite truth gates)	2026-09-05T23:41:31.5228470Z ok 226 - every tenant-scoped read is tenant-scoped or explicitly waived
verify	Test (includes calendar, Signal, Timeline, and suite truth gates)	2026-09-05T23:41:31.5228800Z   ---
verify	Test (includes calendar, Signal, Timeline, and suite truth gates)	2026-09-05T23:41:31.5228955Z   duration_ms: 95.055608
verify	Test (includes calendar, Signal, Timeline, and suite truth gates)	2026-09-05T23:41:31.5229131Z   type: 'test'
verify	Test (includes calendar, Signal, Timeline, and suite truth gates)	2026-09-05T23:41:31.5229290Z   ...
verify	Test (includes calendar, Signal, Timeline, and suite truth gates)	2026-09-05T23:41:31.5229566Z # Subtest: every tenant-keyed table is governed (schema drift guard)
verify	Test (includes calendar, Signal, Timeline, and suite truth gates)	2026-09-05T23:41:31.5229941Z ok 227 - every tenant-keyed table is governed (schema drift guard)
verify	Test (includes calendar, Signal, Timeline, and suite truth gates)	2026-09-05T23:41:31.5230193Z   ---
verify	Test (includes calendar, Signal, Timeline, and suite truth gates)	2026-09-05T23:41:31.5230344Z   duration_ms: 1.124209
verify	Test (includes calendar, Signal, Timeline, and suite truth gates)	2026-09-05T23:41:31.5230510Z   type: 'test'
verify	Test (includes calendar, Signal, Timeline, and suite truth gates)	2026-09-05T23:41:31.5230660Z   ...
verify	Test (includes calendar, Signal, Timeline, and suite truth gates)	2026-09-05T23:41:31.5230916Z # Subtest: a sponsor-scoped read never projects couple content
verify	Test (includes calendar, Signal, Timeline, and suite truth gates)	2026-09-05T23:41:31.5231267Z ok 228 - a sponsor-scoped read never projects couple content
verify	Test (includes calendar, Signal, Timeline, and suite truth gates)	2026-09-05T23:41:31.5231513Z   ---
verify	Test (includes calendar, Signal, Timeline, and suite truth gates)	2026-09-05T23:41:31.5231663Z   duration_ms: 0.3319
verify	Test (includes calendar, Signal, Timeline, and suite truth gates)	2026-09-05T23:41:31.5231837Z   type: 'test'
verify	Test (includes calendar, Signal, Timeline, and suite truth gates)	2026-09-05T23:41:31.5231982Z   ...
verify	Test (includes calendar, Signal, Timeline, and suite truth gates)	2026-09-05T23:41:31.5232119Z 1..228
verify	Test (includes calendar, Signal, Timeline, and suite truth gates)	2026-09-05T23:41:31.5232271Z # tests 228
verify	Test (includes calendar, Signal, Timeline, and suite truth gates)	2026-09-05T23:41:31.5232421Z # suites 0
verify	Test (includes calendar, Signal, Timeline, and suite truth gates)	2026-09-05T23:41:31.5232570Z # pass 227
verify	Test (includes calendar, Signal, Timeline, and suite truth gates)	2026-09-05T23:41:31.5232718Z # fail 1
verify	Test (includes calendar, Signal, Timeline, and suite truth gates)	2026-09-05T23:41:31.5232873Z # cancelled 0
verify	Test (includes calendar, Signal, Timeline, and suite truth gates)	2026-09-05T23:41:31.5233031Z # skipped 0
verify	Test (includes calendar, Signal, Timeline, and suite truth gates)	2026-09-05T23:41:31.5233187Z # todo 0
verify	Test (includes calendar, Signal, Timeline, and suite truth gates)	2026-09-05T23:41:31.5233360Z # duration_ms 2961.024001
verify	Test (includes calendar, Signal, Timeline, and suite truth gates)	2026-09-05T23:41:31.5289895Z [ELIFECYCLE] Test failed. See above for more details.
verify	Test (includes calendar, Signal, Timeline, and suite truth gates)	2026-09-05T23:41:31.5520002Z ##[error]Process completed with exit code 1.
